txn_id,source,txn_date,month,description,amount,category,category_group
B1,bank,2021-10-01,2021-10-01,UPI/P2P/410000015838/LAKSHMI/maid salary,-3000.00,Household help,Fixed
B10,bank,2021-10-05,2021-10-01,NACH/SBI/EDUCATION LOAN EMI/EDU-01,-12896.00,Loan EMIs,Fixed
B100,bank,2022-01-07,2022-01-01,UPI/P2M/410000673115/UBER INDIA,-640.00,Transport,Discretionary
B1000,bank,2024-07-09,2024-07-01,UPI/P2M/410005883817/SWIGGY,-1538.00,Dining and delivery,Discretionary
B1001,bank,2024-07-10,2024-07-01,UPI/P2M/410005836303/ZEPTO,-2466.00,Groceries,Discretionary
B1002,bank,2024-07-10,2024-07-01,UPI/P2M/410005907574/RAPIDO,-200.00,Transport,Discretionary
B1003,bank,2024-07-11,2024-07-01,UPI/P2M/410005899655/HYD METRO RAIL,-814.00,Transport,Discretionary
B1004,bank,2024-07-13,2024-07-01,UPI/P2M/410005852141/BLINKIT,-2164.00,Groceries,Discretionary
B1005,bank,2024-07-14,2024-07-01,BBPS/TGSPDCL/ELECTRICITY BILL,-1610.00,Utilities,Fixed
B1006,bank,2024-07-17,2024-07-01,UPI/P2M/410005923412/APOLLO PHARMACY,-602.00,Health,Discretionary
B1007,bank,2024-07-18,2024-07-01,UPI/P2M/410005860060/SWIGGY,-2242.00,Dining and delivery,Discretionary
B1008,bank,2024-07-24,2024-07-01,UPI/P2M/410005844222/BIGBASKET,-2197.00,Groceries,Discretionary
B1009,bank,2024-07-24,2024-07-01,ATM WDL/410005931331/HITECH CITY,-2500.00,Cash withdrawal,Discretionary
B101,bank,2022-01-07,2022-01-01,NACH/BSE STAR MF/NIFTY 50 INDEX FUND SIP,-6000.00,Equity fund,Investments
B1010,bank,2024-07-25,2024-07-01,UPI/P2M/410005915493/OLA CABS,-298.00,Transport,Discretionary
B1011,bank,2024-07-27,2024-07-01,UPI/P2M/410005891736/SWIGGY,-670.00,Dining and delivery,Discretionary
B1012,bank,2024-07-28,2024-07-01,UPI/P2M/410005867979/SWIGGY,-551.00,Dining and delivery,Discretionary
B1013,bank,2024-07-30,2024-07-01,NEFT/VERTEXA TECHNOLOGIES PVT LTD/SALARY JUL24,156442.00,Salary,Income
B1014,bank,2024-08-01,2024-08-01,UPI/P2P/410005955088/LAKSHMI/maid salary,-3500.00,Household help,Fixed
B1015,bank,2024-08-02,2024-08-01,IMPS/410005947169/TO FATHER/monthly support,-7100.00,Family support,Fixed
B1016,bank,2024-08-02,2024-08-01,UPI/P2M/410005994683/ZEPTO,-2141.00,Groceries,Discretionary
B1017,bank,2024-08-02,2024-08-01,UPI/P2M/410006050116/OLA CABS,-634.00,Transport,Discretionary
B1018,bank,2024-08-03,2024-08-01,UPI/P2P/410005939250/SUNITA REDDY/Rent,-24000.00,Rent,Fixed
B1019,bank,2024-08-03,2024-08-01,CC BILL PAYMENT/HDFC CC XX4321,-17931.00,Card bill payment,Transfer
B102,bank,2022-01-08,2022-01-01,UPI/P2M/410000601844/BLINKIT,-2824.00,Groceries,Discretionary
B1020,bank,2024-08-04,2024-08-01,UPI/P2M/410006018440/ZOMATO,-1032.00,Dining and delivery,Discretionary
B1021,bank,2024-08-05,2024-08-01,NACH/ACT FIBERNET/BROADBAND,-1060.00,Utilities,Fixed
B1022,bank,2024-08-05,2024-08-01,NACH/SBI/EDUCATION LOAN EMI/EDU-01,-12896.00,Loan EMIs,Fixed
B1023,bank,2024-08-05,2024-08-01,NACH/HDFC BANK/CAR LOAN EMI/CAR-01,-13493.00,Loan EMIs,Fixed
B1024,bank,2024-08-05,2024-08-01,UPI/P2M/410006058035/OLA CABS,-180.00,Transport,Discretionary
B1025,bank,2024-08-07,2024-08-01,UPI/P2M/410005963007/AIRTEL PREPAID,-349.00,Utilities,Fixed
B1026,bank,2024-08-07,2024-08-01,NACH/BSE STAR MF/NIFTY 50 INDEX FUND SIP,-16500.00,Equity fund,Investments
B1027,bank,2024-08-07,2024-08-01,NACH/BSE STAR MF/SHORT TERM DEBT FUND SIP,-3000.00,Debt fund,Investments
B1028,bank,2024-08-12,2024-08-01,BBPS/TGSPDCL/ELECTRICITY BILL,-1620.00,Utilities,Fixed
B1029,bank,2024-08-14,2024-08-01,UPI/P2M/410006034278/SWIGGY,-2262.00,Dining and delivery,Discretionary
B103,bank,2022-01-08,2022-01-01,UPI/P2M/410000633520/SWIGGY,-328.00,Dining and delivery,Discretionary
B1030,bank,2024-08-15,2024-08-01,UPI/P2M/410006042197/UBER INDIA,-429.00,Transport,Discretionary
B1031,bank,2024-08-16,2024-08-01,UPI/P2M/410006065954/APOLLO PHARMACY,-978.00,Health,Discretionary
B1032,bank,2024-08-16,2024-08-01,NEFT/ZERODHA BROKING/FUNDS ADDED,-39107.00,REIT,Investments
B1033,bank,2024-08-17,2024-08-01,UPI/P2M/410006010521/ZOMATO,-1524.00,Dining and delivery,Discretionary
B1034,bank,2024-08-20,2024-08-01,UPI/P2M/410005970926/BLINKIT,-2181.00,Groceries,Discretionary
B1035,bank,2024-08-20,2024-08-01,UPI/P2M/410005978845/BIGBASKET,-1014.00,Groceries,Discretionary
B1036,bank,2024-08-20,2024-08-01,UPI/P2M/410005986764/BLINKIT,-333.00,Groceries,Discretionary
B1037,bank,2024-08-23,2024-08-01,ATM WDL/410006073873/HITECH CITY,-2000.00,Cash withdrawal,Discretionary
B1038,bank,2024-08-25,2024-08-01,UPI/P2M/410006026359/ZOMATO,-1440.00,Dining and delivery,Discretionary
B1039,bank,2024-08-27,2024-08-01,UPI/P2M/410006002602/BIGBASKET,-2129.00,Groceries,Discretionary
B104,bank,2022-01-11,2022-01-01,BBPS/TGSPDCL/ELECTRICITY BILL,-1427.00,Utilities,Fixed
B1040,bank,2024-08-30,2024-08-01,NEFT/VERTEXA TECHNOLOGIES PVT LTD/SALARY AUG24,156442.00,Salary,Income
B1041,bank,2024-09-01,2024-09-01,UPI/P2P/410006097630/LAKSHMI/maid salary,-3600.00,Household help,Fixed
B1042,bank,2024-09-01,2024-09-01,UPI/P2M/410006121387/BLINKIT,-899.00,Groceries,Discretionary
B1043,bank,2024-09-01,2024-09-01,UPI/P2M/410006168901/OLA CABS,-95.00,Transport,Discretionary
B1044,bank,2024-09-02,2024-09-01,IMPS/410006089711/TO FATHER/monthly support,-7100.00,Family support,Fixed
B1045,bank,2024-09-02,2024-09-01,UPI/P2M/410006137225/BIGBASKET,-1483.00,Groceries,Discretionary
B1046,bank,2024-09-03,2024-09-01,UPI/P2P/410006081792/SUNITA REDDY/Rent,-24000.00,Rent,Fixed
B1047,bank,2024-09-03,2024-09-01,CC BILL PAYMENT/HDFC CC XX4321,-16946.00,Card bill payment,Transfer
B1048,bank,2024-09-05,2024-09-01,NACH/ACT FIBERNET/BROADBAND,-1060.00,Utilities,Fixed
B1049,bank,2024-09-05,2024-09-01,NACH/SBI/EDUCATION LOAN EMI/EDU-01,-12896.00,Loan EMIs,Fixed
B105,bank,2022-01-11,2022-01-01,ATM WDL/410000720629/HITECH CITY,-3000.00,Cash withdrawal,Discretionary
B1050,bank,2024-09-05,2024-09-01,NACH/HDFC BANK/CAR LOAN EMI/CAR-01,-13493.00,Loan EMIs,Fixed
B1051,bank,2024-09-07,2024-09-01,NACH/BSE STAR MF/NIFTY 50 INDEX FUND SIP,-16500.00,Equity fund,Investments
B1052,bank,2024-09-07,2024-09-01,NACH/BSE STAR MF/SHORT TERM DEBT FUND SIP,-3000.00,Debt fund,Investments
B1053,bank,2024-09-09,2024-09-01,UPI/P2M/410006105549/AIRTEL PREPAID,-349.00,Utilities,Fixed
B1054,bank,2024-09-11,2024-09-01,UPI/P2M/410006113468/ZEPTO,-1094.00,Groceries,Discretionary
B1055,bank,2024-09-13,2024-09-01,BBPS/TGSPDCL/ELECTRICITY BILL,-1955.00,Utilities,Fixed
B1056,bank,2024-09-13,2024-09-01,UPI/P2M/410006145144/ZEPTO,-970.00,Groceries,Discretionary
B1057,bank,2024-09-13,2024-09-01,UPI/P2M/410006184739/UBER INDIA,-182.00,Transport,Discretionary
B1058,bank,2024-09-14,2024-09-01,UPI/P2M/410006129306/BIGBASKET,-358.00,Groceries,Discretionary
B1059,bank,2024-09-16,2024-09-01,UPI/P2M/410006216415/RAPIDO,-181.00,Transport,Discretionary
B106,bank,2022-01-12,2022-01-01,UPI/P2M/410000688953/UBER INDIA,-118.00,Transport,Discretionary
B1060,bank,2024-09-19,2024-09-01,UPI/P2M/410006153063/SWIGGY,-505.00,Dining and delivery,Discretionary
B1061,bank,2024-09-19,2024-09-01,UPI/P2M/410006192658/HYD METRO RAIL,-456.00,Transport,Discretionary
B1062,bank,2024-09-20,2024-09-01,UPI/P2M/410006160982/ZOMATO,-666.00,Dining and delivery,Discretionary
B1063,bank,2024-09-20,2024-09-01,UPI/P2M/410006200577/RAPIDO,-220.00,Transport,Discretionary
B1064,bank,2024-09-20,2024-09-01,UPI/P2M/410006208496/HYD METRO RAIL,-208.00,Transport,Discretionary
B1065,bank,2024-09-21,2024-09-01,UPI/P2M/410006176820/UBER INDIA,-295.00,Transport,Discretionary
B1066,bank,2024-09-22,2024-09-01,ATM WDL/410006232253/HITECH CITY,-2000.00,Cash withdrawal,Discretionary
B1067,bank,2024-09-24,2024-09-01,UPI/P2M/410006224334/APOLLO PHARMACY,-418.00,Health,Discretionary
B1068,bank,2024-09-29,2024-09-01,NEFT/VERTEXA TECHNOLOGIES PVT LTD/SALARY SEP24,156442.00,Salary,Income
B1069,bank,2024-10-01,2024-10-01,UPI/P2P/410006256010/LAKSHMI/maid salary,-3600.00,Household help,Fixed
B107,bank,2022-01-16,2022-01-01,UPI/P2M/410000578087/BLINKIT,-2766.00,Groceries,Discretionary
B1070,bank,2024-10-02,2024-10-01,IMPS/410006248091/TO FATHER/monthly support,-7100.00,Family support,Fixed
B1071,bank,2024-10-03,2024-10-01,UPI/P2P/410006240172/SUNITA REDDY/Rent,-24000.00,Rent,Fixed
B1072,bank,2024-10-03,2024-10-01,CC BILL PAYMENT/HDFC CC XX4321,-23968.00,Card bill payment,Transfer
B1073,bank,2024-10-05,2024-10-01,NACH/ACT FIBERNET/BROADBAND,-1060.00,Utilities,Fixed
B1074,bank,2024-10-05,2024-10-01,NACH/HDFC BANK/CAR LOAN EMI/CAR-01,-13493.00,Loan EMIs,Fixed
B1075,bank,2024-10-06,2024-10-01,UPI/P2M/410006263929/AIRTEL PREPAID,-349.00,Utilities,Fixed
B1076,bank,2024-10-06,2024-10-01,UPI/P2M/410006351038/RAPIDO,-350.00,Transport,Discretionary
B1077,bank,2024-10-07,2024-10-01,UPI/P2M/410006271848/BLINKIT,-462.00,Groceries,Discretionary
B1078,bank,2024-10-07,2024-10-01,UPI/P2M/410006358957/APOLLO PHARMACY,-533.00,Health,Discretionary
B1079,bank,2024-10-07,2024-10-01,NACH/BSE STAR MF/NIFTY 50 INDEX FUND SIP,-16500.00,Equity fund,Investments
B108,bank,2022-01-19,2022-01-01,UPI/P2M/410000712710/APOLLO PHARMACY,-708.00,Health,Discretionary
B1080,bank,2024-10-07,2024-10-01,NACH/BSE STAR MF/SHORT TERM DEBT FUND SIP,-3000.00,Debt fund,Investments
B1081,bank,2024-10-09,2024-10-01,UPI/P2M/410006343119/RAPIDO,-240.00,Transport,Discretionary
B1082,bank,2024-10-10,2024-10-01,UPI/P2M/410006374795/TANISHQ / DIWALI GIFTS,-12757.00,Gifts and festivals,Discretionary
B1083,bank,2024-10-11,2024-10-01,UPI/P2M/410006295605/BIGBASKET,-1944.00,Groceries,Discretionary
B1084,bank,2024-10-13,2024-10-01,BBPS/TGSPDCL/ELECTRICITY BILL,-1923.00,Utilities,Fixed
B1085,bank,2024-10-13,2024-10-01,UPI/P2M/410006311443/HYD METRO RAIL,-296.00,Transport,Discretionary
B1086,bank,2024-10-14,2024-10-01,UPI/P2M/410006327281/RAPIDO,-289.00,Transport,Discretionary
B1087,bank,2024-10-16,2024-10-01,UPI/P2M/410006279767/ZEPTO,-1025.00,Groceries,Discretionary
B1088,bank,2024-10-20,2024-10-01,UPI/P2M/410006319362/RAPIDO,-107.00,Transport,Discretionary
B1089,bank,2024-10-24,2024-10-01,UPI/P2M/410006303524/SWIGGY,-950.00,Dining and delivery,Discretionary
B109,bank,2022-01-24,2022-01-01,UPI/P2M/410000704791/UBER INDIA,-468.00,Transport,Discretionary
B1090,bank,2024-10-24,2024-10-01,ATM WDL/410006366876/HITECH CITY,-2000.00,Cash withdrawal,Discretionary
B1091,bank,2024-10-25,2024-10-01,UPI/P2M/410006287686/ZEPTO,-3801.00,Groceries,Discretionary
B1092,bank,2024-10-25,2024-10-01,UPI/P2M/410006335200/UBER INDIA,-423.00,Transport,Discretionary
B1093,bank,2024-10-30,2024-10-01,NEFT/VERTEXA TECHNOLOGIES PVT LTD/SALARY OCT24,156442.00,Salary,Income
B1094,bank,2024-11-01,2024-11-01,UPI/P2P/410006398552/LAKSHMI/maid salary,-3600.00,Household help,Fixed
B1095,bank,2024-11-01,2024-11-01,UPI/P2M/410006549013/TANISHQ / DIWALI GIFTS,-10260.00,Gifts and festivals,Discretionary
B1096,bank,2024-11-02,2024-11-01,IMPS/410006390633/TO FATHER/monthly support,-7200.00,Family support,Fixed
B1097,bank,2024-11-02,2024-11-01,UPI/P2M/410006414390/ZEPTO,-675.00,Groceries,Discretionary
B1098,bank,2024-11-03,2024-11-01,UPI/P2P/410006382714/SUNITA REDDY/Rent,-24000.00,Rent,Fixed
B1099,bank,2024-11-03,2024-11-01,CC BILL PAYMENT/HDFC CC XX4321,-26659.00,Card bill payment,Transfer
B11,bank,2021-10-06,2021-10-01,ATM WDL/410000174218/HITECH CITY,-2500.00,Cash withdrawal,Discretionary
B110,bank,2022-01-25,2022-01-01,UPI/P2M/410000665196/HYD METRO RAIL,-612.00,Transport,Discretionary
B1100,bank,2024-11-05,2024-11-01,NACH/ACT FIBERNET/BROADBAND,-1060.00,Utilities,Fixed
B1101,bank,2024-11-05,2024-11-01,NACH/HDFC BANK/CAR LOAN EMI/CAR-01,-13493.00,Loan EMIs,Fixed
B1102,bank,2024-11-07,2024-11-01,UPI/P2M/410006406471/AIRTEL PREPAID,-349.00,Utilities,Fixed
B1103,bank,2024-11-07,2024-11-01,UPI/P2M/410006477742/ZOMATO,-895.00,Dining and delivery,Discretionary
B1104,bank,2024-11-07,2024-11-01,NACH/BSE STAR MF/NIFTY 50 INDEX FUND SIP,-16500.00,Equity fund,Investments
B1105,bank,2024-11-07,2024-11-01,NACH/BSE STAR MF/SHORT TERM DEBT FUND SIP,-3000.00,Debt fund,Investments
B1106,bank,2024-11-08,2024-11-01,UPI/P2M/410006485661/SWIGGY,-845.00,Dining and delivery,Discretionary
B1107,bank,2024-11-08,2024-11-01,UPI/P2M/410006509418/OLA CABS,-318.00,Transport,Discretionary
B1108,bank,2024-11-10,2024-11-01,ATM WDL/410006541094/HITECH CITY,-2500.00,Cash withdrawal,Discretionary
B1109,bank,2024-11-10,2024-11-01,BSE STAR MF/NIFTY 50 INDEX FUND LUMPSUM,-240000.00,Equity fund,Investments
B111,bank,2022-01-27,2022-01-01,UPI/P2M/410000617682/SWIGGY,-60.00,Dining and delivery,Discretionary
B1110,bank,2024-11-14,2024-11-01,BBPS/TGSPDCL/ELECTRICITY BILL,-1830.00,Utilities,Fixed
B1111,bank,2024-11-14,2024-11-01,UPI/P2M/410006446066/ZEPTO,-978.00,Groceries,Discretionary
B1112,bank,2024-11-14,2024-11-01,UPI/P2M/410006525256/OLA CABS,-561.00,Transport,Discretionary
B1113,bank,2024-11-15,2024-11-01,UPI/P2M/410006517337/OLA CABS,-419.00,Transport,Discretionary
B1114,bank,2024-11-16,2024-11-01,UPI/P2M/410006438147/BIGBASKET,-2048.00,Groceries,Discretionary
B1115,bank,2024-11-17,2024-11-01,UPI/P2M/410006469823/SWIGGY,-1144.00,Dining and delivery,Discretionary
B1116,bank,2024-11-17,2024-11-01,UPI/P2M/410006501499/SWIGGY,-871.00,Dining and delivery,Discretionary
B1117,bank,2024-11-18,2024-11-01,UPI/P2M/410006533175/APOLLO PHARMACY,-606.00,Health,Discretionary
B1118,bank,2024-11-19,2024-11-01,UPI/P2M/410006493580/SWIGGY,-394.00,Dining and delivery,Discretionary
B1119,bank,2024-11-20,2024-11-01,UPI/P2M/410006453985/BIGBASKET,-973.00,Groceries,Discretionary
B112,bank,2022-01-27,2022-01-01,UPI/P2M/410000696872/RAPIDO,-673.00,Transport,Discretionary
B1120,bank,2024-11-23,2024-11-01,UPI/P2M/410006430228/ZEPTO,-3135.00,Groceries,Discretionary
B1121,bank,2024-11-25,2024-11-01,ACH/OFFICE REIT/DISTRIBUTION,638.00,Investment income,Income
B1122,bank,2024-11-25,2024-11-01,UPI/P2M/410006461904/SWIGGY,-1336.00,Dining and delivery,Discretionary
B1123,bank,2024-11-27,2024-11-01,UPI/P2M/410006422309/BIGBASKET,-1457.00,Groceries,Discretionary
B1124,bank,2024-11-29,2024-11-01,NEFT/VERTEXA TECHNOLOGIES PVT LTD/SALARY NOV24,156442.00,Salary,Income
B1125,bank,2024-12-01,2024-12-01,UPI/P2P/410006572770/LAKSHMI/maid salary,-3600.00,Household help,Fixed
B1126,bank,2024-12-02,2024-12-01,IMPS/410006564851/TO FATHER/monthly support,-7200.00,Family support,Fixed
B1127,bank,2024-12-02,2024-12-01,UPI/P2M/410006659879/UBER INDIA,-73.00,Transport,Discretionary
B1128,bank,2024-12-03,2024-12-01,UPI/P2P/410006556932/SUNITA REDDY/Rent,-24000.00,Rent,Fixed
B1129,bank,2024-12-03,2024-12-01,UPI/P2M/410006620284/ZEPTO,-2305.00,Groceries,Discretionary
B113,bank,2022-01-28,2022-01-01,UPI/P2M/410000593925/ZEPTO,-1159.00,Groceries,Discretionary
B1130,bank,2024-12-03,2024-12-01,UPI/P2M/410006691555/OLA CABS,-202.00,Transport,Discretionary
B1131,bank,2024-12-03,2024-12-01,CC BILL PAYMENT/HDFC CC XX4321,-22929.00,Card bill payment,Transfer
B1132,bank,2024-12-05,2024-12-01,NACH/ACT FIBERNET/BROADBAND,-1060.00,Utilities,Fixed
B1133,bank,2024-12-05,2024-12-01,NACH/HDFC BANK/CAR LOAN EMI/CAR-01,-13493.00,Loan EMIs,Fixed
B1134,bank,2024-12-06,2024-12-01,UPI/P2M/410006580689/AIRTEL PREPAID,-349.00,Utilities,Fixed
B1135,bank,2024-12-06,2024-12-01,UPI/P2M/410006604446/BIGBASKET,-1621.00,Groceries,Discretionary
B1136,bank,2024-12-07,2024-12-01,NACH/BSE STAR MF/NIFTY 50 INDEX FUND SIP,-16500.00,Equity fund,Investments
B1137,bank,2024-12-07,2024-12-01,NACH/BSE STAR MF/SHORT TERM DEBT FUND SIP,-3000.00,Debt fund,Investments
B1138,bank,2024-12-09,2024-12-01,UPI/P2M/410006588608/BIGBASKET,-918.00,Groceries,Discretionary
B1139,bank,2024-12-09,2024-12-01,UPI/P2M/410006596527/ZEPTO,-685.00,Groceries,Discretionary
B114,bank,2022-01-28,2022-01-01,UPI/P2M/410000641439/ZOMATO,-230.00,Dining and delivery,Discretionary
B1140,bank,2024-12-10,2024-12-01,UPI/P2M/410006628203/SWIGGY,-1566.00,Dining and delivery,Discretionary
B1141,bank,2024-12-11,2024-12-01,BBPS/TGSPDCL/ELECTRICITY BILL,-1715.00,Utilities,Fixed
B1142,bank,2024-12-16,2024-12-01,UPI/P2M/410006699474/UBER INDIA,-579.00,Transport,Discretionary
B1143,bank,2024-12-22,2024-12-01,UPI/P2M/410006715312/APOLLO PHARMACY,-762.00,Health,Discretionary
B1144,bank,2024-12-23,2024-12-01,UPI/P2M/410006636122/SWIGGY,-604.00,Dining and delivery,Discretionary
B1145,bank,2024-12-23,2024-12-01,UPI/P2M/410006667798/OLA CABS,-82.00,Transport,Discretionary
B1146,bank,2024-12-23,2024-12-01,ATM WDL/410006723231/HITECH CITY,-2500.00,Cash withdrawal,Discretionary
B1147,bank,2024-12-24,2024-12-01,UPI/P2M/410006644041/ZOMATO,-606.00,Dining and delivery,Discretionary
B1148,bank,2024-12-24,2024-12-01,UPI/P2M/410006683636/UBER INDIA,-193.00,Transport,Discretionary
B1149,bank,2024-12-25,2024-12-01,UPI/P2M/410006707393/RAPIDO,-183.00,Transport,Discretionary
B115,bank,2022-01-30,2022-01-01,NEFT/NIMBUS SOFTWARE PVT LTD/SALARY JAN22,95837.00,Salary,Income
B1150,bank,2024-12-27,2024-12-01,UPI/P2M/410006612365/BIGBASKET,-1326.00,Groceries,Discretionary
B1151,bank,2024-12-27,2024-12-01,UPI/P2M/410006651960/ZOMATO,-379.00,Dining and delivery,Discretionary
B1152,bank,2024-12-28,2024-12-01,UPI/P2M/410006675717/OLA CABS,-262.00,Transport,Discretionary
B1153,bank,2024-12-30,2024-12-01,NEFT/VERTEXA TECHNOLOGIES PVT LTD/SALARY DEC24,156442.00,Salary,Income
B1154,bank,2025-01-01,2025-01-01,UPI/P2P/410006746988/LAKSHMI/maid salary,-3600.00,Household help,Fixed
B1155,bank,2025-01-01,2025-01-01,UPI/P2M/410006762826/BLINKIT,-1458.00,Groceries,Discretionary
B1156,bank,2025-01-02,2025-01-01,IMPS/410006739069/TO FATHER/monthly support,-7300.00,Family support,Fixed
B1157,bank,2025-01-03,2025-01-01,UPI/P2P/410006731150/SUNITA REDDY/Rent,-24000.00,Rent,Fixed
B1158,bank,2025-01-03,2025-01-01,CC BILL PAYMENT/HDFC CC XX4321,-98853.00,Card bill payment,Transfer
B1159,bank,2025-01-04,2025-01-01,UPI/P2M/410006842016/OLA CABS,-472.00,Transport,Discretionary
B116,bank,2022-02-01,2022-02-01,UPI/P2P/410000744386/LAKSHMI/maid salary,-3100.00,Household help,Fixed
B1160,bank,2025-01-05,2025-01-01,NACH/ACT FIBERNET/BROADBAND,-1178.00,Utilities,Fixed
B1161,bank,2025-01-05,2025-01-01,NACH/HDFC BANK/CAR LOAN EMI/CAR-01,-13493.00,Loan EMIs,Fixed
B1162,bank,2025-01-06,2025-01-01,UPI/P2M/410006754907/AIRTEL PREPAID,-349.00,Utilities,Fixed
B1163,bank,2025-01-06,2025-01-01,UPI/P2M/410006786583/ZEPTO,-1962.00,Groceries,Discretionary
B1164,bank,2025-01-07,2025-01-01,NACH/BSE STAR MF/NIFTY 50 INDEX FUND SIP,-16500.00,Equity fund,Investments
B1165,bank,2025-01-07,2025-01-01,NACH/BSE STAR MF/SHORT TERM DEBT FUND SIP,-3000.00,Debt fund,Investments
B1166,bank,2025-01-09,2025-01-01,UPI/P2M/410006818259/ZOMATO,-1366.00,Dining and delivery,Discretionary
B1167,bank,2025-01-09,2025-01-01,UPI/P2M/410006834097/RAPIDO,-806.00,Transport,Discretionary
B1168,bank,2025-01-11,2025-01-01,UPI/P2M/410006770745/BIGBASKET,-1039.00,Groceries,Discretionary
B1169,bank,2025-01-12,2025-01-01,UPI/P2M/410006849935/APOLLO PHARMACY,-542.00,Health,Discretionary
B117,bank,2022-02-02,2022-02-01,IMPS/410000736467/TO FATHER/monthly support,-6100.00,Family support,Fixed
B1170,bank,2025-01-13,2025-01-01,BBPS/TGSPDCL/ELECTRICITY BILL,-1841.00,Utilities,Fixed
B1171,bank,2025-01-15,2025-01-01,UPI/P2M/410006802421/SWIGGY,-579.00,Dining and delivery,Discretionary
B1172,bank,2025-01-20,2025-01-01,ATM WDL/410006857854/HITECH CITY,-2000.00,Cash withdrawal,Discretionary
B1173,bank,2025-01-21,2025-01-01,UPI/P2M/410006794502/ZEPTO,-1994.00,Groceries,Discretionary
B1174,bank,2025-01-21,2025-01-01,UPI/P2M/410006810340/SWIGGY,-1156.00,Dining and delivery,Discretionary
B1175,bank,2025-01-22,2025-01-01,UPI/P2M/410006778664/ZEPTO,-1342.00,Groceries,Discretionary
B1176,bank,2025-01-23,2025-01-01,UPI/P2M/410006826178/HYD METRO RAIL,-178.00,Transport,Discretionary
B1177,bank,2025-01-30,2025-01-01,NEFT/VERTEXA TECHNOLOGIES PVT LTD/SALARY JAN25,156442.00,Salary,Income
B1178,bank,2025-02-01,2025-02-01,UPI/P2P/410006881611/LAKSHMI/maid salary,-3600.00,Household help,Fixed
B1179,bank,2025-02-02,2025-02-01,IMPS/410006873692/TO FATHER/monthly support,-7300.00,Family support,Fixed
B118,bank,2022-02-03,2022-02-01,UPI/P2P/410000728548/RAMESH K/Rent,-15000.00,Rent,Fixed
B1180,bank,2025-02-02,2025-02-01,UPI/P2M/410006984558/SWIGGY,-889.00,Dining and delivery,Discretionary
B1181,bank,2025-02-03,2025-02-01,UPI/P2P/410006865773/SUNITA REDDY/Rent,-24000.00,Rent,Fixed
B1182,bank,2025-02-03,2025-02-01,CC BILL PAYMENT/HDFC CC XX4321,-35409.00,Card bill payment,Transfer
B1183,bank,2025-02-05,2025-02-01,NACH/ACT FIBERNET/BROADBAND,-1178.00,Utilities,Fixed
B1184,bank,2025-02-05,2025-02-01,NACH/HDFC BANK/CAR LOAN EMI/CAR-01,-13493.00,Loan EMIs,Fixed
B1185,bank,2025-02-06,2025-02-01,UPI/P2M/410006889530/AIRTEL PREPAID,-349.00,Utilities,Fixed
B1186,bank,2025-02-06,2025-02-01,ATM WDL/410007039991/HITECH CITY,-2500.00,Cash withdrawal,Discretionary
B1187,bank,2025-02-07,2025-02-01,UPI/P2M/410006992477/ZOMATO,-661.00,Dining and delivery,Discretionary
B1188,bank,2025-02-07,2025-02-01,NACH/BSE STAR MF/NIFTY 50 INDEX FUND SIP,-16500.00,Equity fund,Investments
B1189,bank,2025-02-07,2025-02-01,NACH/BSE STAR MF/SHORT TERM DEBT FUND SIP,-3000.00,Debt fund,Investments
B119,bank,2022-02-03,2022-02-01,CC BILL PAYMENT/HDFC CC XX4321,-23482.00,Card bill payment,Transfer
B1190,bank,2025-02-08,2025-02-01,UPI/P2M/410007000396/SWIGGY,-561.00,Dining and delivery,Discretionary
B1191,bank,2025-02-08,2025-02-01,UPI/P2M/410007024153/UBER INDIA,-373.00,Transport,Discretionary
B1192,bank,2025-02-09,2025-02-01,UPI/P2M/410006905368/ZEPTO,-1546.00,Groceries,Discretionary
B1193,bank,2025-02-09,2025-02-01,UPI/P2M/410006952882/ZOMATO,-1943.00,Dining and delivery,Discretionary
B1194,bank,2025-02-09,2025-02-01,UPI/P2M/410007008315/UBER INDIA,-1012.00,Transport,Discretionary
B1195,bank,2025-02-11,2025-02-01,UPI/P2M/410006937044/BLINKIT,-1253.00,Groceries,Discretionary
B1196,bank,2025-02-12,2025-02-01,BBPS/TGSPDCL/ELECTRICITY BILL,-1564.00,Utilities,Fixed
B1197,bank,2025-02-12,2025-02-01,UPI/P2M/410006913287/BIGBASKET,-2533.00,Groceries,Discretionary
B1198,bank,2025-02-14,2025-02-01,UPI/P2M/410006897449/BLINKIT,-1032.00,Groceries,Discretionary
B1199,bank,2025-02-14,2025-02-01,UPI/P2M/410007032072/APOLLO PHARMACY,-585.00,Health,Discretionary
B12,bank,2021-10-07,2021-10-01,UPI/P2M/410000047514/BIGBASKET,-788.00,Groceries,Discretionary
B120,bank,2022-02-04,2022-02-01,UPI/P2M/410000807738/ZOMATO,-213.00,Dining and delivery,Discretionary
B1200,bank,2025-02-16,2025-02-01,UPI/P2M/410007016234/RAPIDO,-119.00,Transport,Discretionary
B1201,bank,2025-02-16,2025-02-01,NEFT/ZERODHA BROKING/FUNDS ADDED,-32541.00,REIT,Investments
B1202,bank,2025-02-17,2025-02-01,UPI/P2M/410006929125/BIGBASKET,-1466.00,Groceries,Discretionary
B1203,bank,2025-02-17,2025-02-01,UPI/P2M/410006976639/ZOMATO,-1578.00,Dining and delivery,Discretionary
B1204,bank,2025-02-21,2025-02-01,UPI/P2M/410006944963/SWIGGY,-538.00,Dining and delivery,Discretionary
B1205,bank,2025-02-22,2025-02-01,UPI/P2M/410006921206/ZEPTO,-656.00,Groceries,Discretionary
B1206,bank,2025-02-24,2025-02-01,UPI/P2M/410006968720/ZOMATO,-276.00,Dining and delivery,Discretionary
B1207,bank,2025-02-25,2025-02-01,ACH/OFFICE REIT/DISTRIBUTION,651.00,Investment income,Income
B1208,bank,2025-02-26,2025-02-01,UPI/P2M/410006960801/SWIGGY,-539.00,Dining and delivery,Discretionary
B1209,bank,2025-02-27,2025-02-01,NEFT/VERTEXA TECHNOLOGIES PVT LTD/SALARY FEB25,156442.00,Salary,Income
B121,bank,2022-02-05,2022-02-01,NACH/ACT FIBERNET/BROADBAND,-1060.00,Utilities,Fixed
B1210,bank,2025-03-01,2025-03-01,UPI/P2P/410007063748/LAKSHMI/maid salary,-3700.00,Household help,Fixed
B1211,bank,2025-03-01,2025-03-01,UPI/P2M/410007127100/SWIGGY,-1315.00,Dining and delivery,Discretionary
B1212,bank,2025-03-02,2025-03-01,IMPS/410007055829/TO FATHER/monthly support,-7300.00,Family support,Fixed
B1213,bank,2025-03-03,2025-03-01,UPI/P2P/410007047910/SUNITA REDDY/Rent,-25200.00,Rent,Fixed
B1214,bank,2025-03-03,2025-03-01,CC BILL PAYMENT/HDFC CC XX4321,-15908.00,Card bill payment,Transfer
B1215,bank,2025-03-04,2025-03-01,UPI/P2M/410007230047/UBER INDIA,-125.00,Transport,Discretionary
B1216,bank,2025-03-05,2025-03-01,NACH/ACT FIBERNET/BROADBAND,-1178.00,Utilities,Fixed
B1217,bank,2025-03-05,2025-03-01,NACH/HDFC BANK/CAR LOAN EMI/CAR-01,-13493.00,Loan EMIs,Fixed
B1218,bank,2025-03-07,2025-03-01,UPI/P2M/410007087505/BIGBASKET,-623.00,Groceries,Discretionary
B1219,bank,2025-03-07,2025-03-01,NACH/BSE STAR MF/NIFTY 50 INDEX FUND SIP,-16500.00,Equity fund,Investments
B122,bank,2022-02-05,2022-02-01,NACH/SBI/EDUCATION LOAN EMI/EDU-01,-12896.00,Loan EMIs,Fixed
B1220,bank,2025-03-07,2025-03-01,NACH/BSE STAR MF/SHORT TERM DEBT FUND SIP,-3000.00,Debt fund,Investments
B1221,bank,2025-03-08,2025-03-01,UPI/P2M/410007071667/AIRTEL PREPAID,-349.00,Utilities,Fixed
B1222,bank,2025-03-09,2025-03-01,UPI/P2M/410007103343/ZEPTO,-2996.00,Groceries,Discretionary
B1223,bank,2025-03-10,2025-03-01,BBPS/TGSPDCL/ELECTRICITY BILL,-1743.00,Utilities,Fixed
B1224,bank,2025-03-11,2025-03-01,UPI/P2M/410007111262/BIGBASKET,-748.00,Groceries,Discretionary
B1225,bank,2025-03-11,2025-03-01,UPI/P2M/410007119181/BLINKIT,-742.00,Groceries,Discretionary
B1226,bank,2025-03-11,2025-03-01,UPI/P2M/410007245885/APOLLO PHARMACY,-486.00,Health,Discretionary
B1227,bank,2025-03-12,2025-03-01,UPI/P2M/410007142938/SWIGGY,-765.00,Dining and delivery,Discretionary
B1228,bank,2025-03-13,2025-03-01,UPI/P2M/410007095424/BLINKIT,-1948.00,Groceries,Discretionary
B1229,bank,2025-03-13,2025-03-01,UPI/P2M/410007198371/UBER INDIA,-60.00,Transport,Discretionary
B123,bank,2022-02-06,2022-02-01,UPI/P2M/410000823576/SWIGGY,-489.00,Dining and delivery,Discretionary
B1230,bank,2025-03-14,2025-03-01,UPI/P2M/410007166695/SWIGGY,-1499.00,Dining and delivery,Discretionary
B1231,bank,2025-03-14,2025-03-01,UPI/P2M/410007174614/ZOMATO,-1186.00,Dining and delivery,Discretionary
B1232,bank,2025-03-16,2025-03-01,UPI/P2M/410007190452/OLA CABS,-188.00,Transport,Discretionary
B1233,bank,2025-03-19,2025-03-01,UPI/P2M/410007206290/HYD METRO RAIL,-365.00,Transport,Discretionary
B1234,bank,2025-03-21,2025-03-01,NEFT/ICICI LOMBARD/MOTOR INSURANCE,-17415.00,Insurance,Fixed
B1235,bank,2025-03-21,2025-03-01,UPI/P2M/410007079586/BIGBASKET,-1856.00,Groceries,Discretionary
B1236,bank,2025-03-22,2025-03-01,UPI/P2M/410007150857/ZOMATO,-212.00,Dining and delivery,Discretionary
B1237,bank,2025-03-22,2025-03-01,UPI/P2M/410007182533/ZOMATO,-817.00,Dining and delivery,Discretionary
B1238,bank,2025-03-22,2025-03-01,UPI/P2M/410007237966/RAPIDO,-241.00,Transport,Discretionary
B1239,bank,2025-03-23,2025-03-01,UPI/P2M/410007135019/ZOMATO,-921.00,Dining and delivery,Discretionary
B124,bank,2022-02-06,2022-02-01,UPI/P2M/410000839414/HYD METRO RAIL,-665.00,Transport,Discretionary
B1240,bank,2025-03-24,2025-03-01,UPI/P2M/410007214209/UBER INDIA,-112.00,Transport,Discretionary
B1241,bank,2025-03-24,2025-03-01,UPI/P2M/410007222128/RAPIDO,-165.00,Transport,Discretionary
B1242,bank,2025-03-24,2025-03-01,ATM WDL/410007253804/HITECH CITY,-2000.00,Cash withdrawal,Discretionary
B1243,bank,2025-03-26,2025-03-01,UPI/P2M/410007158776/SWIGGY,-537.00,Dining and delivery,Discretionary
B1244,bank,2025-03-30,2025-03-01,NEFT/VERTEXA TECHNOLOGIES PVT LTD/SALARY MAR25,156442.00,Salary,Income
B1245,bank,2025-04-01,2025-04-01,UPI/P2P/410007277561/LAKSHMI/maid salary,-3700.00,Household help,Fixed
B1246,bank,2025-04-02,2025-04-01,IMPS/410007269642/TO FATHER/monthly support,-7400.00,Family support,Fixed
B1247,bank,2025-04-02,2025-04-01,UPI/P2M/410007396346/UBER INDIA,-424.00,Transport,Discretionary
B1248,bank,2025-04-03,2025-04-01,UPI/P2P/410007261723/SUNITA REDDY/Rent,-25200.00,Rent,Fixed
B1249,bank,2025-04-03,2025-04-01,UPI/P2M/410007372589/SWIGGY,-2020.00,Dining and delivery,Discretionary
B125,bank,2022-02-07,2022-02-01,UPI/P2M/410000752305/AIRTEL PREPAID,-299.00,Utilities,Fixed
B1250,bank,2025-04-03,2025-04-01,CC BILL PAYMENT/HDFC CC XX4321,-13864.00,Card bill payment,Transfer
B1251,bank,2025-04-04,2025-04-01,UPI/P2M/410007412184/APOLLO PHARMACY,-403.00,Health,Discretionary
B1252,bank,2025-04-04,2025-04-01,TRF TO PPF A/C 3021XXXX88,-90000.00,PPF,Investments
B1253,bank,2025-04-05,2025-04-01,NACH/ACT FIBERNET/BROADBAND,-1178.00,Utilities,Fixed
B1254,bank,2025-04-05,2025-04-01,NACH/HDFC BANK/CAR LOAN EMI/CAR-01,-13493.00,Loan EMIs,Fixed
B1255,bank,2025-04-07,2025-04-01,NACH/BSE STAR MF/NIFTY 50 INDEX FUND SIP,-18200.00,Equity fund,Investments
B1256,bank,2025-04-07,2025-04-01,NACH/BSE STAR MF/SHORT TERM DEBT FUND SIP,-3000.00,Debt fund,Investments
B1257,bank,2025-04-08,2025-04-01,UPI/P2M/410007285480/AIRTEL PREPAID,-349.00,Utilities,Fixed
B1258,bank,2025-04-08,2025-04-01,UPI/P2M/410007340913/ZOMATO,-285.00,Dining and delivery,Discretionary
B1259,bank,2025-04-11,2025-04-01,UPI/P2M/410007364670/SWIGGY,-1738.00,Dining and delivery,Discretionary
B126,bank,2022-02-07,2022-02-01,NACH/BSE STAR MF/NIFTY 50 INDEX FUND SIP,-6000.00,Equity fund,Investments
B1260,bank,2025-04-12,2025-04-01,BBPS/TGSPDCL/ELECTRICITY BILL,-3631.00,Utilities,Fixed
B1261,bank,2025-04-15,2025-04-01,NEFT/VERTEXA TECHNOLOGIES PVT LTD/PERF BONUS FY24,150706.00,Bonus,Income
B1262,bank,2025-04-16,2025-04-01,UPI/P2M/410007325075/SWIGGY,-1122.00,Dining and delivery,Discretionary
B1263,bank,2025-04-16,2025-04-01,UPI/P2M/410007332994/SWIGGY,-65.00,Dining and delivery,Discretionary
B1264,bank,2025-04-17,2025-04-01,UPI/P2M/410007309237/ZEPTO,-2108.00,Groceries,Discretionary
B1265,bank,2025-04-17,2025-04-01,UPI/P2M/410007348832/SWIGGY,-2086.00,Dining and delivery,Discretionary
B1266,bank,2025-04-21,2025-04-01,UPI/P2M/410007293399/BIGBASKET,-566.00,Groceries,Discretionary
B1267,bank,2025-04-22,2025-04-01,UPI/P2M/410007380508/SWIGGY,-570.00,Dining and delivery,Discretionary
B1268,bank,2025-04-23,2025-04-01,UPI/P2M/410007301318/ZEPTO,-2704.00,Groceries,Discretionary
B1269,bank,2025-04-25,2025-04-01,UPI/P2M/410007317156/BIGBASKET,-1609.00,Groceries,Discretionary
B127,bank,2022-02-08,2022-02-01,UPI/P2M/410000855252/HYD METRO RAIL,-502.00,Transport,Discretionary
B1270,bank,2025-04-26,2025-04-01,UPI/P2M/410007388427/OLA CABS,-1065.00,Transport,Discretionary
B1271,bank,2025-04-26,2025-04-01,UPI/P2M/410007404265/HYD METRO RAIL,-269.00,Transport,Discretionary
B1272,bank,2025-04-27,2025-04-01,ATM WDL/410007420103/HITECH CITY,-3000.00,Cash withdrawal,Discretionary
B1273,bank,2025-04-28,2025-04-01,UPI/P2M/410007356751/ZOMATO,-300.00,Dining and delivery,Discretionary
B1274,bank,2025-04-29,2025-04-01,NEFT/VERTEXA TECHNOLOGIES PVT LTD/SALARY APR25,177479.00,Salary,Income
B1275,bank,2025-05-01,2025-05-01,UPI/P2P/410007443860/LAKSHMI/maid salary,-3700.00,Household help,Fixed
B1276,bank,2025-05-02,2025-05-01,IMPS/410007435941/TO FATHER/monthly support,-7400.00,Family support,Fixed
B1277,bank,2025-05-03,2025-05-01,UPI/P2P/410007428022/SUNITA REDDY/Rent,-25200.00,Rent,Fixed
B1278,bank,2025-05-03,2025-05-01,CC BILL PAYMENT/HDFC CC XX4321,-16974.00,Card bill payment,Transfer
B1279,bank,2025-05-05,2025-05-01,NACH/ACT FIBERNET/BROADBAND,-1178.00,Utilities,Fixed
B128,bank,2022-02-09,2022-02-01,UPI/P2M/410000831495/UBER INDIA,-237.00,Transport,Discretionary
B1280,bank,2025-05-05,2025-05-01,NACH/HDFC BANK/CAR LOAN EMI/CAR-01,-13493.00,Loan EMIs,Fixed
B1281,bank,2025-05-05,2025-05-01,UPI/P2M/410007467617/BLINKIT,-1841.00,Groceries,Discretionary
B1282,bank,2025-05-06,2025-05-01,UPI/P2M/410007459698/ZEPTO,-1778.00,Groceries,Discretionary
B1283,bank,2025-05-07,2025-05-01,UPI/P2M/410007451779/AIRTEL PREPAID,-349.00,Utilities,Fixed
B1284,bank,2025-05-07,2025-05-01,UPI/P2M/410007538888/OLA CABS,-266.00,Transport,Discretionary
B1285,bank,2025-05-07,2025-05-01,UPI/P2M/410007546807/UBER INDIA,-419.00,Transport,Discretionary
B1286,bank,2025-05-07,2025-05-01,NACH/BSE STAR MF/NIFTY 50 INDEX FUND SIP,-18200.00,Equity fund,Investments
B1287,bank,2025-05-07,2025-05-01,NACH/BSE STAR MF/SHORT TERM DEBT FUND SIP,-3000.00,Debt fund,Investments
B1288,bank,2025-05-10,2025-05-01,UPI/P2M/410007554726/APOLLO PHARMACY,-407.00,Health,Discretionary
B1289,bank,2025-05-10,2025-05-01,BSE STAR MF/NIFTY 50 INDEX FUND LUMPSUM,-250000.00,Equity fund,Investments
B129,bank,2022-02-12,2022-02-01,UPI/P2M/410000776062/BIGBASKET,-994.00,Groceries,Discretionary
B1290,bank,2025-05-13,2025-05-01,UPI/P2M/410007507212/ZOMATO,-867.00,Dining and delivery,Discretionary
B1291,bank,2025-05-14,2025-05-01,BBPS/TGSPDCL/ELECTRICITY BILL,-4222.00,Utilities,Fixed
B1292,bank,2025-05-14,2025-05-01,UPI/P2M/410007515131/SWIGGY,-1022.00,Dining and delivery,Discretionary
B1293,bank,2025-05-14,2025-05-01,UPI/P2M/410007523050/SWIGGY,-843.00,Dining and delivery,Discretionary
B1294,bank,2025-05-19,2025-05-01,ATM WDL/410007562645/HITECH CITY,-2000.00,Cash withdrawal,Discretionary
B1295,bank,2025-05-21,2025-05-01,UPI/P2M/410007475536/BIGBASKET,-2376.00,Groceries,Discretionary
B1296,bank,2025-05-23,2025-05-01,UPI/P2M/410007491374/SWIGGY,-1126.00,Dining and delivery,Discretionary
B1297,bank,2025-05-25,2025-05-01,ACH/OFFICE REIT/DISTRIBUTION,1128.00,Investment income,Income
B1298,bank,2025-05-27,2025-05-01,UPI/P2M/410007483455/ZEPTO,-582.00,Groceries,Discretionary
B1299,bank,2025-05-27,2025-05-01,UPI/P2M/410007499293/SWIGGY,-1645.00,Dining and delivery,Discretionary
B13,bank,2021-10-07,2021-10-01,UPI/P2M/410000055433/BIGBASKET,-1933.00,Groceries,Discretionary
B130,bank,2022-02-13,2022-02-01,UPI/P2M/410000879009/RAPIDO,-379.00,Transport,Discretionary
B1300,bank,2025-05-28,2025-05-01,UPI/P2M/410007530969/OLA CABS,-881.00,Transport,Discretionary
B1301,bank,2025-05-30,2025-05-01,NEFT/VERTEXA TECHNOLOGIES PVT LTD/SALARY MAY25,177479.00,Salary,Income
B1302,bank,2025-06-01,2025-06-01,UPI/P2P/410007586402/LAKSHMI/maid salary,-3700.00,Household help,Fixed
B1303,bank,2025-06-01,2025-06-01,UPI/P2M/410007602240/BLINKIT,-805.00,Groceries,Discretionary
B1304,bank,2025-06-01,2025-06-01,UPI/P2M/410007657673/SWIGGY,-577.00,Dining and delivery,Discretionary
B1305,bank,2025-06-02,2025-06-01,IMPS/410007578483/TO FATHER/monthly support,-7400.00,Family support,Fixed
B1306,bank,2025-06-02,2025-06-01,UPI/P2M/410007618078/ZEPTO,-1822.00,Groceries,Discretionary
B1307,bank,2025-06-02,2025-06-01,UPI/P2M/410007713106/RAPIDO,-248.00,Transport,Discretionary
B1308,bank,2025-06-03,2025-06-01,UPI/P2P/410007570564/SUNITA REDDY/Rent,-25200.00,Rent,Fixed
B1309,bank,2025-06-03,2025-06-01,CC BILL PAYMENT/HDFC CC XX4321,-19014.00,Card bill payment,Transfer
B131,bank,2022-02-14,2022-02-01,BBPS/TGSPDCL/ELECTRICITY BILL,-1352.00,Utilities,Fixed
B1310,bank,2025-06-04,2025-06-01,UPI/P2M/410007705187/OLA CABS,-293.00,Transport,Discretionary
B1311,bank,2025-06-05,2025-06-01,NACH/ACT FIBERNET/BROADBAND,-1178.00,Utilities,Fixed
B1312,bank,2025-06-05,2025-06-01,NACH/HDFC BANK/CAR LOAN EMI/CAR-01,-13493.00,Loan EMIs,Fixed
B1313,bank,2025-06-06,2025-06-01,UPI/P2M/410007594321/AIRTEL PREPAID,-349.00,Utilities,Fixed
B1314,bank,2025-06-07,2025-06-01,NACH/BSE STAR MF/NIFTY 50 INDEX FUND SIP,-18200.00,Equity fund,Investments
B1315,bank,2025-06-07,2025-06-01,NACH/BSE STAR MF/SHORT TERM DEBT FUND SIP,-3000.00,Debt fund,Investments
B1316,bank,2025-06-09,2025-06-01,UPI/P2M/410007673511/SWIGGY,-182.00,Dining and delivery,Discretionary
B1317,bank,2025-06-10,2025-06-01,NACH/HDFC LIFE/TERM PREMIUM,-11800.00,Insurance,Fixed
B1318,bank,2025-06-10,2025-06-01,UPI/P2M/410007649754/ZOMATO,-975.00,Dining and delivery,Discretionary
B1319,bank,2025-06-11,2025-06-01,UPI/P2M/410007665592/SWIGGY,-573.00,Dining and delivery,Discretionary
B132,bank,2022-02-14,2022-02-01,UPI/P2M/410000863171/UBER INDIA,-533.00,Transport,Discretionary
B1320,bank,2025-06-13,2025-06-01,BBPS/TGSPDCL/ELECTRICITY BILL,-3367.00,Utilities,Fixed
B1321,bank,2025-06-13,2025-06-01,UPI/P2M/410007610159/ZEPTO,-1263.00,Groceries,Discretionary
B1322,bank,2025-06-13,2025-06-01,UPI/P2M/410007681430/ZOMATO,-287.00,Dining and delivery,Discretionary
B1323,bank,2025-06-15,2025-06-01,UPI/P2M/410007697268/OLA CABS,-811.00,Transport,Discretionary
B1324,bank,2025-06-18,2025-06-01,UPI/P2M/410007633916/ZEPTO,-1711.00,Groceries,Discretionary
B1325,bank,2025-06-21,2025-06-01,ATM WDL/410007728944/HITECH CITY,-2500.00,Cash withdrawal,Discretionary
B1326,bank,2025-06-25,2025-06-01,UPI/P2M/410007641835/SWIGGY,-691.00,Dining and delivery,Discretionary
B1327,bank,2025-06-26,2025-06-01,UPI/P2M/410007689349/RAPIDO,-399.00,Transport,Discretionary
B1328,bank,2025-06-27,2025-06-01,UPI/P2M/410007721025/APOLLO PHARMACY,-653.00,Health,Discretionary
B1329,bank,2025-06-28,2025-06-01,UPI/P2M/410007625997/ZEPTO,-1043.00,Groceries,Discretionary
B133,bank,2022-02-15,2022-02-01,UPI/P2M/410000886928/APOLLO PHARMACY,-382.00,Health,Discretionary
B1330,bank,2025-06-29,2025-06-01,NEFT/VERTEXA TECHNOLOGIES PVT LTD/SALARY JUN25,177479.00,Salary,Income
B1331,bank,2025-07-01,2025-07-01,UPI/P2P/410007752701/LAKSHMI/maid salary,-3700.00,Household help,Fixed
B1332,bank,2025-07-02,2025-07-01,IMPS/410007744782/TO FATHER/monthly support,-7500.00,Family support,Fixed
B1333,bank,2025-07-03,2025-07-01,UPI/P2P/410007736863/SUNITA REDDY/Rent,-25200.00,Rent,Fixed
B1334,bank,2025-07-03,2025-07-01,UPI/P2M/410007871486/APOLLO PHARMACY,-1006.00,Health,Discretionary
B1335,bank,2025-07-03,2025-07-01,CC BILL PAYMENT/HDFC CC XX4321,-82828.00,Card bill payment,Transfer
B1336,bank,2025-07-05,2025-07-01,NACH/ACT FIBERNET/BROADBAND,-1178.00,Utilities,Fixed
B1337,bank,2025-07-05,2025-07-01,NACH/HDFC BANK/CAR LOAN EMI/CAR-01,-13493.00,Loan EMIs,Fixed
B1338,bank,2025-07-07,2025-07-01,NACH/BSE STAR MF/NIFTY 50 INDEX FUND SIP,-18200.00,Equity fund,Investments
B1339,bank,2025-07-07,2025-07-01,NACH/BSE STAR MF/SHORT TERM DEBT FUND SIP,-3000.00,Debt fund,Investments
B134,bank,2022-02-17,2022-02-01,UPI/P2M/410000815657/SWIGGY,-700.00,Dining and delivery,Discretionary
B1340,bank,2025-07-09,2025-07-01,UPI/P2M/410007760620/AIRTEL PREPAID,-349.00,Utilities,Fixed
B1341,bank,2025-07-10,2025-07-01,UPI/P2M/410007800215/BLINKIT,-1079.00,Groceries,Discretionary
B1342,bank,2025-07-11,2025-07-01,UPI/P2M/410007776458/BIGBASKET,-2385.00,Groceries,Discretionary
B1343,bank,2025-07-12,2025-07-01,BBPS/TGSPDCL/ELECTRICITY BILL,-2049.00,Utilities,Fixed
B1344,bank,2025-07-13,2025-07-01,ATM WDL/410007879405/HITECH CITY,-2500.00,Cash withdrawal,Discretionary
B1345,bank,2025-07-14,2025-07-01,UPI/P2M/410007784377/BLINKIT,-2081.00,Groceries,Discretionary
B1346,bank,2025-07-14,2025-07-01,UPI/P2M/410007808134/BIGBASKET,-2058.00,Groceries,Discretionary
B1347,bank,2025-07-15,2025-07-01,UPI/P2M/410007792296/BLINKIT,-486.00,Groceries,Discretionary
B1348,bank,2025-07-17,2025-07-01,UPI/P2M/410007863567/OLA CABS,-509.00,Transport,Discretionary
B1349,bank,2025-07-18,2025-07-01,UPI/P2M/410007855648/RAPIDO,-269.00,Transport,Discretionary
B135,bank,2022-02-20,2022-02-01,UPI/P2M/410000768143/BLINKIT,-830.00,Groceries,Discretionary
B1350,bank,2025-07-22,2025-07-01,UPI/P2M/410007839810/SWIGGY,-2649.00,Dining and delivery,Discretionary
B1351,bank,2025-07-23,2025-07-01,UPI/P2M/410007823972/SWIGGY,-1014.00,Dining and delivery,Discretionary
B1352,bank,2025-07-23,2025-07-01,UPI/P2M/410007831891/SWIGGY,-692.00,Dining and delivery,Discretionary
B1353,bank,2025-07-24,2025-07-01,UPI/P2M/410007816053/SWIGGY,-530.00,Dining and delivery,Discretionary
B1354,bank,2025-07-24,2025-07-01,UPI/P2M/410007847729/RAPIDO,-680.00,Transport,Discretionary
B1355,bank,2025-07-25,2025-07-01,UPI/P2M/410007768539/ZEPTO,-2403.00,Groceries,Discretionary
B1356,bank,2025-07-30,2025-07-01,NEFT/VERTEXA TECHNOLOGIES PVT LTD/SALARY JUL25,177479.00,Salary,Income
B1357,bank,2025-08-01,2025-08-01,UPI/P2P/410007903162/LAKSHMI/maid salary,-3800.00,Household help,Fixed
B1358,bank,2025-08-01,2025-08-01,ATM WDL/410008077380/HITECH CITY,-3000.00,Cash withdrawal,Discretionary
B1359,bank,2025-08-02,2025-08-01,IMPS/410007895243/TO FATHER/monthly support,-7500.00,Family support,Fixed
B136,bank,2022-02-20,2022-02-01,UPI/P2M/410000799819/SWIGGY,-915.00,Dining and delivery,Discretionary
B1360,bank,2025-08-02,2025-08-01,UPI/P2M/410008006109/SWIGGY,-221.00,Dining and delivery,Discretionary
B1361,bank,2025-08-03,2025-08-01,UPI/P2P/410007887324/SUNITA REDDY/Rent,-25200.00,Rent,Fixed
B1362,bank,2025-08-03,2025-08-01,UPI/P2M/410007982352/ZOMATO,-471.00,Dining and delivery,Discretionary
B1363,bank,2025-08-03,2025-08-01,CC BILL PAYMENT/HDFC CC XX4321,-18884.00,Card bill payment,Transfer
B1364,bank,2025-08-05,2025-08-01,NACH/ACT FIBERNET/BROADBAND,-1178.00,Utilities,Fixed
B1365,bank,2025-08-05,2025-08-01,NACH/HDFC BANK/CAR LOAN EMI/CAR-01,-13493.00,Loan EMIs,Fixed
B1366,bank,2025-08-05,2025-08-01,UPI/P2M/410007919000/BIGBASKET,-785.00,Groceries,Discretionary
B1367,bank,2025-08-07,2025-08-01,UPI/P2M/410007911081/AIRTEL PREPAID,-349.00,Utilities,Fixed
B1368,bank,2025-08-07,2025-08-01,UPI/P2M/410007926919/BLINKIT,-1815.00,Groceries,Discretionary
B1369,bank,2025-08-07,2025-08-01,UPI/P2M/410007942757/BLINKIT,-2918.00,Groceries,Discretionary
B137,bank,2022-02-21,2022-02-01,UPI/P2M/410000760224/BLINKIT,-423.00,Groceries,Discretionary
B1370,bank,2025-08-07,2025-08-01,NACH/BSE STAR MF/NIFTY 50 INDEX FUND SIP,-18200.00,Equity fund,Investments
B1371,bank,2025-08-07,2025-08-01,NACH/BSE STAR MF/SHORT TERM DEBT FUND SIP,-3000.00,Debt fund,Investments
B1372,bank,2025-08-08,2025-08-01,UPI/P2M/410007974433/ZOMATO,-961.00,Dining and delivery,Discretionary
B1373,bank,2025-08-08,2025-08-01,UPI/P2M/410008014028/ZOMATO,-422.00,Dining and delivery,Discretionary
B1374,bank,2025-08-09,2025-08-01,UPI/P2M/410007958595/ZEPTO,-615.00,Groceries,Discretionary
B1375,bank,2025-08-10,2025-08-01,UPI/P2M/410008021947/SWIGGY,-700.00,Dining and delivery,Discretionary
B1376,bank,2025-08-12,2025-08-01,UPI/P2M/410008053623/UBER INDIA,-132.00,Transport,Discretionary
B1377,bank,2025-08-13,2025-08-01,BBPS/TGSPDCL/ELECTRICITY BILL,-1974.00,Utilities,Fixed
B1378,bank,2025-08-14,2025-08-01,UPI/P2M/410008061542/UBER INDIA,-255.00,Transport,Discretionary
B1379,bank,2025-08-15,2025-08-01,UPI/P2M/410007950676/BLINKIT,-1220.00,Groceries,Discretionary
B138,bank,2022-02-21,2022-02-01,UPI/P2M/410000791900/SWIGGY,-1015.00,Dining and delivery,Discretionary
B1380,bank,2025-08-15,2025-08-01,UPI/P2M/410007990271/ZOMATO,-601.00,Dining and delivery,Discretionary
B1381,bank,2025-08-19,2025-08-01,UPI/P2M/410008037785/UBER INDIA,-480.00,Transport,Discretionary
B1382,bank,2025-08-20,2025-08-01,UPI/P2M/410007966514/ZEPTO,-885.00,Groceries,Discretionary
B1383,bank,2025-08-22,2025-08-01,UPI/P2M/410007998190/ZOMATO,-680.00,Dining and delivery,Discretionary
B1384,bank,2025-08-22,2025-08-01,UPI/P2M/410008045704/HYD METRO RAIL,-544.00,Transport,Discretionary
B1385,bank,2025-08-23,2025-08-01,UPI/P2M/410008069461/APOLLO PHARMACY,-705.00,Health,Discretionary
B1386,bank,2025-08-25,2025-08-01,ACH/OFFICE REIT/DISTRIBUTION,1199.00,Investment income,Income
B1387,bank,2025-08-27,2025-08-01,UPI/P2M/410007934838/BIGBASKET,-1337.00,Groceries,Discretionary
B1388,bank,2025-08-28,2025-08-01,UPI/P2M/410008029866/ZOMATO,-1157.00,Dining and delivery,Discretionary
B1389,bank,2025-08-30,2025-08-01,NEFT/VERTEXA TECHNOLOGIES PVT LTD/SALARY AUG25,177479.00,Salary,Income
B139,bank,2022-02-21,2022-02-01,UPI/P2M/410000847333/RAPIDO,-235.00,Transport,Discretionary
B1390,bank,2025-09-01,2025-09-01,UPI/P2P/410008101137/LAKSHMI/maid salary,-3800.00,Household help,Fixed
B1391,bank,2025-09-02,2025-09-01,IMPS/410008093218/TO FATHER/monthly support,-7500.00,Family support,Fixed
B1392,bank,2025-09-03,2025-09-01,UPI/P2P/410008085299/SUNITA REDDY/Rent,-25200.00,Rent,Fixed
B1393,bank,2025-09-03,2025-09-01,CC BILL PAYMENT/HDFC CC XX4321,-17087.00,Card bill payment,Transfer
B1394,bank,2025-09-05,2025-09-01,NACH/ACT FIBERNET/BROADBAND,-1178.00,Utilities,Fixed
B1395,bank,2025-09-05,2025-09-01,NACH/HDFC BANK/CAR LOAN EMI/CAR-01,-13493.00,Loan EMIs,Fixed
B1396,bank,2025-09-07,2025-09-01,UPI/P2M/410008109056/AIRTEL PREPAID,-349.00,Utilities,Fixed
B1397,bank,2025-09-07,2025-09-01,UPI/P2M/410008132813/BIGBASKET,-818.00,Groceries,Discretionary
B1398,bank,2025-09-07,2025-09-01,NACH/BSE STAR MF/NIFTY 50 INDEX FUND SIP,-18200.00,Equity fund,Investments
B1399,bank,2025-09-07,2025-09-01,NACH/BSE STAR MF/SHORT TERM DEBT FUND SIP,-3000.00,Debt fund,Investments
B14,bank,2021-10-07,2021-10-01,NACH/BSE STAR MF/NIFTY 50 INDEX FUND SIP,-6000.00,Equity fund,Investments
B140,bank,2022-02-24,2022-02-01,UPI/P2M/410000783981/BIGBASKET,-3145.00,Groceries,Discretionary
B1400,bank,2025-09-08,2025-09-01,UPI/P2M/410008116975/BIGBASKET,-2172.00,Groceries,Discretionary
B1401,bank,2025-09-08,2025-09-01,UPI/P2M/410008219922/HYD METRO RAIL,-1229.00,Transport,Discretionary
B1402,bank,2025-09-10,2025-09-01,UPI/P2M/410008124894/BIGBASKET,-2144.00,Groceries,Discretionary
B1403,bank,2025-09-10,2025-09-01,UPI/P2M/410008172408/ZOMATO,-1223.00,Dining and delivery,Discretionary
B1404,bank,2025-09-12,2025-09-01,BBPS/TGSPDCL/ELECTRICITY BILL,-2120.00,Utilities,Fixed
B1405,bank,2025-09-12,2025-09-01,UPI/P2M/410008180327/ZOMATO,-600.00,Dining and delivery,Discretionary
B1406,bank,2025-09-12,2025-09-01,UPI/P2M/410008212003/HYD METRO RAIL,-159.00,Transport,Discretionary
B1407,bank,2025-09-13,2025-09-01,UPI/P2M/410008140732/ZEPTO,-423.00,Groceries,Discretionary
B1408,bank,2025-09-17,2025-09-01,UPI/P2M/410008196165/ZOMATO,-856.00,Dining and delivery,Discretionary
B1409,bank,2025-09-19,2025-09-01,UPI/P2M/410008148651/BIGBASKET,-1696.00,Groceries,Discretionary
B141,bank,2022-02-24,2022-02-01,ATM WDL/410000894847/HITECH CITY,-2500.00,Cash withdrawal,Discretionary
B1410,bank,2025-09-20,2025-09-01,UPI/P2M/410008164489/ZEPTO,-1463.00,Groceries,Discretionary
B1411,bank,2025-09-21,2025-09-01,UPI/P2M/410008156570/BIGBASKET,-1384.00,Groceries,Discretionary
B1412,bank,2025-09-21,2025-09-01,UPI/P2M/410008227841/APOLLO PHARMACY,-584.00,Health,Discretionary
B1413,bank,2025-09-25,2025-09-01,UPI/P2M/410008204084/HYD METRO RAIL,-366.00,Transport,Discretionary
B1414,bank,2025-09-26,2025-09-01,UPI/P2M/410008188246/ZOMATO,-876.00,Dining and delivery,Discretionary
B1415,bank,2025-09-28,2025-09-01,ATM WDL/410008235760/HITECH CITY,-3000.00,Cash withdrawal,Discretionary
B1416,bank,2025-09-29,2025-09-01,NEFT/VERTEXA TECHNOLOGIES PVT LTD/SALARY SEP25,177479.00,Salary,Income
B1417,bank,2025-10-01,2025-10-01,UPI/P2P/410008259517/LAKSHMI/maid salary,-3800.00,Household help,Fixed
B1418,bank,2025-10-02,2025-10-01,IMPS/410008251598/TO FATHER/monthly support,-7600.00,Family support,Fixed
B1419,bank,2025-10-03,2025-10-01,UPI/P2P/410008243679/SUNITA REDDY/Rent,-25200.00,Rent,Fixed
B142,bank,2022-02-25,2022-02-01,UPI/P2M/410000871090/RAPIDO,-216.00,Transport,Discretionary
B1420,bank,2025-10-03,2025-10-01,CC BILL PAYMENT/HDFC CC XX4321,-29287.00,Card bill payment,Transfer
B1421,bank,2025-10-05,2025-10-01,NACH/ACT FIBERNET/BROADBAND,-1178.00,Utilities,Fixed
B1422,bank,2025-10-05,2025-10-01,NACH/HDFC BANK/CAR LOAN EMI/CAR-01,-13493.00,Loan EMIs,Fixed
B1423,bank,2025-10-07,2025-10-01,UPI/P2M/410008346626/HYD METRO RAIL,-183.00,Transport,Discretionary
B1424,bank,2025-10-07,2025-10-01,NACH/BSE STAR MF/NIFTY 50 INDEX FUND SIP,-18200.00,Equity fund,Investments
B1425,bank,2025-10-07,2025-10-01,NACH/BSE STAR MF/SHORT TERM DEBT FUND SIP,-3000.00,Debt fund,Investments
B1426,bank,2025-10-08,2025-10-01,UPI/P2M/410008354545/UBER INDIA,-641.00,Transport,Discretionary
B1427,bank,2025-10-09,2025-10-01,UPI/P2M/410008267436/AIRTEL PREPAID,-349.00,Utilities,Fixed
B1428,bank,2025-10-09,2025-10-01,UPI/P2M/410008283274/BIGBASKET,-1672.00,Groceries,Discretionary
B1429,bank,2025-10-09,2025-10-01,UPI/P2M/410008322869/SWIGGY,-558.00,Dining and delivery,Discretionary
B143,bank,2022-02-27,2022-02-01,NEFT/NIMBUS SOFTWARE PVT LTD/SALARY FEB22,95837.00,Salary,Income
B1430,bank,2025-10-11,2025-10-01,UPI/P2M/410008291193/ZEPTO,-395.00,Groceries,Discretionary
B1431,bank,2025-10-13,2025-10-01,BBPS/TGSPDCL/ELECTRICITY BILL,-1778.00,Utilities,Fixed
B1432,bank,2025-10-13,2025-10-01,UPI/P2M/410008307031/ZEPTO,-971.00,Groceries,Discretionary
B1433,bank,2025-10-15,2025-10-01,UPI/P2M/410008299112/BLINKIT,-1858.00,Groceries,Discretionary
B1434,bank,2025-10-19,2025-10-01,UPI/P2M/410008314950/ZOMATO,-447.00,Dining and delivery,Discretionary
B1435,bank,2025-10-19,2025-10-01,UPI/P2M/410008338707/SWIGGY,-1139.00,Dining and delivery,Discretionary
B1436,bank,2025-10-23,2025-10-01,UPI/P2M/410008362464/UBER INDIA,-418.00,Transport,Discretionary
B1437,bank,2025-10-24,2025-10-01,UPI/P2M/410008330788/SWIGGY,-977.00,Dining and delivery,Discretionary
B1438,bank,2025-10-25,2025-10-01,UPI/P2M/410008378302/APOLLO PHARMACY,-597.00,Health,Discretionary
B1439,bank,2025-10-25,2025-10-01,ATM WDL/410008386221/HITECH CITY,-2000.00,Cash withdrawal,Discretionary
B144,bank,2022-03-01,2022-03-01,UPI/P2P/410000918604/LAKSHMI/maid salary,-3100.00,Household help,Fixed
B1440,bank,2025-10-25,2025-10-01,UPI/P2M/410008394140/TANISHQ / DIWALI GIFTS,-14745.00,Gifts and festivals,Discretionary
B1441,bank,2025-10-28,2025-10-01,UPI/P2M/410008275355/BLINKIT,-1193.00,Groceries,Discretionary
B1442,bank,2025-10-28,2025-10-01,UPI/P2M/410008370383/HYD METRO RAIL,-184.00,Transport,Discretionary
B1443,bank,2025-10-30,2025-10-01,NEFT/VERTEXA TECHNOLOGIES PVT LTD/SALARY OCT25,177479.00,Salary,Income
B1444,bank,2025-11-01,2025-11-01,UPI/P2P/410008417897/LAKSHMI/maid salary,-3800.00,Household help,Fixed
B1445,bank,2025-11-01,2025-11-01,UPI/P2M/410008433735/ZEPTO,-1293.00,Groceries,Discretionary
B1446,bank,2025-11-01,2025-11-01,UPI/P2M/410008552520/APOLLO PHARMACY,-477.00,Health,Discretionary
B1447,bank,2025-11-02,2025-11-01,IMPS/410008409978/TO FATHER/monthly support,-7600.00,Family support,Fixed
B1448,bank,2025-11-02,2025-11-01,UPI/P2M/410008481249/SWIGGY,-1924.00,Dining and delivery,Discretionary
B1449,bank,2025-11-03,2025-11-01,UPI/P2P/410008402059/SUNITA REDDY/Rent,-25200.00,Rent,Fixed
B145,bank,2022-03-02,2022-03-01,IMPS/410000910685/TO FATHER/monthly support,-6100.00,Family support,Fixed
B1450,bank,2025-11-03,2025-11-01,CC BILL PAYMENT/HDFC CC XX4321,-30641.00,Card bill payment,Transfer
B1451,bank,2025-11-04,2025-11-01,UPI/P2M/410008497087/RAPIDO,-221.00,Transport,Discretionary
B1452,bank,2025-11-04,2025-11-01,UPI/P2M/410008520844/RAPIDO,-289.00,Transport,Discretionary
B1453,bank,2025-11-05,2025-11-01,NACH/ACT FIBERNET/BROADBAND,-1178.00,Utilities,Fixed
B1454,bank,2025-11-05,2025-11-01,NACH/HDFC BANK/CAR LOAN EMI/CAR-01,-13493.00,Loan EMIs,Fixed
B1455,bank,2025-11-05,2025-11-01,UPI/P2M/410008465411/ZOMATO,-1105.00,Dining and delivery,Discretionary
B1456,bank,2025-11-06,2025-11-01,UPI/P2M/410008425816/AIRTEL PREPAID,-349.00,Utilities,Fixed
B1457,bank,2025-11-07,2025-11-01,NACH/BSE STAR MF/NIFTY 50 INDEX FUND SIP,-18200.00,Equity fund,Investments
B1458,bank,2025-11-07,2025-11-01,NACH/BSE STAR MF/SHORT TERM DEBT FUND SIP,-3000.00,Debt fund,Investments
B1459,bank,2025-11-08,2025-11-01,UPI/P2M/410008489168/ZOMATO,-393.00,Dining and delivery,Discretionary
B146,bank,2022-03-02,2022-03-01,UPI/P2M/410000974037/SWIGGY,-847.00,Dining and delivery,Discretionary
B1460,bank,2025-11-10,2025-11-01,BSE STAR MF/NIFTY 50 INDEX FUND LUMPSUM,-230000.00,Equity fund,Investments
B1461,bank,2025-11-12,2025-11-01,BBPS/TGSPDCL/ELECTRICITY BILL,-1867.00,Utilities,Fixed
B1462,bank,2025-11-12,2025-11-01,UPI/P2M/410008473330/SWIGGY,-589.00,Dining and delivery,Discretionary
B1463,bank,2025-11-14,2025-11-01,UPI/P2M/410008449573/ZOMATO,-663.00,Dining and delivery,Discretionary
B1464,bank,2025-11-16,2025-11-01,NEFT/ZERODHA BROKING/FUNDS ADDED,-35155.00,REIT,Investments
B1465,bank,2025-11-17,2025-11-01,UPI/P2M/410008505006/HYD METRO RAIL,-288.00,Transport,Discretionary
B1466,bank,2025-11-18,2025-11-01,UPI/P2M/410008536682/UBER INDIA,-123.00,Transport,Discretionary
B1467,bank,2025-11-20,2025-11-01,UPI/P2M/410008544601/OLA CABS,-194.00,Transport,Discretionary
B1468,bank,2025-11-21,2025-11-01,UPI/P2M/410008512925/RAPIDO,-347.00,Transport,Discretionary
B1469,bank,2025-11-22,2025-11-01,UPI/P2M/410008528763/OLA CABS,-347.00,Transport,Discretionary
B147,bank,2022-03-02,2022-03-01,UPI/P2M/410001037389/HYD METRO RAIL,-126.00,Transport,Discretionary
B1470,bank,2025-11-23,2025-11-01,UPI/P2M/410008441654/BIGBASKET,-5887.00,Groceries,Discretionary
B1471,bank,2025-11-24,2025-11-01,UPI/P2M/410008568358/TANISHQ / DIWALI GIFTS,-13880.00,Gifts and festivals,Discretionary
B1472,bank,2025-11-25,2025-11-01,ACH/OFFICE REIT/DISTRIBUTION,1266.00,Investment income,Income
B1473,bank,2025-11-26,2025-11-01,UPI/P2M/410008457492/SWIGGY,-742.00,Dining and delivery,Discretionary
B1474,bank,2025-11-26,2025-11-01,ATM WDL/410008560439/HITECH CITY,-3000.00,Cash withdrawal,Discretionary
B1475,bank,2025-11-29,2025-11-01,NEFT/VERTEXA TECHNOLOGIES PVT LTD/SALARY NOV25,177479.00,Salary,Income
B1476,bank,2025-12-01,2025-12-01,UPI/P2P/410008592115/LAKSHMI/maid salary,-3800.00,Household help,Fixed
B1477,bank,2025-12-01,2025-12-01,UPI/P2M/410008671305/HYD METRO RAIL,-449.00,Transport,Discretionary
B1478,bank,2025-12-02,2025-12-01,IMPS/410008584196/TO FATHER/monthly support,-7600.00,Family support,Fixed
B1479,bank,2025-12-03,2025-12-01,UPI/P2P/410008576277/SUNITA REDDY/Rent,-25200.00,Rent,Fixed
B148,bank,2022-03-03,2022-03-01,UPI/P2P/410000902766/RAMESH K/Rent,-15000.00,Rent,Fixed
B1480,bank,2025-12-03,2025-12-01,UPI/P2M/410008647548/ZOMATO,-576.00,Dining and delivery,Discretionary
B1481,bank,2025-12-03,2025-12-01,UPI/P2M/410008695062/HYD METRO RAIL,-368.00,Transport,Discretionary
B1482,bank,2025-12-03,2025-12-01,CC BILL PAYMENT/HDFC CC XX4321,-28248.00,Card bill payment,Transfer
B1483,bank,2025-12-05,2025-12-01,NACH/ACT FIBERNET/BROADBAND,-1178.00,Utilities,Fixed
B1484,bank,2025-12-05,2025-12-01,NACH/HDFC BANK/CAR LOAN EMI/CAR-01,-13493.00,Loan EMIs,Fixed
B1485,bank,2025-12-07,2025-12-01,UPI/P2M/410008600034/AIRTEL PREPAID,-349.00,Utilities,Fixed
B1486,bank,2025-12-07,2025-12-01,NACH/BSE STAR MF/NIFTY 50 INDEX FUND SIP,-18200.00,Equity fund,Investments
B1487,bank,2025-12-07,2025-12-01,NACH/BSE STAR MF/SHORT TERM DEBT FUND SIP,-3000.00,Debt fund,Investments
B1488,bank,2025-12-09,2025-12-01,UPI/P2M/410008655467/HYD METRO RAIL,-141.00,Transport,Discretionary
B1489,bank,2025-12-09,2025-12-01,UPI/P2M/410008702981/HYD METRO RAIL,-255.00,Transport,Discretionary
B149,bank,2022-03-03,2022-03-01,CC BILL PAYMENT/HDFC CC XX4321,-11609.00,Card bill payment,Transfer
B1490,bank,2025-12-10,2025-12-01,BBPS/TGSPDCL/ELECTRICITY BILL,-2187.00,Utilities,Fixed
B1491,bank,2025-12-10,2025-12-01,UPI/P2M/410008710900/APOLLO PHARMACY,-433.00,Health,Discretionary
B1492,bank,2025-12-12,2025-12-01,UPI/P2M/410008663386/RAPIDO,-124.00,Transport,Discretionary
B1493,bank,2025-12-12,2025-12-01,UPI/P2M/410008687143/UBER INDIA,-355.00,Transport,Discretionary
B1494,bank,2025-12-16,2025-12-01,UPI/P2M/410008639629/SWIGGY,-1096.00,Dining and delivery,Discretionary
B1495,bank,2025-12-17,2025-12-01,UPI/P2M/410008623791/BIGBASKET,-860.00,Groceries,Discretionary
B1496,bank,2025-12-19,2025-12-01,UPI/P2M/410008615872/ZEPTO,-947.00,Groceries,Discretionary
B1497,bank,2025-12-21,2025-12-01,ATM WDL/410008718819/HITECH CITY,-2500.00,Cash withdrawal,Discretionary
B1498,bank,2025-12-24,2025-12-01,UPI/P2M/410008631710/SWIGGY,-601.00,Dining and delivery,Discretionary
B1499,bank,2025-12-25,2025-12-01,UPI/P2M/410008607953/BIGBASKET,-1580.00,Groceries,Discretionary
B15,bank,2021-10-09,2021-10-01,UPI/P2M/410000023757/AIRTEL PREPAID,-299.00,Utilities,Fixed
B150,bank,2022-03-04,2022-03-01,UPI/P2M/410001053227/OLA CABS,-361.00,Transport,Discretionary
B1500,bank,2025-12-25,2025-12-01,UPI/P2M/410008679224/UBER INDIA,-60.00,Transport,Discretionary
B1501,bank,2025-12-30,2025-12-01,NEFT/VERTEXA TECHNOLOGIES PVT LTD/SALARY DEC25,177479.00,Salary,Income
B1502,bank,2026-01-01,2026-01-01,UPI/P2P/410008742576/LAKSHMI/maid salary,-3800.00,Household help,Fixed
B1503,bank,2026-01-01,2026-01-01,UPI/P2M/410008790090/ZEPTO,-554.00,Groceries,Discretionary
B1504,bank,2026-01-02,2026-01-01,IMPS/410008734657/TO FATHER/monthly support,-7700.00,Family support,Fixed
B1505,bank,2026-01-02,2026-01-01,UPI/P2M/410008861361/OLA CABS,-338.00,Transport,Discretionary
B1506,bank,2026-01-02,2026-01-01,UPI/P2M/410008869280/APOLLO PHARMACY,-1143.00,Health,Discretionary
B1507,bank,2026-01-02,2026-01-01,ATM WDL/410008877199/HITECH CITY,-2500.00,Cash withdrawal,Discretionary
B1508,bank,2026-01-03,2026-01-01,UPI/P2P/410008726738/SUNITA REDDY/Rent,-25200.00,Rent,Fixed
B1509,bank,2026-01-03,2026-01-01,UPI/P2M/410008782171/ZEPTO,-439.00,Groceries,Discretionary
B151,bank,2022-03-05,2022-03-01,NACH/ACT FIBERNET/BROADBAND,-1060.00,Utilities,Fixed
B1510,bank,2026-01-03,2026-01-01,CC BILL PAYMENT/HDFC CC XX4321,-30090.00,Card bill payment,Transfer
B1511,bank,2026-01-05,2026-01-01,NACH/ACT FIBERNET/BROADBAND,-1178.00,Utilities,Fixed
B1512,bank,2026-01-05,2026-01-01,NACH/HDFC BANK/CAR LOAN EMI/CAR-01,-13493.00,Loan EMIs,Fixed
B1513,bank,2026-01-06,2026-01-01,UPI/P2M/410008758414/BIGBASKET,-739.00,Groceries,Discretionary
B1514,bank,2026-01-07,2026-01-01,UPI/P2M/410008750495/AIRTEL PREPAID,-349.00,Utilities,Fixed
B1515,bank,2026-01-07,2026-01-01,UPI/P2M/410008829685/ZOMATO,-466.00,Dining and delivery,Discretionary
B1516,bank,2026-01-07,2026-01-01,NACH/BSE STAR MF/NIFTY 50 INDEX FUND SIP,-18200.00,Equity fund,Investments
B1517,bank,2026-01-07,2026-01-01,NACH/BSE STAR MF/SHORT TERM DEBT FUND SIP,-3000.00,Debt fund,Investments
B1518,bank,2026-01-08,2026-01-01,UPI/P2M/410008821766/SWIGGY,-1447.00,Dining and delivery,Discretionary
B1519,bank,2026-01-10,2026-01-01,BBPS/TGSPDCL/ELECTRICITY BILL,-1974.00,Utilities,Fixed
B152,bank,2022-03-05,2022-03-01,NACH/SBI/EDUCATION LOAN EMI/EDU-01,-12896.00,Loan EMIs,Fixed
B1520,bank,2026-01-10,2026-01-01,UPI/P2M/410008774252/BLINKIT,-1174.00,Groceries,Discretionary
B1521,bank,2026-01-10,2026-01-01,UPI/P2M/410008798009/ZOMATO,-1110.00,Dining and delivery,Discretionary
B1522,bank,2026-01-12,2026-01-01,UPI/P2M/410008813847/SWIGGY,-829.00,Dining and delivery,Discretionary
B1523,bank,2026-01-16,2026-01-01,UPI/P2M/410008837604/UBER INDIA,-291.00,Transport,Discretionary
B1524,bank,2026-01-17,2026-01-01,UPI/P2M/410008845523/HYD METRO RAIL,-345.00,Transport,Discretionary
B1525,bank,2026-01-22,2026-01-01,UPI/P2M/410008853442/UBER INDIA,-293.00,Transport,Discretionary
B1526,bank,2026-01-24,2026-01-01,UPI/P2M/410008766333/BIGBASKET,-1450.00,Groceries,Discretionary
B1527,bank,2026-01-26,2026-01-01,UPI/P2M/410008805928/ZOMATO,-429.00,Dining and delivery,Discretionary
B1528,bank,2026-01-30,2026-01-01,NEFT/VERTEXA TECHNOLOGIES PVT LTD/SALARY JAN26,177479.00,Salary,Income
B1529,bank,2026-02-01,2026-02-01,UPI/P2P/410008900956/LAKSHMI/maid salary,-3900.00,Household help,Fixed
B153,bank,2022-03-05,2022-03-01,UPI/P2M/410000997794/ZOMATO,-729.00,Dining and delivery,Discretionary
B1530,bank,2026-02-02,2026-02-01,IMPS/410008893037/TO FATHER/monthly support,-7700.00,Family support,Fixed
B1531,bank,2026-02-02,2026-02-01,UPI/P2M/410008948470/ZOMATO,-821.00,Dining and delivery,Discretionary
B1532,bank,2026-02-02,2026-02-01,UPI/P2M/410008988065/ZOMATO,-1085.00,Dining and delivery,Discretionary
B1533,bank,2026-02-03,2026-02-01,UPI/P2P/410008885118/SUNITA REDDY/Rent,-25200.00,Rent,Fixed
B1534,bank,2026-02-03,2026-02-01,UPI/P2M/410008932632/BIGBASKET,-2447.00,Groceries,Discretionary
B1535,bank,2026-02-03,2026-02-01,CC BILL PAYMENT/HDFC CC XX4321,-41636.00,Card bill payment,Transfer
B1536,bank,2026-02-04,2026-02-01,UPI/P2M/410009035579/UBER INDIA,-281.00,Transport,Discretionary
B1537,bank,2026-02-05,2026-02-01,NACH/ACT FIBERNET/BROADBAND,-1178.00,Utilities,Fixed
B1538,bank,2026-02-05,2026-02-01,NACH/HDFC BANK/CAR LOAN EMI/CAR-01,-13493.00,Loan EMIs,Fixed
B1539,bank,2026-02-05,2026-02-01,UPI/P2M/410008980146/ZOMATO,-1296.00,Dining and delivery,Discretionary
B154,bank,2022-03-06,2022-03-01,ATM WDL/410001084903/HITECH CITY,-3000.00,Cash withdrawal,Discretionary
B1540,bank,2026-02-07,2026-02-01,NACH/BSE STAR MF/NIFTY 50 INDEX FUND SIP,-18200.00,Equity fund,Investments
B1541,bank,2026-02-07,2026-02-01,NACH/BSE STAR MF/SHORT TERM DEBT FUND SIP,-3000.00,Debt fund,Investments
B1542,bank,2026-02-09,2026-02-01,UPI/P2M/410008908875/AIRTEL PREPAID,-349.00,Utilities,Fixed
B1543,bank,2026-02-11,2026-02-01,UPI/P2M/410008916794/BIGBASKET,-1157.00,Groceries,Discretionary
B1544,bank,2026-02-12,2026-02-01,UPI/P2M/410009027660/OLA CABS,-436.00,Transport,Discretionary
B1545,bank,2026-02-13,2026-02-01,UPI/P2M/410009019741/RAPIDO,-191.00,Transport,Discretionary
B1546,bank,2026-02-14,2026-02-01,BBPS/TGSPDCL/ELECTRICITY BILL,-1925.00,Utilities,Fixed
B1547,bank,2026-02-14,2026-02-01,UPI/P2M/410008972227/SWIGGY,-776.00,Dining and delivery,Discretionary
B1548,bank,2026-02-14,2026-02-01,UPI/P2M/410008995984/UBER INDIA,-264.00,Transport,Discretionary
B1549,bank,2026-02-16,2026-02-01,UPI/P2M/410008940551/SWIGGY,-1245.00,Dining and delivery,Discretionary
B155,bank,2022-03-07,2022-03-01,UPI/P2M/410001045308/HYD METRO RAIL,-310.00,Transport,Discretionary
B1550,bank,2026-02-16,2026-02-01,ATM WDL/410009051417/HITECH CITY,-2500.00,Cash withdrawal,Discretionary
B1551,bank,2026-02-19,2026-02-01,UPI/P2M/410008964308/SWIGGY,-1449.00,Dining and delivery,Discretionary
B1552,bank,2026-02-21,2026-02-01,UPI/P2M/410008956389/SWIGGY,-204.00,Dining and delivery,Discretionary
B1553,bank,2026-02-25,2026-02-01,ACH/OFFICE REIT/DISTRIBUTION,1798.00,Investment income,Income
B1554,bank,2026-02-26,2026-02-01,UPI/P2M/410008924713/ZEPTO,-2623.00,Groceries,Discretionary
B1555,bank,2026-02-26,2026-02-01,UPI/P2M/410009003903/OLA CABS,-293.00,Transport,Discretionary
B1556,bank,2026-02-26,2026-02-01,UPI/P2M/410009011822/HYD METRO RAIL,-240.00,Transport,Discretionary
B1557,bank,2026-02-27,2026-02-01,NEFT/VERTEXA TECHNOLOGIES PVT LTD/SALARY FEB26,177479.00,Salary,Income
B1558,bank,2026-02-27,2026-02-01,UPI/P2M/410009043498/APOLLO PHARMACY,-490.00,Health,Discretionary
B1559,bank,2026-03-01,2026-03-01,UPI/P2P/410009075174/LAKSHMI/maid salary,-3900.00,Household help,Fixed
B156,bank,2022-03-07,2022-03-01,NACH/BSE STAR MF/NIFTY 50 INDEX FUND SIP,-6000.00,Equity fund,Investments
B1560,bank,2026-03-02,2026-03-01,IMPS/410009067255/TO FATHER/monthly support,-7800.00,Family support,Fixed
B1561,bank,2026-03-02,2026-03-01,UPI/P2M/410009162283/SWIGGY,-571.00,Dining and delivery,Discretionary
B1562,bank,2026-03-03,2026-03-01,UPI/P2P/410009059336/SUNITA REDDY/Rent,-26500.00,Rent,Fixed
B1563,bank,2026-03-03,2026-03-01,CC BILL PAYMENT/HDFC CC XX4321,-110502.00,Card bill payment,Transfer
B1564,bank,2026-03-05,2026-03-01,NACH/ACT FIBERNET/BROADBAND,-1178.00,Utilities,Fixed
B1565,bank,2026-03-05,2026-03-01,NACH/HDFC BANK/CAR LOAN EMI/CAR-01,-13493.00,Loan EMIs,Fixed
B1566,bank,2026-03-05,2026-03-01,UPI/P2M/410009146445/SWIGGY,-266.00,Dining and delivery,Discretionary
B1567,bank,2026-03-06,2026-03-01,UPI/P2M/410009138526/ZOMATO,-670.00,Dining and delivery,Discretionary
B1568,bank,2026-03-07,2026-03-01,UPI/P2M/410009083093/AIRTEL PREPAID,-349.00,Utilities,Fixed
B1569,bank,2026-03-07,2026-03-01,UPI/P2M/410009106850/ZEPTO,-1920.00,Groceries,Discretionary
B157,bank,2022-03-08,2022-03-01,UPI/P2M/410000926523/AIRTEL PREPAID,-299.00,Utilities,Fixed
B1570,bank,2026-03-07,2026-03-01,NACH/BSE STAR MF/NIFTY 50 INDEX FUND SIP,-18200.00,Equity fund,Investments
B1571,bank,2026-03-07,2026-03-01,NACH/BSE STAR MF/SHORT TERM DEBT FUND SIP,-3000.00,Debt fund,Investments
B1572,bank,2026-03-08,2026-03-01,UPI/P2M/410009209797/APOLLO PHARMACY,-998.00,Health,Discretionary
B1573,bank,2026-03-10,2026-03-01,UPI/P2M/410009114769/BIGBASKET,-1312.00,Groceries,Discretionary
B1574,bank,2026-03-11,2026-03-01,BBPS/TGSPDCL/ELECTRICITY BILL,-1652.00,Utilities,Fixed
B1575,bank,2026-03-11,2026-03-01,UPI/P2M/410009178121/OLA CABS,-683.00,Transport,Discretionary
B1576,bank,2026-03-13,2026-03-01,UPI/P2M/410009098931/BIGBASKET,-1530.00,Groceries,Discretionary
B1577,bank,2026-03-13,2026-03-01,UPI/P2M/410009130607/SWIGGY,-1447.00,Dining and delivery,Discretionary
B1578,bank,2026-03-13,2026-03-01,ATM WDL/410009217716/HITECH CITY,-3000.00,Cash withdrawal,Discretionary
B1579,bank,2026-03-16,2026-03-01,UPI/P2M/410009122688/SWIGGY,-516.00,Dining and delivery,Discretionary
B158,bank,2022-03-08,2022-03-01,UPI/P2M/410001029470/HYD METRO RAIL,-74.00,Transport,Discretionary
B1580,bank,2026-03-17,2026-03-01,UPI/P2M/410009091012/BIGBASKET,-2521.00,Groceries,Discretionary
B1581,bank,2026-03-21,2026-03-01,NEFT/ICICI LOMBARD/MOTOR INSURANCE,-15674.00,Insurance,Fixed
B1582,bank,2026-03-21,2026-03-01,UPI/P2M/410009201878/HYD METRO RAIL,-335.00,Transport,Discretionary
B1583,bank,2026-03-23,2026-03-01,UPI/P2M/410009186040/OLA CABS,-421.00,Transport,Discretionary
B1584,bank,2026-03-25,2026-03-01,UPI/P2M/410009154364/SWIGGY,-708.00,Dining and delivery,Discretionary
B1585,bank,2026-03-27,2026-03-01,UPI/P2M/410009170202/ZOMATO,-841.00,Dining and delivery,Discretionary
B1586,bank,2026-03-27,2026-03-01,UPI/P2M/410009193959/HYD METRO RAIL,-238.00,Transport,Discretionary
B1587,bank,2026-03-30,2026-03-01,NEFT/VERTEXA TECHNOLOGIES PVT LTD/SALARY MAR26,177479.00,Salary,Income
B1588,bank,2026-04-01,2026-04-01,UPI/P2P/410009241473/LAKSHMI/maid salary,-3900.00,Household help,Fixed
B1589,bank,2026-04-01,2026-04-01,UPI/P2M/410009304825/ZOMATO,-2780.00,Dining and delivery,Discretionary
B159,bank,2022-03-10,2022-03-01,UPI/P2M/410001021551/UBER INDIA,-816.00,Transport,Discretionary
B1590,bank,2026-04-02,2026-04-01,IMPS/410009233554/TO FATHER/monthly support,-7800.00,Family support,Fixed
B1591,bank,2026-04-03,2026-04-01,UPI/P2P/410009225635/SUNITA REDDY/Rent,-26500.00,Rent,Fixed
B1592,bank,2026-04-03,2026-04-01,CC BILL PAYMENT/HDFC CC XX4321,-18896.00,Card bill payment,Transfer
B1593,bank,2026-04-04,2026-04-01,UPI/P2M/410009273149/BLINKIT,-2013.00,Groceries,Discretionary
B1594,bank,2026-04-04,2026-04-01,TRF TO PPF A/C 3021XXXX88,-90000.00,PPF,Investments
B1595,bank,2026-04-05,2026-04-01,NACH/ACT FIBERNET/BROADBAND,-1178.00,Utilities,Fixed
B1596,bank,2026-04-05,2026-04-01,NACH/HDFC BANK/CAR LOAN EMI/CAR-01,-13493.00,Loan EMIs,Fixed
B1597,bank,2026-04-06,2026-04-01,UPI/P2M/410009249392/AIRTEL PREPAID,-349.00,Utilities,Fixed
B1598,bank,2026-04-07,2026-04-01,NACH/BSE STAR MF/NIFTY 50 INDEX FUND SIP,-20000.00,Equity fund,Investments
B1599,bank,2026-04-07,2026-04-01,NACH/BSE STAR MF/SHORT TERM DEBT FUND SIP,-3000.00,Debt fund,Investments
B16,bank,2021-10-13,2021-10-01,BBPS/TGSPDCL/ELECTRICITY BILL,-1686.00,Utilities,Fixed
B160,bank,2022-03-10,2022-03-01,UPI/P2M/410001069065/RAPIDO,-242.00,Transport,Discretionary
B1600,bank,2026-04-09,2026-04-01,UPI/P2M/410009281068/BLINKIT,-1720.00,Groceries,Discretionary
B1601,bank,2026-04-11,2026-04-01,UPI/P2M/410009320663/UBER INDIA,-102.00,Transport,Discretionary
B1602,bank,2026-04-12,2026-04-01,BBPS/TGSPDCL/ELECTRICITY BILL,-4335.00,Utilities,Fixed
B1603,bank,2026-04-13,2026-04-01,UPI/P2M/410009296906/ZOMATO,-721.00,Dining and delivery,Discretionary
B1604,bank,2026-04-15,2026-04-01,NEFT/VERTEXA TECHNOLOGIES PVT LTD/PERF BONUS FY25,164269.00,Bonus,Income
B1605,bank,2026-04-15,2026-04-01,UPI/P2M/410009344420/UBER INDIA,-579.00,Transport,Discretionary
B1606,bank,2026-04-16,2026-04-01,UPI/P2M/410009336501/UBER INDIA,-248.00,Transport,Discretionary
B1607,bank,2026-04-19,2026-04-01,UPI/P2M/410009352339/UBER INDIA,-182.00,Transport,Discretionary
B1608,bank,2026-04-20,2026-04-01,UPI/P2M/410009257311/ZEPTO,-2213.00,Groceries,Discretionary
B1609,bank,2026-04-22,2026-04-01,UPI/P2M/410009368177/RAPIDO,-143.00,Transport,Discretionary
B161,bank,2022-03-12,2022-03-01,UPI/P2M/410001076984/APOLLO PHARMACY,-600.00,Health,Discretionary
B1610,bank,2026-04-23,2026-04-01,UPI/P2M/410009265230/BLINKIT,-1197.00,Groceries,Discretionary
B1611,bank,2026-04-23,2026-04-01,UPI/P2M/410009288987/ZOMATO,-675.00,Dining and delivery,Discretionary
B1612,bank,2026-04-23,2026-04-01,UPI/P2M/410009376096/APOLLO PHARMACY,-483.00,Health,Discretionary
B1613,bank,2026-04-24,2026-04-01,UPI/P2M/410009328582/UBER INDIA,-68.00,Transport,Discretionary
B1614,bank,2026-04-24,2026-04-01,ATM WDL/410009384015/HITECH CITY,-2000.00,Cash withdrawal,Discretionary
B1615,bank,2026-04-26,2026-04-01,UPI/P2M/410009312744/ZOMATO,-285.00,Dining and delivery,Discretionary
B1616,bank,2026-04-26,2026-04-01,UPI/P2M/410009360258/UBER INDIA,-367.00,Transport,Discretionary
B1617,bank,2026-04-29,2026-04-01,NEFT/VERTEXA TECHNOLOGIES PVT LTD/SALARY APR26,190019.00,Salary,Income
B1618,bank,2026-05-01,2026-05-01,UPI/P2P/410009407772/LAKSHMI/maid salary,-3900.00,Household help,Fixed
B1619,bank,2026-05-01,2026-05-01,UPI/P2M/410009471124/ZOMATO,-443.00,Dining and delivery,Discretionary
B162,bank,2022-03-14,2022-03-01,BBPS/TGSPDCL/ELECTRICITY BILL,-1337.00,Utilities,Fixed
B1620,bank,2026-05-01,2026-05-01,UPI/P2M/410009542395/RAPIDO,-156.00,Transport,Discretionary
B1621,bank,2026-05-02,2026-05-01,IMPS/410009399853/TO FATHER/monthly support,-7800.00,Family support,Fixed
B1622,bank,2026-05-03,2026-05-01,UPI/P2P/410009391934/SUNITA REDDY/Rent,-26500.00,Rent,Fixed
B1623,bank,2026-05-03,2026-05-01,CC BILL PAYMENT/HDFC CC XX4321,-20138.00,Card bill payment,Transfer
B1624,bank,2026-05-05,2026-05-01,NACH/ACT FIBERNET/BROADBAND,-1178.00,Utilities,Fixed
B1625,bank,2026-05-05,2026-05-01,NACH/HDFC BANK/CAR LOAN EMI/CAR-01,-13493.00,Loan EMIs,Fixed
B1626,bank,2026-05-06,2026-05-01,UPI/P2M/410009415691/AIRTEL PREPAID,-349.00,Utilities,Fixed
B1627,bank,2026-05-06,2026-05-01,UPI/P2M/410009431529/ZEPTO,-4997.00,Groceries,Discretionary
B1628,bank,2026-05-06,2026-05-01,ATM WDL/410009581990/HITECH CITY,-2000.00,Cash withdrawal,Discretionary
B1629,bank,2026-05-07,2026-05-01,UPI/P2M/410009526557/OLA CABS,-181.00,Transport,Discretionary
B163,bank,2022-03-14,2022-03-01,UPI/P2M/410000981956/SWIGGY,-745.00,Dining and delivery,Discretionary
B1630,bank,2026-05-07,2026-05-01,UPI/P2M/410009558233/RAPIDO,-404.00,Transport,Discretionary
B1631,bank,2026-05-07,2026-05-01,NACH/BSE STAR MF/NIFTY 50 INDEX FUND SIP,-20000.00,Equity fund,Investments
B1632,bank,2026-05-07,2026-05-01,NACH/BSE STAR MF/SHORT TERM DEBT FUND SIP,-3000.00,Debt fund,Investments
B1633,bank,2026-05-08,2026-05-01,UPI/P2M/410009439448/BLINKIT,-1657.00,Groceries,Discretionary
B1634,bank,2026-05-08,2026-05-01,UPI/P2M/410009502800/SWIGGY,-955.00,Dining and delivery,Discretionary
B1635,bank,2026-05-09,2026-05-01,UPI/P2M/410009486962/SWIGGY,-475.00,Dining and delivery,Discretionary
B1636,bank,2026-05-10,2026-05-01,UPI/P2M/410009566152/UBER INDIA,-208.00,Transport,Discretionary
B1637,bank,2026-05-10,2026-05-01,BSE STAR MF/NIFTY 50 INDEX FUND LUMPSUM,-330000.00,Equity fund,Investments
B1638,bank,2026-05-11,2026-05-01,UPI/P2M/410009510719/ZOMATO,-664.00,Dining and delivery,Discretionary
B1639,bank,2026-05-12,2026-05-01,UPI/P2M/410009447367/ZOMATO,-426.00,Dining and delivery,Discretionary
B164,bank,2022-03-14,2022-03-01,UPI/P2M/410001061146/UBER INDIA,-352.00,Transport,Discretionary
B1640,bank,2026-05-13,2026-05-01,BBPS/TGSPDCL/ELECTRICITY BILL,-3995.00,Utilities,Fixed
B1641,bank,2026-05-13,2026-05-01,UPI/P2M/410009494881/ZOMATO,-836.00,Dining and delivery,Discretionary
B1642,bank,2026-05-16,2026-05-01,UPI/P2M/410009518638/RAPIDO,-60.00,Transport,Discretionary
B1643,bank,2026-05-19,2026-05-01,UPI/P2M/410009479043/SWIGGY,-595.00,Dining and delivery,Discretionary
B1644,bank,2026-05-22,2026-05-01,UPI/P2M/410009463205/ZOMATO,-232.00,Dining and delivery,Discretionary
B1645,bank,2026-05-22,2026-05-01,UPI/P2M/410009550314/RAPIDO,-60.00,Transport,Discretionary
B1646,bank,2026-05-23,2026-05-01,UPI/P2M/410009574071/APOLLO PHARMACY,-1158.00,Health,Discretionary
B1647,bank,2026-05-24,2026-05-01,UPI/P2M/410009534476/HYD METRO RAIL,-361.00,Transport,Discretionary
B1648,bank,2026-05-25,2026-05-01,ACH/OFFICE REIT/DISTRIBUTION,1911.00,Investment income,Income
B1649,bank,2026-05-27,2026-05-01,UPI/P2M/410009423610/BLINKIT,-925.00,Groceries,Discretionary
B165,bank,2022-03-15,2022-03-01,UPI/P2M/410000934442/BIGBASKET,-490.00,Groceries,Discretionary
B1650,bank,2026-05-28,2026-05-01,UPI/P2M/410009455286/SWIGGY,-139.00,Dining and delivery,Discretionary
B1651,bank,2026-05-30,2026-05-01,NEFT/VERTEXA TECHNOLOGIES PVT LTD/SALARY MAY26,190019.00,Salary,Income
B1652,bank,2026-06-01,2026-06-01,UPI/P2P/410009605747/LAKSHMI/maid salary,-3900.00,Household help,Fixed
B1653,bank,2026-06-01,2026-06-01,UPI/P2M/410009692856/HYD METRO RAIL,-225.00,Transport,Discretionary
B1654,bank,2026-06-02,2026-06-01,IMPS/410009597828/TO FATHER/monthly support,-7900.00,Family support,Fixed
B1655,bank,2026-06-02,2026-06-01,UPI/P2M/410009716613/OLA CABS,-60.00,Transport,Discretionary
B1656,bank,2026-06-03,2026-06-01,UPI/P2P/410009589909/SUNITA REDDY/Rent,-26500.00,Rent,Fixed
B1657,bank,2026-06-03,2026-06-01,CC BILL PAYMENT/HDFC CC XX4321,-21761.00,Card bill payment,Transfer
B1658,bank,2026-06-05,2026-06-01,NACH/ACT FIBERNET/BROADBAND,-1178.00,Utilities,Fixed
B1659,bank,2026-06-05,2026-06-01,NACH/HDFC BANK/CAR LOAN EMI/CAR-01,-13493.00,Loan EMIs,Fixed
B166,bank,2022-03-17,2022-03-01,UPI/P2M/410001005713/ZOMATO,-1340.00,Dining and delivery,Discretionary
B1660,bank,2026-06-05,2026-06-01,ATM WDL/410009732451/HITECH CITY,-2500.00,Cash withdrawal,Discretionary
B1661,bank,2026-06-06,2026-06-01,UPI/P2M/410009613666/AIRTEL PREPAID,-349.00,Utilities,Fixed
B1662,bank,2026-06-06,2026-06-01,UPI/P2M/410009669099/HYD METRO RAIL,-105.00,Transport,Discretionary
B1663,bank,2026-06-07,2026-06-01,NACH/BSE STAR MF/NIFTY 50 INDEX FUND SIP,-20000.00,Equity fund,Investments
B1664,bank,2026-06-07,2026-06-01,NACH/BSE STAR MF/SHORT TERM DEBT FUND SIP,-3000.00,Debt fund,Investments
B1665,bank,2026-06-09,2026-06-01,UPI/P2M/410009661180/SWIGGY,-735.00,Dining and delivery,Discretionary
B1666,bank,2026-06-10,2026-06-01,BBPS/TGSPDCL/ELECTRICITY BILL,-3793.00,Utilities,Fixed
B1667,bank,2026-06-10,2026-06-01,NACH/HDFC LIFE/TERM PREMIUM,-11800.00,Insurance,Fixed
B1668,bank,2026-06-10,2026-06-01,UPI/P2M/410009708694/HYD METRO RAIL,-406.00,Transport,Discretionary
B1669,bank,2026-06-12,2026-06-01,UPI/P2M/410009684937/RAPIDO,-427.00,Transport,Discretionary
B167,bank,2022-03-18,2022-03-01,UPI/P2M/410000950280/BLINKIT,-1399.00,Groceries,Discretionary
B1670,bank,2026-06-14,2026-06-01,UPI/P2M/410009629504/BLINKIT,-2410.00,Groceries,Discretionary
B1671,bank,2026-06-16,2026-06-01,UPI/P2M/410009645342/ZEPTO,-3781.00,Groceries,Discretionary
B1672,bank,2026-06-21,2026-06-01,UPI/P2M/410009700775/HYD METRO RAIL,-278.00,Transport,Discretionary
B1673,bank,2026-06-22,2026-06-01,UPI/P2M/410009621585/BIGBASKET,-429.00,Groceries,Discretionary
B1674,bank,2026-06-23,2026-06-01,UPI/P2M/410009653261/ZEPTO,-1411.00,Groceries,Discretionary
B1675,bank,2026-06-24,2026-06-01,UPI/P2M/410009637423/BIGBASKET,-2386.00,Groceries,Discretionary
B1676,bank,2026-06-24,2026-06-01,UPI/P2M/410009677018/UBER INDIA,-223.00,Transport,Discretionary
B1677,bank,2026-06-28,2026-06-01,UPI/P2M/410009724532/APOLLO PHARMACY,-859.00,Health,Discretionary
B1678,bank,2026-06-29,2026-06-01,NEFT/VERTEXA TECHNOLOGIES PVT LTD/SALARY JUN26,190019.00,Salary,Income
B1679,bank,2026-07-01,2026-07-01,UPI/P2P/410009756208/LAKSHMI/maid salary,-4000.00,Household help,Fixed
B168,bank,2022-03-20,2022-03-01,UPI/P2M/410000958199/BIGBASKET,-875.00,Groceries,Discretionary
B1680,bank,2026-07-01,2026-07-01,UPI/P2M/410009772046/BIGBASKET,-2446.00,Groceries,Discretionary
B1681,bank,2026-07-02,2026-07-01,IMPS/410009748289/TO FATHER/monthly support,-7900.00,Family support,Fixed
B1682,bank,2026-07-03,2026-07-01,UPI/P2P/410009740370/SUNITA REDDY/Rent,-26500.00,Rent,Fixed
B1683,bank,2026-07-03,2026-07-01,CC BILL PAYMENT/HDFC CC XX4321,-23421.00,Card bill payment,Transfer
B1684,bank,2026-07-04,2026-07-01,UPI/P2M/410009906669/APOLLO PHARMACY,-769.00,Health,Discretionary
B1685,bank,2026-07-04,2026-07-01,ATM WDL/410009914588/HITECH CITY,-3000.00,Cash withdrawal,Discretionary
B1686,bank,2026-07-05,2026-07-01,NACH/ACT FIBERNET/BROADBAND,-1178.00,Utilities,Fixed
B1687,bank,2026-07-05,2026-07-01,NACH/HDFC BANK/CAR LOAN EMI/CAR-01,-13493.00,Loan EMIs,Fixed
B1688,bank,2026-07-06,2026-07-01,UPI/P2M/410009764127/AIRTEL PREPAID,-349.00,Utilities,Fixed
B1689,bank,2026-07-06,2026-07-01,UPI/P2M/410009874993/RAPIDO,-221.00,Transport,Discretionary
B169,bank,2022-03-21,2022-03-01,UPI/P2M/410000966118/SWIGGY,-432.00,Dining and delivery,Discretionary
B1690,bank,2026-07-07,2026-07-01,NACH/BSE STAR MF/NIFTY 50 INDEX FUND SIP,-20000.00,Equity fund,Investments
B1691,bank,2026-07-07,2026-07-01,NACH/BSE STAR MF/SHORT TERM DEBT FUND SIP,-3000.00,Debt fund,Investments
B1692,bank,2026-07-10,2026-07-01,UPI/P2M/410009819560/SWIGGY,-241.00,Dining and delivery,Discretionary
B1693,bank,2026-07-10,2026-07-01,UPI/P2M/410009827479/SWIGGY,-561.00,Dining and delivery,Discretionary
B1694,bank,2026-07-11,2026-07-01,UPI/P2M/410009843317/ZOMATO,-793.00,Dining and delivery,Discretionary
B1695,bank,2026-07-12,2026-07-01,UPI/P2M/410009803722/ZOMATO,-1032.00,Dining and delivery,Discretionary
B1696,bank,2026-07-14,2026-07-01,BBPS/TGSPDCL/ELECTRICITY BILL,-1704.00,Utilities,Fixed
B1697,bank,2026-07-14,2026-07-01,UPI/P2M/410009811641/SWIGGY,-680.00,Dining and delivery,Discretionary
B1698,bank,2026-07-15,2026-07-01,UPI/P2M/410009779965/BLINKIT,-2001.00,Groceries,Discretionary
B1699,bank,2026-07-15,2026-07-01,UPI/P2M/410009882912/OLA CABS,-583.00,Transport,Discretionary
B17,bank,2021-10-13,2021-10-01,UPI/P2M/410000110866/UBER INDIA,-262.00,Transport,Discretionary
B170,bank,2022-03-21,2022-03-01,UPI/P2M/410001013632/ZOMATO,-689.00,Dining and delivery,Discretionary
B1700,bank,2026-07-15,2026-07-01,UPI/P2M/410009898750/OLA CABS,-148.00,Transport,Discretionary
B1701,bank,2026-07-16,2026-07-01,UPI/P2M/410009859155/UBER INDIA,-317.00,Transport,Discretionary
B1702,bank,2026-07-21,2026-07-01,UPI/P2M/410009795803/ZOMATO,-639.00,Dining and delivery,Discretionary
B1703,bank,2026-07-22,2026-07-01,UPI/P2M/410009890831/UBER INDIA,-329.00,Transport,Discretionary
B1704,bank,2026-07-23,2026-07-01,UPI/P2M/410009851236/ZOMATO,-582.00,Dining and delivery,Discretionary
B1705,bank,2026-07-25,2026-07-01,UPI/P2M/410009787884/BIGBASKET,-1591.00,Groceries,Discretionary
B1706,bank,2026-07-25,2026-07-01,UPI/P2M/410009835398/SWIGGY,-573.00,Dining and delivery,Discretionary
B1707,bank,2026-07-27,2026-07-01,UPI/P2M/410009867074/HYD METRO RAIL,-103.00,Transport,Discretionary
B1708,bank,2026-07-30,2026-07-01,NEFT/VERTEXA TECHNOLOGIES PVT LTD/SALARY JUL26,190019.00,Salary,Income
B1709,bank,2026-08-01,2026-08-01,UPI/P2P/410009938345/LAKSHMI/maid salary,-4000.00,Household help,Fixed
B171,bank,2022-03-22,2022-03-01,UPI/P2M/410000942361/BIGBASKET,-1244.00,Groceries,Discretionary
B1710,bank,2026-08-02,2026-08-01,IMPS/410009930426/TO FATHER/monthly support,-8000.00,Family support,Fixed
B1711,bank,2026-08-03,2026-08-01,UPI/P2P/410009922507/SUNITA REDDY/Rent,-26500.00,Rent,Fixed
B1712,bank,2026-08-03,2026-08-01,UPI/P2M/410009970021/BIGBASKET,-379.00,Groceries,Discretionary
B1713,bank,2026-08-03,2026-08-01,CC BILL PAYMENT/HDFC CC XX4321,-22985.00,Card bill payment,Transfer
B1714,bank,2026-08-04,2026-08-01,UPI/P2M/410010088806/UBER INDIA,-558.00,Transport,Discretionary
B1715,bank,2026-08-05,2026-08-01,NACH/ACT FIBERNET/BROADBAND,-1178.00,Utilities,Fixed
B1716,bank,2026-08-05,2026-08-01,NACH/HDFC BANK/CAR LOAN EMI/CAR-01,-13493.00,Loan EMIs,Fixed
B1717,bank,2026-08-05,2026-08-01,UPI/P2M/410009954183/BLINKIT,-3224.00,Groceries,Discretionary
B1718,bank,2026-08-06,2026-08-01,UPI/P2M/410009946264/AIRTEL PREPAID,-349.00,Utilities,Fixed
B1719,bank,2026-08-07,2026-08-01,NACH/BSE STAR MF/NIFTY 50 INDEX FUND SIP,-20000.00,Equity fund,Investments
B172,bank,2022-03-23,2022-03-01,UPI/P2M/410000989875/SWIGGY,-963.00,Dining and delivery,Discretionary
B1720,bank,2026-08-07,2026-08-01,NACH/BSE STAR MF/SHORT TERM DEBT FUND SIP,-3000.00,Debt fund,Investments
B1721,bank,2026-08-08,2026-08-01,UPI/P2M/410010017535/ZOMATO,-460.00,Dining and delivery,Discretionary
B1722,bank,2026-08-09,2026-08-01,UPI/P2M/410010057130/SWIGGY,-151.00,Dining and delivery,Discretionary
B1723,bank,2026-08-10,2026-08-01,UPI/P2M/410010096725/APOLLO PHARMACY,-706.00,Health,Discretionary
B1724,bank,2026-08-11,2026-08-01,UPI/P2M/410010065049/RAPIDO,-239.00,Transport,Discretionary
B1725,bank,2026-08-11,2026-08-01,UPI/P2M/410010080887/RAPIDO,-370.00,Transport,Discretionary
B1726,bank,2026-08-12,2026-08-01,BBPS/TGSPDCL/ELECTRICITY BILL,-2283.00,Utilities,Fixed
B1727,bank,2026-08-12,2026-08-01,UPI/P2M/410010009616/SWIGGY,-881.00,Dining and delivery,Discretionary
B1728,bank,2026-08-17,2026-08-01,UPI/P2M/410010001697/SWIGGY,-1329.00,Dining and delivery,Discretionary
B1729,bank,2026-08-17,2026-08-01,UPI/P2M/410010025454/SWIGGY,-360.00,Dining and delivery,Discretionary
B173,bank,2022-03-30,2022-03-01,NEFT/NIMBUS SOFTWARE PVT LTD/SALARY MAR22,95837.00,Salary,Income
B1730,bank,2026-08-18,2026-08-01,UPI/P2M/410009985859/BLINKIT,-1576.00,Groceries,Discretionary
B1731,bank,2026-08-19,2026-08-01,UPI/P2M/410010072968/RAPIDO,-112.00,Transport,Discretionary
B1732,bank,2026-08-20,2026-08-01,UPI/P2M/410009962102/BIGBASKET,-1630.00,Groceries,Discretionary
B1733,bank,2026-08-21,2026-08-01,UPI/P2M/410010049211/SWIGGY,-339.00,Dining and delivery,Discretionary
B1734,bank,2026-08-25,2026-08-01,ACH/OFFICE REIT/DISTRIBUTION,1918.00,Investment income,Income
B1735,bank,2026-08-25,2026-08-01,UPI/P2M/410009977940/ZEPTO,-717.00,Groceries,Discretionary
B1736,bank,2026-08-25,2026-08-01,UPI/P2M/410009993778/BIGBASKET,-1789.00,Groceries,Discretionary
B1737,bank,2026-08-27,2026-08-01,UPI/P2M/410010033373/SWIGGY,-492.00,Dining and delivery,Discretionary
B1738,bank,2026-08-27,2026-08-01,UPI/P2M/410010041292/ZOMATO,-610.00,Dining and delivery,Discretionary
B1739,bank,2026-08-28,2026-08-01,ATM WDL/410010104644/HITECH CITY,-2500.00,Cash withdrawal,Discretionary
B174,bank,2022-04-01,2022-04-01,UPI/P2P/410001108660/LAKSHMI/maid salary,-3100.00,Household help,Fixed
B1740,bank,2026-08-30,2026-08-01,NEFT/VERTEXA TECHNOLOGIES PVT LTD/SALARY AUG26,190019.00,Salary,Income
B1741,bank,2026-09-01,2026-09-01,UPI/P2P/410010128401/LAKSHMI/maid salary,-4000.00,Household help,Fixed
B1742,bank,2026-09-01,2026-09-01,UPI/P2M/410010183834/SWIGGY,-583.00,Dining and delivery,Discretionary
B1743,bank,2026-09-02,2026-09-01,IMPS/410010120482/TO FATHER/monthly support,-8000.00,Family support,Fixed
B1744,bank,2026-09-02,2026-09-01,UPI/P2M/410010144239/BLINKIT,-1054.00,Groceries,Discretionary
B1745,bank,2026-09-02,2026-09-01,UPI/P2M/410010152158/BLINKIT,-406.00,Groceries,Discretionary
B1746,bank,2026-09-02,2026-09-01,UPI/P2M/410010231348/SWIGGY,-300.00,Dining and delivery,Discretionary
B1747,bank,2026-09-03,2026-09-01,UPI/P2P/410010112563/SUNITA REDDY/Rent,-26500.00,Rent,Fixed
B1748,bank,2026-09-03,2026-09-01,UPI/P2M/410010263024/HYD METRO RAIL,-433.00,Transport,Discretionary
B1749,bank,2026-09-03,2026-09-01,CC BILL PAYMENT/HDFC CC XX4321,-22140.00,Card bill payment,Transfer
B175,bank,2022-04-02,2022-04-01,IMPS/410001100741/TO FATHER/monthly support,-6200.00,Family support,Fixed
B1750,bank,2026-09-05,2026-09-01,NACH/ACT FIBERNET/BROADBAND,-1178.00,Utilities,Fixed
B1751,bank,2026-09-05,2026-09-01,NACH/HDFC BANK/CAR LOAN EMI/CAR-01,-13493.00,Loan EMIs,Fixed
B1752,bank,2026-09-05,2026-09-01,UPI/P2M/410010160077/ZEPTO,-4467.00,Groceries,Discretionary
B1753,bank,2026-09-05,2026-09-01,UPI/P2M/410010278862/OLA CABS,-256.00,Transport,Discretionary
B1754,bank,2026-09-06,2026-09-01,UPI/P2M/410010207591/ZOMATO,-173.00,Dining and delivery,Discretionary
B1755,bank,2026-09-06,2026-09-01,UPI/P2M/410010302619/APOLLO PHARMACY,-414.00,Health,Discretionary
B1756,bank,2026-09-07,2026-09-01,ATM WDL/410010310538/HITECH CITY,-2500.00,Cash withdrawal,Discretionary
B1757,bank,2026-09-07,2026-09-01,NACH/BSE STAR MF/NIFTY 50 INDEX FUND SIP,-20000.00,Equity fund,Investments
B1758,bank,2026-09-07,2026-09-01,NACH/BSE STAR MF/SHORT TERM DEBT FUND SIP,-3000.00,Debt fund,Investments
B1759,bank,2026-09-08,2026-09-01,UPI/P2M/410010199672/SWIGGY,-612.00,Dining and delivery,Discretionary
B176,bank,2022-04-02,2022-04-01,UPI/P2M/410001251202/HYD METRO RAIL,-381.00,Transport,Discretionary
B1760,bank,2026-09-09,2026-09-01,UPI/P2M/410010136320/AIRTEL PREPAID,-349.00,Utilities,Fixed
B1761,bank,2026-09-14,2026-09-01,BBPS/TGSPDCL/ELECTRICITY BILL,-2067.00,Utilities,Fixed
B1762,bank,2026-09-14,2026-09-01,UPI/P2M/410010255105/OLA CABS,-189.00,Transport,Discretionary
B1763,bank,2026-09-15,2026-09-01,UPI/P2M/410010286781/RAPIDO,-207.00,Transport,Discretionary
B1764,bank,2026-09-17,2026-09-01,UPI/P2M/410010223429/SWIGGY,-729.00,Dining and delivery,Discretionary
B1765,bank,2026-09-19,2026-09-01,UPI/P2M/410010191753/ZOMATO,-1067.00,Dining and delivery,Discretionary
B1766,bank,2026-09-19,2026-09-01,UPI/P2M/410010294700/UBER INDIA,-121.00,Transport,Discretionary
B1767,bank,2026-09-20,2026-09-01,UPI/P2M/410010247186/OLA CABS,-225.00,Transport,Discretionary
B1768,bank,2026-09-21,2026-09-01,UPI/P2M/410010175915/SWIGGY,-650.00,Dining and delivery,Discretionary
B1769,bank,2026-09-21,2026-09-01,UPI/P2M/410010270943/HYD METRO RAIL,-120.00,Transport,Discretionary
B177,bank,2022-04-03,2022-04-01,UPI/P2P/410001092822/RAMESH K/Rent,-15000.00,Rent,Fixed
B1770,bank,2026-09-22,2026-09-01,UPI/P2M/410010167996/ZEPTO,-2120.00,Groceries,Discretionary
B1771,bank,2026-09-25,2026-09-01,UPI/P2M/410010239267/ZOMATO,-459.00,Dining and delivery,Discretionary
B1772,bank,2026-09-28,2026-09-01,UPI/P2M/410010215510/SWIGGY,-578.00,Dining and delivery,Discretionary
B1773,bank,2026-09-29,2026-09-01,NEFT/VERTEXA TECHNOLOGIES PVT LTD/SALARY SEP26,190019.00,Salary,Income
B178,bank,2022-04-03,2022-04-01,CC BILL PAYMENT/HDFC CC XX4321,-15155.00,Card bill payment,Transfer
B179,bank,2022-04-05,2022-04-01,NACH/ACT FIBERNET/BROADBAND,-1060.00,Utilities,Fixed
B18,bank,2021-10-14,2021-10-01,UPI/P2M/410000079190/SWIGGY,-468.00,Dining and delivery,Discretionary
B180,bank,2022-04-05,2022-04-01,NACH/SBI/EDUCATION LOAN EMI/EDU-01,-12896.00,Loan EMIs,Fixed
B181,bank,2022-04-06,2022-04-01,UPI/P2M/410001227445/HYD METRO RAIL,-238.00,Transport,Discretionary
B182,bank,2022-04-07,2022-04-01,NACH/BSE STAR MF/NIFTY 50 INDEX FUND SIP,-6600.00,Equity fund,Investments
B183,bank,2022-04-07,2022-04-01,NACH/BSE STAR MF/SHORT TERM DEBT FUND SIP,-3000.00,Debt fund,Investments
B184,bank,2022-04-08,2022-04-01,UPI/P2M/410001156174/BLINKIT,-1053.00,Groceries,Discretionary
B185,bank,2022-04-09,2022-04-01,UPI/P2M/410001116579/AIRTEL PREPAID,-299.00,Utilities,Fixed
B186,bank,2022-04-09,2022-04-01,UPI/P2M/410001187850/SWIGGY,-693.00,Dining and delivery,Discretionary
B187,bank,2022-04-11,2022-04-01,UPI/P2M/410001267040/APOLLO PHARMACY,-863.00,Health,Discretionary
B188,bank,2022-04-12,2022-04-01,UPI/P2M/410001124498/BLINKIT,-1951.00,Groceries,Discretionary
B189,bank,2022-04-13,2022-04-01,UPI/P2M/410001243283/OLA CABS,-181.00,Transport,Discretionary
B19,bank,2021-10-16,2021-10-01,UPI/P2M/410000031676/BIGBASKET,-818.00,Groceries,Discretionary
B190,bank,2022-04-14,2022-04-01,BBPS/TGSPDCL/ELECTRICITY BILL,-2711.00,Utilities,Fixed
B191,bank,2022-04-14,2022-04-01,UPI/P2M/410001211607/SWIGGY,-945.00,Dining and delivery,Discretionary
B192,bank,2022-04-14,2022-04-01,UPI/P2M/410001259121/HYD METRO RAIL,-178.00,Transport,Discretionary
B193,bank,2022-04-15,2022-04-01,NEFT/NIMBUS SOFTWARE PVT LTD/PERF BONUS FY21,87000.00,Bonus,Income
B194,bank,2022-04-15,2022-04-01,UPI/P2M/410001172012/SWIGGY,-959.00,Dining and delivery,Discretionary
B195,bank,2022-04-17,2022-04-01,UPI/P2M/410001235364/RAPIDO,-864.00,Transport,Discretionary
B196,bank,2022-04-18,2022-04-01,UPI/P2M/410001195769/SWIGGY,-792.00,Dining and delivery,Discretionary
B197,bank,2022-04-20,2022-04-01,FD BOOKED/FD-01/AUTO RENEW,-100000.00,Fixed deposit,Investments
B198,bank,2022-04-22,2022-04-01,UPI/P2M/410001132417/BIGBASKET,-2827.00,Groceries,Discretionary
B199,bank,2022-04-22,2022-04-01,UPI/P2M/410001179931/ZOMATO,-158.00,Dining and delivery,Discretionary
B2,bank,2021-10-02,2021-10-01,IMPS/410000007919/TO FATHER/monthly support,-6000.00,Family support,Fixed
B20,bank,2021-10-16,2021-10-01,UPI/P2M/410000166299/APOLLO PHARMACY,-838.00,Health,Discretionary
B200,bank,2022-04-22,2022-04-01,UPI/P2M/410001219526/UBER INDIA,-336.00,Transport,Discretionary
B201,bank,2022-04-25,2022-04-01,UPI/P2M/410001140336/BIGBASKET,-2044.00,Groceries,Discretionary
B202,bank,2022-04-27,2022-04-01,UPI/P2M/410001164093/SWIGGY,-398.00,Dining and delivery,Discretionary
B203,bank,2022-04-27,2022-04-01,ATM WDL/410001274959/HITECH CITY,-3000.00,Cash withdrawal,Discretionary
B204,bank,2022-04-28,2022-04-01,UPI/P2M/410001148255/ZEPTO,-860.00,Groceries,Discretionary
B205,bank,2022-04-28,2022-04-01,UPI/P2M/410001203688/SWIGGY,-760.00,Dining and delivery,Discretionary
B206,bank,2022-04-29,2022-04-01,NEFT/NIMBUS SOFTWARE PVT LTD/SALARY APR22,102983.00,Salary,Income
B207,bank,2022-05-01,2022-05-01,UPI/P2P/410001298716/LAKSHMI/maid salary,-3100.00,Household help,Fixed
B208,bank,2022-05-01,2022-05-01,ATM WDL/410001441258/HITECH CITY,-3000.00,Cash withdrawal,Discretionary
B209,bank,2022-05-02,2022-05-01,IMPS/410001290797/TO FATHER/monthly support,-6200.00,Family support,Fixed
B21,bank,2021-10-18,2021-10-01,UPI/P2M/410000095028/ZOMATO,-150.00,Dining and delivery,Discretionary
B210,bank,2022-05-03,2022-05-01,UPI/P2P/410001282878/RAMESH K/Rent,-15000.00,Rent,Fixed
B211,bank,2022-05-03,2022-05-01,CC BILL PAYMENT/HDFC CC XX4321,-9072.00,Card bill payment,Transfer
B212,bank,2022-05-05,2022-05-01,NACH/ACT FIBERNET/BROADBAND,-1060.00,Utilities,Fixed
B213,bank,2022-05-05,2022-05-01,NACH/SBI/EDUCATION LOAN EMI/EDU-01,-12896.00,Loan EMIs,Fixed
B214,bank,2022-05-05,2022-05-01,UPI/P2M/410001385825/RAPIDO,-395.00,Transport,Discretionary
B215,bank,2022-05-06,2022-05-01,UPI/P2M/410001306635/AIRTEL PREPAID,-299.00,Utilities,Fixed
B216,bank,2022-05-06,2022-05-01,UPI/P2M/410001338311/BIGBASKET,-435.00,Groceries,Discretionary
B217,bank,2022-05-07,2022-05-01,UPI/P2M/410001314554/BIGBASKET,-1667.00,Groceries,Discretionary
B218,bank,2022-05-07,2022-05-01,NACH/BSE STAR MF/NIFTY 50 INDEX FUND SIP,-6600.00,Equity fund,Investments
B219,bank,2022-05-07,2022-05-01,NACH/BSE STAR MF/SHORT TERM DEBT FUND SIP,-3000.00,Debt fund,Investments
B22,bank,2021-10-19,2021-10-01,UPI/P2M/410000039595/BIGBASKET,-1152.00,Groceries,Discretionary
B220,bank,2022-05-09,2022-05-01,UPI/P2M/410001354149/ZOMATO,-1629.00,Dining and delivery,Discretionary
B221,bank,2022-05-09,2022-05-01,UPI/P2M/410001377906/OLA CABS,-455.00,Transport,Discretionary
B222,bank,2022-05-10,2022-05-01,BSE STAR MF/NIFTY 50 INDEX FUND LUMPSUM,-70000.00,Equity fund,Investments
B223,bank,2022-05-12,2022-05-01,UPI/P2M/410001393744/OLA CABS,-275.00,Transport,Discretionary
B224,bank,2022-05-13,2022-05-01,UPI/P2M/410001369987/SWIGGY,-475.00,Dining and delivery,Discretionary
B225,bank,2022-05-14,2022-05-01,BBPS/TGSPDCL/ELECTRICITY BILL,-2842.00,Utilities,Fixed
B226,bank,2022-05-17,2022-05-01,UPI/P2M/410001330392/BIGBASKET,-896.00,Groceries,Discretionary
B227,bank,2022-05-17,2022-05-01,UPI/P2M/410001425420/UBER INDIA,-242.00,Transport,Discretionary
B228,bank,2022-05-18,2022-05-01,UPI/P2M/410001409582/HYD METRO RAIL,-422.00,Transport,Discretionary
B229,bank,2022-05-21,2022-05-01,UPI/P2M/410001322473/BIGBASKET,-1294.00,Groceries,Discretionary
B23,bank,2021-10-19,2021-10-01,UPI/P2M/410000087109/SWIGGY,-466.00,Dining and delivery,Discretionary
B230,bank,2022-05-21,2022-05-01,UPI/P2M/410001362068/SWIGGY,-854.00,Dining and delivery,Discretionary
B231,bank,2022-05-21,2022-05-01,UPI/P2M/410001417501/HYD METRO RAIL,-687.00,Transport,Discretionary
B232,bank,2022-05-21,2022-05-01,UPI/P2M/410001433339/APOLLO PHARMACY,-646.00,Health,Discretionary
B233,bank,2022-05-24,2022-05-01,UPI/P2M/410001401663/HYD METRO RAIL,-640.00,Transport,Discretionary
B234,bank,2022-05-26,2022-05-01,UPI/P2M/410001346230/ZOMATO,-448.00,Dining and delivery,Discretionary
B235,bank,2022-05-30,2022-05-01,NEFT/NIMBUS SOFTWARE PVT LTD/SALARY MAY22,102983.00,Salary,Income
B236,bank,2022-06-01,2022-06-01,UPI/P2P/410001465015/LAKSHMI/maid salary,-3100.00,Household help,Fixed
B237,bank,2022-06-02,2022-06-01,IMPS/410001457096/TO FATHER/monthly support,-6200.00,Family support,Fixed
B238,bank,2022-06-02,2022-06-01,UPI/P2M/410001504610/BIGBASKET,-2619.00,Groceries,Discretionary
B239,bank,2022-06-02,2022-06-01,UPI/P2M/410001520448/BIGBASKET,-1678.00,Groceries,Discretionary
B24,bank,2021-10-19,2021-10-01,UPI/P2M/410000182137/TANISHQ / DIWALI GIFTS,-10326.00,Gifts and festivals,Discretionary
B240,bank,2022-06-03,2022-06-01,UPI/P2P/410001449177/RAMESH K/Rent,-15000.00,Rent,Fixed
B241,bank,2022-06-03,2022-06-01,CC BILL PAYMENT/HDFC CC XX4321,-59783.00,Card bill payment,Transfer
B242,bank,2022-06-04,2022-06-01,UPI/P2M/410001623395/OLA CABS,-589.00,Transport,Discretionary
B243,bank,2022-06-05,2022-06-01,NACH/ACT FIBERNET/BROADBAND,-1060.00,Utilities,Fixed
B244,bank,2022-06-05,2022-06-01,NACH/SBI/EDUCATION LOAN EMI/EDU-01,-12896.00,Loan EMIs,Fixed
B245,bank,2022-06-05,2022-06-01,UPI/P2M/410001583800/RAPIDO,-255.00,Transport,Discretionary
B246,bank,2022-06-07,2022-06-01,NACH/BSE STAR MF/NIFTY 50 INDEX FUND SIP,-6600.00,Equity fund,Investments
B247,bank,2022-06-07,2022-06-01,NACH/BSE STAR MF/SHORT TERM DEBT FUND SIP,-3000.00,Debt fund,Investments
B248,bank,2022-06-08,2022-06-01,UPI/P2M/410001631314/APOLLO PHARMACY,-509.00,Health,Discretionary
B249,bank,2022-06-09,2022-06-01,UPI/P2M/410001472934/AIRTEL PREPAID,-299.00,Utilities,Fixed
B25,bank,2021-10-22,2021-10-01,UPI/P2M/410000063352/ZEPTO,-1041.00,Groceries,Discretionary
B250,bank,2022-06-09,2022-06-01,UPI/P2M/410001560043/ZOMATO,-1022.00,Dining and delivery,Discretionary
B251,bank,2022-06-10,2022-06-01,NACH/HDFC LIFE/TERM PREMIUM,-11800.00,Insurance,Fixed
B252,bank,2022-06-11,2022-06-01,UPI/P2M/410001607557/HYD METRO RAIL,-348.00,Transport,Discretionary
B253,bank,2022-06-12,2022-06-01,BBPS/TGSPDCL/ELECTRICITY BILL,-2813.00,Utilities,Fixed
B254,bank,2022-06-12,2022-06-01,UPI/P2M/410001496691/BLINKIT,-876.00,Groceries,Discretionary
B255,bank,2022-06-12,2022-06-01,UPI/P2M/410001536286/ZOMATO,-395.00,Dining and delivery,Discretionary
B256,bank,2022-06-12,2022-06-01,UPI/P2M/410001591719/HYD METRO RAIL,-345.00,Transport,Discretionary
B257,bank,2022-06-15,2022-06-01,UPI/P2M/410001488772/ZEPTO,-616.00,Groceries,Discretionary
B258,bank,2022-06-15,2022-06-01,UPI/P2M/410001615476/OLA CABS,-269.00,Transport,Discretionary
B259,bank,2022-06-17,2022-06-01,UPI/P2M/410001512529/ZEPTO,-553.00,Groceries,Discretionary
B26,bank,2021-10-22,2021-10-01,UPI/P2M/410000126704/HYD METRO RAIL,-293.00,Transport,Discretionary
B260,bank,2022-06-18,2022-06-01,UPI/P2M/410001544205/SWIGGY,-671.00,Dining and delivery,Discretionary
B261,bank,2022-06-20,2022-06-01,UPI/P2M/410001575881/SWIGGY,-568.00,Dining and delivery,Discretionary
B262,bank,2022-06-22,2022-06-01,UPI/P2M/410001528367/SWIGGY,-402.00,Dining and delivery,Discretionary
B263,bank,2022-06-24,2022-06-01,UPI/P2M/410001480853/BLINKIT,-1506.00,Groceries,Discretionary
B264,bank,2022-06-24,2022-06-01,UPI/P2M/410001567962/SWIGGY,-663.00,Dining and delivery,Discretionary
B265,bank,2022-06-25,2022-06-01,UPI/P2M/410001599638/RAPIDO,-373.00,Transport,Discretionary
B266,bank,2022-06-26,2022-06-01,UPI/P2M/410001552124/ZOMATO,-741.00,Dining and delivery,Discretionary
B267,bank,2022-06-26,2022-06-01,ATM WDL/410001639233/HITECH CITY,-2500.00,Cash withdrawal,Discretionary
B268,bank,2022-06-29,2022-06-01,NEFT/NIMBUS SOFTWARE PVT LTD/SALARY JUN22,102983.00,Salary,Income
B269,bank,2022-07-01,2022-07-01,UPI/P2P/410001662990/LAKSHMI/maid salary,-3100.00,Household help,Fixed
B27,bank,2021-10-26,2021-10-01,UPI/P2M/410000071271/SWIGGY,-84.00,Dining and delivery,Discretionary
B270,bank,2022-07-01,2022-07-01,UPI/P2M/410001750099/SWIGGY,-485.00,Dining and delivery,Discretionary
B271,bank,2022-07-02,2022-07-01,IMPS/410001655071/TO FATHER/monthly support,-6300.00,Family support,Fixed
B272,bank,2022-07-02,2022-07-01,UPI/P2M/410001710504/BLINKIT,-2091.00,Groceries,Discretionary
B273,bank,2022-07-03,2022-07-01,UPI/P2P/410001647152/RAMESH K/Rent,-15000.00,Rent,Fixed
B274,bank,2022-07-03,2022-07-01,UPI/P2M/410001781775/HYD METRO RAIL,-999.00,Transport,Discretionary
B275,bank,2022-07-03,2022-07-01,CC BILL PAYMENT/HDFC CC XX4321,-12027.00,Card bill payment,Transfer
B276,bank,2022-07-05,2022-07-01,NACH/ACT FIBERNET/BROADBAND,-1060.00,Utilities,Fixed
B277,bank,2022-07-05,2022-07-01,NACH/SBI/EDUCATION LOAN EMI/EDU-01,-12896.00,Loan EMIs,Fixed
B278,bank,2022-07-06,2022-07-01,UPI/P2M/410001670909/AIRTEL PREPAID,-299.00,Utilities,Fixed
B279,bank,2022-07-06,2022-07-01,UPI/P2M/410001726342/SWIGGY,-578.00,Dining and delivery,Discretionary
B28,bank,2021-10-27,2021-10-01,UPI/P2M/410000102947/ZOMATO,-235.00,Dining and delivery,Discretionary
B280,bank,2022-07-07,2022-07-01,NACH/BSE STAR MF/NIFTY 50 INDEX FUND SIP,-6600.00,Equity fund,Investments
B281,bank,2022-07-07,2022-07-01,NACH/BSE STAR MF/SHORT TERM DEBT FUND SIP,-3000.00,Debt fund,Investments
B282,bank,2022-07-10,2022-07-01,BBPS/TGSPDCL/ELECTRICITY BILL,-1778.00,Utilities,Fixed
B283,bank,2022-07-13,2022-07-01,UPI/P2M/410001694666/BIGBASKET,-1697.00,Groceries,Discretionary
B284,bank,2022-07-14,2022-07-01,UPI/P2M/410001805532/OLA CABS,-301.00,Transport,Discretionary
B285,bank,2022-07-14,2022-07-01,UPI/P2M/410001821370/UBER INDIA,-298.00,Transport,Discretionary
B286,bank,2022-07-17,2022-07-01,UPI/P2M/410001742180/ZOMATO,-335.00,Dining and delivery,Discretionary
B287,bank,2022-07-19,2022-07-01,UPI/P2M/410001734261/SWIGGY,-309.00,Dining and delivery,Discretionary
B288,bank,2022-07-20,2022-07-01,UPI/P2M/410001686747/BLINKIT,-1964.00,Groceries,Discretionary
B289,bank,2022-07-20,2022-07-01,UPI/P2M/410001797613/HYD METRO RAIL,-309.00,Transport,Discretionary
B29,bank,2021-10-30,2021-10-01,NEFT/NIMBUS SOFTWARE PVT LTD/SALARY OCT21,95837.00,Salary,Income
B290,bank,2022-07-23,2022-07-01,UPI/P2M/410001702585/ZEPTO,-2439.00,Groceries,Discretionary
B291,bank,2022-07-23,2022-07-01,UPI/P2M/410001765937/ZOMATO,-985.00,Dining and delivery,Discretionary
B292,bank,2022-07-23,2022-07-01,UPI/P2M/410001813451/UBER INDIA,-287.00,Transport,Discretionary
B293,bank,2022-07-23,2022-07-01,ATM WDL/410001837208/HITECH CITY,-2500.00,Cash withdrawal,Discretionary
B294,bank,2022-07-25,2022-07-01,UPI/P2M/410001718423/SWIGGY,-268.00,Dining and delivery,Discretionary
B295,bank,2022-07-25,2022-07-01,UPI/P2M/410001758018/ZOMATO,-197.00,Dining and delivery,Discretionary
B296,bank,2022-07-25,2022-07-01,UPI/P2M/410001789694/UBER INDIA,-294.00,Transport,Discretionary
B297,bank,2022-07-26,2022-07-01,UPI/P2M/410001678828/BIGBASKET,-807.00,Groceries,Discretionary
B298,bank,2022-07-26,2022-07-01,UPI/P2M/410001773856/ZOMATO,-370.00,Dining and delivery,Discretionary
B299,bank,2022-07-26,2022-07-01,UPI/P2M/410001829289/APOLLO PHARMACY,-414.00,Health,Discretionary
B3,bank,2021-10-03,2021-10-01,UPI/P2P/410000000000/RAMESH K/Rent,-15000.00,Rent,Fixed
B30,bank,2021-11-01,2021-11-01,UPI/P2P/410000205894/LAKSHMI/maid salary,-3000.00,Household help,Fixed
B300,bank,2022-07-30,2022-07-01,NEFT/NIMBUS SOFTWARE PVT LTD/SALARY JUL22,102983.00,Salary,Income
B301,bank,2022-08-01,2022-08-01,UPI/P2P/410001860965/LAKSHMI/maid salary,-3100.00,Household help,Fixed
B302,bank,2022-08-01,2022-08-01,UPI/P2M/410001876803/BLINKIT,-2098.00,Groceries,Discretionary
B303,bank,2022-08-02,2022-08-01,IMPS/410001853046/TO FATHER/monthly support,-6300.00,Family support,Fixed
B304,bank,2022-08-03,2022-08-01,UPI/P2P/410001845127/RAMESH K/Rent,-15000.00,Rent,Fixed
B305,bank,2022-08-03,2022-08-01,UPI/P2M/410001924317/ZOMATO,-354.00,Dining and delivery,Discretionary
B306,bank,2022-08-03,2022-08-01,CC BILL PAYMENT/HDFC CC XX4321,-11397.00,Card bill payment,Transfer
B307,bank,2022-08-05,2022-08-01,NACH/ACT FIBERNET/BROADBAND,-1060.00,Utilities,Fixed
B308,bank,2022-08-05,2022-08-01,NACH/SBI/EDUCATION LOAN EMI/EDU-01,-12896.00,Loan EMIs,Fixed
B309,bank,2022-08-05,2022-08-01,UPI/P2M/410001932236/SWIGGY,-619.00,Dining and delivery,Discretionary
B31,bank,2021-11-01,2021-11-01,UPI/P2M/410000229651/BIGBASKET,-995.00,Groceries,Discretionary
B310,bank,2022-08-07,2022-08-01,UPI/P2M/410001971831/APOLLO PHARMACY,-592.00,Health,Discretionary
B311,bank,2022-08-07,2022-08-01,NACH/BSE STAR MF/NIFTY 50 INDEX FUND SIP,-6600.00,Equity fund,Investments
B312,bank,2022-08-07,2022-08-01,NACH/BSE STAR MF/SHORT TERM DEBT FUND SIP,-3000.00,Debt fund,Investments
B313,bank,2022-08-08,2022-08-01,UPI/P2M/410001868884/AIRTEL PREPAID,-299.00,Utilities,Fixed
B314,bank,2022-08-08,2022-08-01,UPI/P2M/410001900560/SWIGGY,-218.00,Dining and delivery,Discretionary
B315,bank,2022-08-11,2022-08-01,UPI/P2M/410001908479/ZOMATO,-642.00,Dining and delivery,Discretionary
B316,bank,2022-08-14,2022-08-01,BBPS/TGSPDCL/ELECTRICITY BILL,-1379.00,Utilities,Fixed
B317,bank,2022-08-16,2022-08-01,UPI/P2M/410001955993/OLA CABS,-1642.00,Transport,Discretionary
B318,bank,2022-08-18,2022-08-01,UPI/P2M/410001940155/SWIGGY,-266.00,Dining and delivery,Discretionary
B319,bank,2022-08-21,2022-08-01,UPI/P2M/410001963912/UBER INDIA,-529.00,Transport,Discretionary
B32,bank,2021-11-01,2021-11-01,UPI/P2M/410000245489/BLINKIT,-1090.00,Groceries,Discretionary
B320,bank,2022-08-22,2022-08-01,UPI/P2M/410001892641/SWIGGY,-387.00,Dining and delivery,Discretionary
B321,bank,2022-08-22,2022-08-01,ATM WDL/410001979750/HITECH CITY,-3000.00,Cash withdrawal,Discretionary
B322,bank,2022-08-24,2022-08-01,UPI/P2M/410001884722/BLINKIT,-1397.00,Groceries,Discretionary
B323,bank,2022-08-26,2022-08-01,UPI/P2M/410001948074/RAPIDO,-271.00,Transport,Discretionary
B324,bank,2022-08-27,2022-08-01,UPI/P2M/410001916398/SWIGGY,-725.00,Dining and delivery,Discretionary
B325,bank,2022-08-30,2022-08-01,NEFT/NIMBUS SOFTWARE PVT LTD/SALARY AUG22,102983.00,Salary,Income
B326,bank,2022-09-01,2022-09-01,UPI/P2P/410002003507/LAKSHMI/maid salary,-3200.00,Household help,Fixed
B327,bank,2022-09-02,2022-09-01,IMPS/410001995588/TO FATHER/monthly support,-6300.00,Family support,Fixed
B328,bank,2022-09-03,2022-09-01,UPI/P2P/410001987669/RAMESH K/Rent,-15000.00,Rent,Fixed
B329,bank,2022-09-03,2022-09-01,CC BILL PAYMENT/HDFC CC XX4321,-18289.00,Card bill payment,Transfer
B33,bank,2021-11-02,2021-11-01,IMPS/410000197975/TO FATHER/monthly support,-6000.00,Family support,Fixed
B330,bank,2022-09-04,2022-09-01,UPI/P2M/410002098535/RAPIDO,-359.00,Transport,Discretionary
B331,bank,2022-09-04,2022-09-01,UPI/P2M/410002114373/UBER INDIA,-735.00,Transport,Discretionary
B332,bank,2022-09-05,2022-09-01,NACH/ACT FIBERNET/BROADBAND,-1060.00,Utilities,Fixed
B333,bank,2022-09-05,2022-09-01,NACH/SBI/EDUCATION LOAN EMI/EDU-01,-12896.00,Loan EMIs,Fixed
B334,bank,2022-09-07,2022-09-01,UPI/P2M/410002051021/BIGBASKET,-1514.00,Groceries,Discretionary
B335,bank,2022-09-07,2022-09-01,NACH/BSE STAR MF/NIFTY 50 INDEX FUND SIP,-6600.00,Equity fund,Investments
B336,bank,2022-09-07,2022-09-01,NACH/BSE STAR MF/SHORT TERM DEBT FUND SIP,-3000.00,Debt fund,Investments
B337,bank,2022-09-08,2022-09-01,UPI/P2M/410002011426/AIRTEL PREPAID,-299.00,Utilities,Fixed
B338,bank,2022-09-08,2022-09-01,UPI/P2M/410002019345/BLINKIT,-981.00,Groceries,Discretionary
B339,bank,2022-09-09,2022-09-01,UPI/P2M/410002138130/APOLLO PHARMACY,-789.00,Health,Discretionary
B34,bank,2021-11-02,2021-11-01,UPI/P2M/410000340517/APOLLO PHARMACY,-582.00,Health,Discretionary
B340,bank,2022-09-09,2022-09-01,ATM WDL/410002146049/HITECH CITY,-2000.00,Cash withdrawal,Discretionary
B341,bank,2022-09-10,2022-09-01,UPI/P2M/410002066859/ZOMATO,-215.00,Dining and delivery,Discretionary
B342,bank,2022-09-11,2022-09-01,UPI/P2M/410002058940/ZOMATO,-542.00,Dining and delivery,Discretionary
B343,bank,2022-09-11,2022-09-01,UPI/P2M/410002122292/RAPIDO,-375.00,Transport,Discretionary
B344,bank,2022-09-14,2022-09-01,BBPS/TGSPDCL/ELECTRICITY BILL,-1508.00,Utilities,Fixed
B345,bank,2022-09-14,2022-09-01,UPI/P2M/410002130211/UBER INDIA,-694.00,Transport,Discretionary
B346,bank,2022-09-15,2022-09-01,UPI/P2M/410002027264/BIGBASKET,-1142.00,Groceries,Discretionary
B347,bank,2022-09-18,2022-09-01,UPI/P2M/410002090616/OLA CABS,-217.00,Transport,Discretionary
B348,bank,2022-09-19,2022-09-01,UPI/P2M/410002074778/ZOMATO,-1141.00,Dining and delivery,Discretionary
B349,bank,2022-09-20,2022-09-01,UPI/P2M/410002035183/ZEPTO,-1741.00,Groceries,Discretionary
B35,bank,2021-11-03,2021-11-01,UPI/P2P/410000190056/RAMESH K/Rent,-15000.00,Rent,Fixed
B350,bank,2022-09-20,2022-09-01,UPI/P2M/410002082697/ZOMATO,-961.00,Dining and delivery,Discretionary
B351,bank,2022-09-25,2022-09-01,UPI/P2M/410002106454/RAPIDO,-194.00,Transport,Discretionary
B352,bank,2022-09-27,2022-09-01,UPI/P2M/410002043102/ZEPTO,-1032.00,Groceries,Discretionary
B353,bank,2022-09-29,2022-09-01,NEFT/NIMBUS SOFTWARE PVT LTD/SALARY SEP22,102983.00,Salary,Income
B354,bank,2022-10-01,2022-10-01,UPI/P2P/410002169806/LAKSHMI/maid salary,-3200.00,Household help,Fixed
B355,bank,2022-10-02,2022-10-01,IMPS/410002161887/TO FATHER/monthly support,-6400.00,Family support,Fixed
B356,bank,2022-10-03,2022-10-01,UPI/P2P/410002153968/RAMESH K/Rent,-15800.00,Rent,Fixed
B357,bank,2022-10-03,2022-10-01,UPI/P2M/410002217320/BIGBASKET,-398.00,Groceries,Discretionary
B358,bank,2022-10-03,2022-10-01,UPI/P2M/410002272753/OLA CABS,-534.00,Transport,Discretionary
B359,bank,2022-10-03,2022-10-01,CC BILL PAYMENT/HDFC CC XX4321,-19285.00,Card bill payment,Transfer
B36,bank,2021-11-03,2021-11-01,ATM WDL/410000348436/HITECH CITY,-3000.00,Cash withdrawal,Discretionary
B360,bank,2022-10-05,2022-10-01,NACH/ACT FIBERNET/BROADBAND,-1060.00,Utilities,Fixed
B361,bank,2022-10-05,2022-10-01,NACH/SBI/EDUCATION LOAN EMI/EDU-01,-12896.00,Loan EMIs,Fixed
B362,bank,2022-10-06,2022-10-01,UPI/P2M/410002193563/BLINKIT,-2501.00,Groceries,Discretionary
B363,bank,2022-10-06,2022-10-01,UPI/P2M/410002280672/RAPIDO,-166.00,Transport,Discretionary
B364,bank,2022-10-07,2022-10-01,NACH/BSE STAR MF/NIFTY 50 INDEX FUND SIP,-6600.00,Equity fund,Investments
B365,bank,2022-10-07,2022-10-01,NACH/BSE STAR MF/SHORT TERM DEBT FUND SIP,-3000.00,Debt fund,Investments
B366,bank,2022-10-08,2022-10-01,UPI/P2M/410002177725/AIRTEL PREPAID,-299.00,Utilities,Fixed
B367,bank,2022-10-09,2022-10-01,UPI/P2M/410002288591/UBER INDIA,-302.00,Transport,Discretionary
B368,bank,2022-10-09,2022-10-01,UPI/P2M/410002296510/RAPIDO,-557.00,Transport,Discretionary
B369,bank,2022-10-12,2022-10-01,UPI/P2M/410002201482/ZEPTO,-570.00,Groceries,Discretionary
B37,bank,2021-11-03,2021-11-01,CC BILL PAYMENT/HDFC CC XX4321,-23753.00,Card bill payment,Transfer
B370,bank,2022-10-12,2022-10-01,UPI/P2M/410002241077/SWIGGY,-137.00,Dining and delivery,Discretionary
B371,bank,2022-10-13,2022-10-01,UPI/P2M/410002225239/ZEPTO,-1089.00,Groceries,Discretionary
B372,bank,2022-10-13,2022-10-01,UPI/P2M/410002256915/ZOMATO,-130.00,Dining and delivery,Discretionary
B373,bank,2022-10-14,2022-10-01,BBPS/TGSPDCL/ELECTRICITY BILL,-1767.00,Utilities,Fixed
B374,bank,2022-10-14,2022-10-01,UPI/P2M/410002185644/ZEPTO,-996.00,Groceries,Discretionary
B375,bank,2022-10-14,2022-10-01,UPI/P2M/410002248996/ZOMATO,-1179.00,Dining and delivery,Discretionary
B376,bank,2022-10-19,2022-10-01,UPI/P2M/410002328186/TANISHQ / DIWALI GIFTS,-12362.00,Gifts and festivals,Discretionary
B377,bank,2022-10-21,2022-10-01,UPI/P2M/410002209401/BIGBASKET,-779.00,Groceries,Discretionary
B378,bank,2022-10-23,2022-10-01,UPI/P2M/410002233158/SWIGGY,-980.00,Dining and delivery,Discretionary
B379,bank,2022-10-26,2022-10-01,ATM WDL/410002320267/HITECH CITY,-2000.00,Cash withdrawal,Discretionary
B38,bank,2021-11-05,2021-11-01,NACH/ACT FIBERNET/BROADBAND,-1060.00,Utilities,Fixed
B380,bank,2022-10-28,2022-10-01,UPI/P2M/410002264834/SWIGGY,-841.00,Dining and delivery,Discretionary
B381,bank,2022-10-28,2022-10-01,UPI/P2M/410002304429/RAPIDO,-1206.00,Transport,Discretionary
B382,bank,2022-10-28,2022-10-01,UPI/P2M/410002312348/APOLLO PHARMACY,-411.00,Health,Discretionary
B383,bank,2022-10-30,2022-10-01,NEFT/NIMBUS SOFTWARE PVT LTD/SALARY OCT22,102983.00,Salary,Income
B384,bank,2022-11-01,2022-11-01,UPI/P2P/410002351943/LAKSHMI/maid salary,-3200.00,Household help,Fixed
B385,bank,2022-11-02,2022-11-01,IMPS/410002344024/TO FATHER/monthly support,-6400.00,Family support,Fixed
B386,bank,2022-11-03,2022-11-01,UPI/P2P/410002336105/RAMESH K/Rent,-15800.00,Rent,Fixed
B387,bank,2022-11-03,2022-11-01,UPI/P2M/410002407376/SWIGGY,-1044.00,Dining and delivery,Discretionary
B388,bank,2022-11-03,2022-11-01,UPI/P2M/410002478647/UBER INDIA,-235.00,Transport,Discretionary
B389,bank,2022-11-03,2022-11-01,CC BILL PAYMENT/HDFC CC XX4321,-19354.00,Card bill payment,Transfer
B39,bank,2021-11-05,2021-11-01,NACH/SBI/EDUCATION LOAN EMI/EDU-01,-12896.00,Loan EMIs,Fixed
B390,bank,2022-11-05,2022-11-01,NACH/ACT FIBERNET/BROADBAND,-1060.00,Utilities,Fixed
B391,bank,2022-11-05,2022-11-01,NACH/SBI/EDUCATION LOAN EMI/EDU-01,-12896.00,Loan EMIs,Fixed
B392,bank,2022-11-06,2022-11-01,UPI/P2M/410002383619/ZEPTO,-825.00,Groceries,Discretionary
B393,bank,2022-11-06,2022-11-01,UPI/P2M/410002431133/SWIGGY,-587.00,Dining and delivery,Discretionary
B394,bank,2022-11-06,2022-11-01,ATM WDL/410002502404/HITECH CITY,-2500.00,Cash withdrawal,Discretionary
B395,bank,2022-11-07,2022-11-01,UPI/P2M/410002454890/OLA CABS,-768.00,Transport,Discretionary
B396,bank,2022-11-07,2022-11-01,NACH/BSE STAR MF/NIFTY 50 INDEX FUND SIP,-6600.00,Equity fund,Investments
B397,bank,2022-11-07,2022-11-01,NACH/BSE STAR MF/SHORT TERM DEBT FUND SIP,-3000.00,Debt fund,Investments
B398,bank,2022-11-08,2022-11-01,UPI/P2M/410002359862/AIRTEL PREPAID,-299.00,Utilities,Fixed
B399,bank,2022-11-09,2022-11-01,UPI/P2M/410002462809/OLA CABS,-699.00,Transport,Discretionary
B4,bank,2021-10-03,2021-10-01,UPI/P2M/410000118785/UBER INDIA,-335.00,Transport,Discretionary
B40,bank,2021-11-07,2021-11-01,UPI/P2M/410000293003/OLA CABS,-161.00,Transport,Discretionary
B400,bank,2022-11-10,2022-11-01,BSE STAR MF/NIFTY 50 INDEX FUND LUMPSUM,-20000.00,Equity fund,Investments
B401,bank,2022-11-12,2022-11-01,UPI/P2M/410002375700/BLINKIT,-1854.00,Groceries,Discretionary
B402,bank,2022-11-13,2022-11-01,BBPS/TGSPDCL/ELECTRICITY BILL,-1407.00,Utilities,Fixed
B403,bank,2022-11-13,2022-11-01,UPI/P2M/410002367781/ZEPTO,-740.00,Groceries,Discretionary
B404,bank,2022-11-14,2022-11-01,UPI/P2M/410002391538/ZEPTO,-2176.00,Groceries,Discretionary
B405,bank,2022-11-14,2022-11-01,UPI/P2M/410002510323/TANISHQ / DIWALI GIFTS,-8099.00,Gifts and festivals,Discretionary
B406,bank,2022-11-15,2022-11-01,UPI/P2M/410002439052/UBER INDIA,-298.00,Transport,Discretionary
B407,bank,2022-11-15,2022-11-01,UPI/P2M/410002470728/RAPIDO,-390.00,Transport,Discretionary
B408,bank,2022-11-18,2022-11-01,UPI/P2M/410002399457/ZEPTO,-2300.00,Groceries,Discretionary
B409,bank,2022-11-18,2022-11-01,UPI/P2M/410002494485/APOLLO PHARMACY,-333.00,Health,Discretionary
B41,bank,2021-11-07,2021-11-01,NACH/BSE STAR MF/NIFTY 50 INDEX FUND SIP,-6000.00,Equity fund,Investments
B410,bank,2022-11-20,2022-11-01,UPI/P2M/410002423214/SWIGGY,-990.00,Dining and delivery,Discretionary
B411,bank,2022-11-22,2022-11-01,UPI/P2M/410002415295/SWIGGY,-1004.00,Dining and delivery,Discretionary
B412,bank,2022-11-25,2022-11-01,UPI/P2M/410002446971/RAPIDO,-513.00,Transport,Discretionary
B413,bank,2022-11-25,2022-11-01,UPI/P2M/410002486566/HYD METRO RAIL,-337.00,Transport,Discretionary
B414,bank,2022-11-29,2022-11-01,NEFT/NIMBUS SOFTWARE PVT LTD/SALARY NOV22,102983.00,Salary,Income
B415,bank,2022-12-01,2022-12-01,UPI/P2P/410002534080/LAKSHMI/maid salary,-3200.00,Household help,Fixed
B416,bank,2022-12-02,2022-12-01,IMPS/410002526161/TO FATHER/monthly support,-6400.00,Family support,Fixed
B417,bank,2022-12-02,2022-12-01,UPI/P2M/410002644946/HYD METRO RAIL,-403.00,Transport,Discretionary
B418,bank,2022-12-02,2022-12-01,UPI/P2M/410002684541/APOLLO PHARMACY,-542.00,Health,Discretionary
B419,bank,2022-12-03,2022-12-01,UPI/P2P/410002518242/RAMESH K/Rent,-15800.00,Rent,Fixed
B42,bank,2021-11-08,2021-11-01,UPI/P2M/410000253408/SWIGGY,-477.00,Dining and delivery,Discretionary
B420,bank,2022-12-03,2022-12-01,CC BILL PAYMENT/HDFC CC XX4321,-24719.00,Card bill payment,Transfer
B421,bank,2022-12-04,2022-12-01,UPI/P2M/410002565756/BLINKIT,-1266.00,Groceries,Discretionary
B422,bank,2022-12-05,2022-12-01,NACH/ACT FIBERNET/BROADBAND,-1060.00,Utilities,Fixed
B423,bank,2022-12-05,2022-12-01,NACH/SBI/EDUCATION LOAN EMI/EDU-01,-12896.00,Loan EMIs,Fixed
B424,bank,2022-12-05,2022-12-01,UPI/P2M/410002573675/BIGBASKET,-1523.00,Groceries,Discretionary
B425,bank,2022-12-07,2022-12-01,UPI/P2M/410002637027/ZOMATO,-2149.00,Dining and delivery,Discretionary
B426,bank,2022-12-07,2022-12-01,NACH/BSE STAR MF/NIFTY 50 INDEX FUND SIP,-6600.00,Equity fund,Investments
B427,bank,2022-12-07,2022-12-01,NACH/BSE STAR MF/SHORT TERM DEBT FUND SIP,-3000.00,Debt fund,Investments
B428,bank,2022-12-09,2022-12-01,UPI/P2M/410002541999/AIRTEL PREPAID,-299.00,Utilities,Fixed
B429,bank,2022-12-11,2022-12-01,UPI/P2M/410002581594/BIGBASKET,-228.00,Groceries,Discretionary
B43,bank,2021-11-09,2021-11-01,UPI/P2M/410000213813/AIRTEL PREPAID,-299.00,Utilities,Fixed
B430,bank,2022-12-11,2022-12-01,UPI/P2M/410002605351/ZOMATO,-867.00,Dining and delivery,Discretionary
B431,bank,2022-12-12,2022-12-01,BBPS/TGSPDCL/ELECTRICITY BILL,-1471.00,Utilities,Fixed
B432,bank,2022-12-13,2022-12-01,UPI/P2M/410002589513/BIGBASKET,-1236.00,Groceries,Discretionary
B433,bank,2022-12-13,2022-12-01,UPI/P2M/410002660784/UBER INDIA,-352.00,Transport,Discretionary
B434,bank,2022-12-15,2022-12-01,UPI/P2M/410002652865/RAPIDO,-808.00,Transport,Discretionary
B435,bank,2022-12-16,2022-12-01,UPI/P2M/410002613270/SWIGGY,-923.00,Dining and delivery,Discretionary
B436,bank,2022-12-16,2022-12-01,ATM WDL/410002692460/HITECH CITY,-3000.00,Cash withdrawal,Discretionary
B437,bank,2022-12-17,2022-12-01,UPI/P2M/410002629108/SWIGGY,-2047.00,Dining and delivery,Discretionary
B438,bank,2022-12-20,2022-12-01,UPI/P2M/410002668703/RAPIDO,-151.00,Transport,Discretionary
B439,bank,2022-12-22,2022-12-01,UPI/P2M/410002549918/BIGBASKET,-1511.00,Groceries,Discretionary
B44,bank,2021-11-11,2021-11-01,UPI/P2M/410000269246/SWIGGY,-734.00,Dining and delivery,Discretionary
B440,bank,2022-12-22,2022-12-01,UPI/P2M/410002621189/ZOMATO,-416.00,Dining and delivery,Discretionary
B441,bank,2022-12-22,2022-12-01,UPI/P2M/410002676622/RAPIDO,-881.00,Transport,Discretionary
B442,bank,2022-12-24,2022-12-01,UPI/P2M/410002557837/BIGBASKET,-934.00,Groceries,Discretionary
B443,bank,2022-12-27,2022-12-01,UPI/P2M/410002597432/BIGBASKET,-2109.00,Groceries,Discretionary
B444,bank,2022-12-30,2022-12-01,NEFT/NIMBUS SOFTWARE PVT LTD/SALARY DEC22,102983.00,Salary,Income
B445,bank,2023-01-01,2023-01-01,UPI/P2P/410002716217/LAKSHMI/maid salary,-3200.00,Household help,Fixed
B446,bank,2023-01-01,2023-01-01,UPI/P2M/410002763731/SWIGGY,-606.00,Dining and delivery,Discretionary
B447,bank,2023-01-02,2023-01-01,IMPS/410002708298/TO FATHER/monthly support,-6500.00,Family support,Fixed
B448,bank,2023-01-02,2023-01-01,UPI/P2M/410002747893/BIGBASKET,-3370.00,Groceries,Discretionary
B449,bank,2023-01-02,2023-01-01,UPI/P2M/410002787488/ZOMATO,-263.00,Dining and delivery,Discretionary
B45,bank,2021-11-12,2021-11-01,UPI/P2M/410000316760/HYD METRO RAIL,-306.00,Transport,Discretionary
B450,bank,2023-01-03,2023-01-01,UPI/P2P/410002700379/RAMESH K/Rent,-15800.00,Rent,Fixed
B451,bank,2023-01-03,2023-01-01,CC BILL PAYMENT/HDFC CC XX4321,-39135.00,Card bill payment,Transfer
B452,bank,2023-01-04,2023-01-01,UPI/P2M/410002850840/OLA CABS,-196.00,Transport,Discretionary
B453,bank,2023-01-05,2023-01-01,NACH/ACT FIBERNET/BROADBAND,-1060.00,Utilities,Fixed
B454,bank,2023-01-05,2023-01-01,NACH/SBI/EDUCATION LOAN EMI/EDU-01,-12896.00,Loan EMIs,Fixed
B455,bank,2023-01-06,2023-01-01,UPI/P2M/410002795407/ZOMATO,-284.00,Dining and delivery,Discretionary
B456,bank,2023-01-06,2023-01-01,UPI/P2M/410002858759/OLA CABS,-399.00,Transport,Discretionary
B457,bank,2023-01-07,2023-01-01,UPI/P2M/410002724136/AIRTEL PREPAID,-299.00,Utilities,Fixed
B458,bank,2023-01-07,2023-01-01,UPI/P2M/410002835002/UBER INDIA,-367.00,Transport,Discretionary
B459,bank,2023-01-07,2023-01-01,NACH/BSE STAR MF/NIFTY 50 INDEX FUND SIP,-6600.00,Equity fund,Investments
B46,bank,2021-11-13,2021-11-01,BBPS/TGSPDCL/ELECTRICITY BILL,-1706.00,Utilities,Fixed
B460,bank,2023-01-07,2023-01-01,NACH/BSE STAR MF/SHORT TERM DEBT FUND SIP,-3000.00,Debt fund,Investments
B461,bank,2023-01-08,2023-01-01,UPI/P2M/410002819164/HYD METRO RAIL,-938.00,Transport,Discretionary
B462,bank,2023-01-08,2023-01-01,UPI/P2M/410002827083/HYD METRO RAIL,-1106.00,Transport,Discretionary
B463,bank,2023-01-13,2023-01-01,BBPS/TGSPDCL/ELECTRICITY BILL,-1721.00,Utilities,Fixed
B464,bank,2023-01-13,2023-01-01,UPI/P2M/410002739974/BIGBASKET,-1426.00,Groceries,Discretionary
B465,bank,2023-01-13,2023-01-01,UPI/P2M/410002755812/BLINKIT,-2869.00,Groceries,Discretionary
B466,bank,2023-01-15,2023-01-01,UPI/P2M/410002779569/SWIGGY,-179.00,Dining and delivery,Discretionary
B467,bank,2023-01-20,2023-01-01,UPI/P2M/410002811245/SWIGGY,-1056.00,Dining and delivery,Discretionary
B468,bank,2023-01-22,2023-01-01,UPI/P2M/410002732055/BLINKIT,-1481.00,Groceries,Discretionary
B469,bank,2023-01-22,2023-01-01,UPI/P2M/410002803326/SWIGGY,-537.00,Dining and delivery,Discretionary
B47,bank,2021-11-14,2021-11-01,UPI/P2M/410000261327/SWIGGY,-385.00,Dining and delivery,Discretionary
B470,bank,2023-01-22,2023-01-01,UPI/P2M/410002842921/UBER INDIA,-169.00,Transport,Discretionary
B471,bank,2023-01-24,2023-01-01,UPI/P2M/410002771650/SWIGGY,-322.00,Dining and delivery,Discretionary
B472,bank,2023-01-25,2023-01-01,ATM WDL/410002874597/HITECH CITY,-2500.00,Cash withdrawal,Discretionary
B473,bank,2023-01-27,2023-01-01,UPI/P2M/410002866678/APOLLO PHARMACY,-707.00,Health,Discretionary
B474,bank,2023-01-30,2023-01-01,NEFT/NIMBUS SOFTWARE PVT LTD/SALARY JAN23,102983.00,Salary,Income
B475,bank,2023-02-01,2023-02-01,UPI/P2P/410002898354/LAKSHMI/maid salary,-3200.00,Household help,Fixed
B476,bank,2023-02-02,2023-02-01,IMPS/410002890435/TO FATHER/monthly support,-6500.00,Family support,Fixed
B477,bank,2023-02-02,2023-02-01,UPI/P2M/410002993382/ZOMATO,-908.00,Dining and delivery,Discretionary
B478,bank,2023-02-03,2023-02-01,UPI/P2P/410002882516/RAMESH K/Rent,-15800.00,Rent,Fixed
B479,bank,2023-02-03,2023-02-01,CC BILL PAYMENT/HDFC CC XX4321,-26110.00,Card bill payment,Transfer
B48,bank,2021-11-16,2021-11-01,UPI/P2M/410000308841/HYD METRO RAIL,-223.00,Transport,Discretionary
B480,bank,2023-02-05,2023-02-01,NACH/ACT FIBERNET/BROADBAND,-1060.00,Utilities,Fixed
B481,bank,2023-02-05,2023-02-01,NACH/SBI/EDUCATION LOAN EMI/EDU-01,-12896.00,Loan EMIs,Fixed
B482,bank,2023-02-06,2023-02-01,UPI/P2M/410002906273/AIRTEL PREPAID,-299.00,Utilities,Fixed
B483,bank,2023-02-06,2023-02-01,ATM WDL/410003040896/HITECH CITY,-2500.00,Cash withdrawal,Discretionary
B484,bank,2023-02-07,2023-02-01,NACH/BSE STAR MF/NIFTY 50 INDEX FUND SIP,-6600.00,Equity fund,Investments
B485,bank,2023-02-07,2023-02-01,NACH/BSE STAR MF/SHORT TERM DEBT FUND SIP,-3000.00,Debt fund,Investments
B486,bank,2023-02-08,2023-02-01,UPI/P2M/410003001301/SWIGGY,-767.00,Dining and delivery,Discretionary
B487,bank,2023-02-10,2023-02-01,UPI/P2M/410002945868/ZEPTO,-1966.00,Groceries,Discretionary
B488,bank,2023-02-10,2023-02-01,UPI/P2M/410003009220/HYD METRO RAIL,-911.00,Transport,Discretionary
B489,bank,2023-02-11,2023-02-01,BBPS/TGSPDCL/ELECTRICITY BILL,-1838.00,Utilities,Fixed
B49,bank,2021-11-18,2021-11-01,UPI/P2M/410000300922/RAPIDO,-935.00,Transport,Discretionary
B490,bank,2023-02-11,2023-02-01,UPI/P2M/410002977544/SWIGGY,-1091.00,Dining and delivery,Discretionary
B491,bank,2023-02-12,2023-02-01,UPI/P2M/410002985463/SWIGGY,-520.00,Dining and delivery,Discretionary
B492,bank,2023-02-13,2023-02-01,UPI/P2M/410002961706/ZOMATO,-1427.00,Dining and delivery,Discretionary
B493,bank,2023-02-16,2023-02-01,UPI/P2M/410002969625/SWIGGY,-1065.00,Dining and delivery,Discretionary
B494,bank,2023-02-18,2023-02-01,UPI/P2M/410002937949/ZEPTO,-1769.00,Groceries,Discretionary
B495,bank,2023-02-23,2023-02-01,UPI/P2M/410002922111/BLINKIT,-1479.00,Groceries,Discretionary
B496,bank,2023-02-23,2023-02-01,UPI/P2M/410003017139/RAPIDO,-2194.00,Transport,Discretionary
B497,bank,2023-02-24,2023-02-01,UPI/P2M/410002914192/BLINKIT,-472.00,Groceries,Discretionary
B498,bank,2023-02-24,2023-02-01,UPI/P2M/410002930030/ZEPTO,-1747.00,Groceries,Discretionary
B499,bank,2023-02-24,2023-02-01,UPI/P2M/410003025058/UBER INDIA,-228.00,Transport,Discretionary
B5,bank,2021-10-03,2021-10-01,UPI/P2M/410000158380/OLA CABS,-155.00,Transport,Discretionary
B50,bank,2021-11-21,2021-11-01,UPI/P2M/410000277165/ZOMATO,-366.00,Dining and delivery,Discretionary
B500,bank,2023-02-24,2023-02-01,UPI/P2M/410003032977/APOLLO PHARMACY,-846.00,Health,Discretionary
B501,bank,2023-02-27,2023-02-01,NEFT/NIMBUS SOFTWARE PVT LTD/SALARY FEB23,102983.00,Salary,Income
B502,bank,2023-02-27,2023-02-01,UPI/P2M/410002953787/SWIGGY,-286.00,Dining and delivery,Discretionary
B503,bank,2023-03-01,2023-03-01,UPI/P2P/410003064653/LAKSHMI/maid salary,-3300.00,Household help,Fixed
B504,bank,2023-03-01,2023-03-01,UPI/P2M/410003096329/BIGBASKET,-1861.00,Groceries,Discretionary
B505,bank,2023-03-01,2023-03-01,UPI/P2M/410003175519/OLA CABS,-208.00,Transport,Discretionary
B506,bank,2023-03-02,2023-03-01,IMPS/410003056734/TO FATHER/monthly support,-6500.00,Family support,Fixed
B507,bank,2023-03-03,2023-03-01,UPI/P2P/410003048815/RAMESH K/Rent,-15800.00,Rent,Fixed
B508,bank,2023-03-03,2023-03-01,CC BILL PAYMENT/HDFC CC XX4321,-9658.00,Card bill payment,Transfer
B509,bank,2023-03-04,2023-03-01,ATM WDL/410003199276/HITECH CITY,-3000.00,Cash withdrawal,Discretionary
B51,bank,2021-11-22,2021-11-01,UPI/P2M/410000237570/BIGBASKET,-2531.00,Groceries,Discretionary
B510,bank,2023-03-05,2023-03-01,NACH/ACT FIBERNET/BROADBAND,-1060.00,Utilities,Fixed
B511,bank,2023-03-05,2023-03-01,NACH/SBI/EDUCATION LOAN EMI/EDU-01,-12896.00,Loan EMIs,Fixed
B512,bank,2023-03-07,2023-03-01,NACH/BSE STAR MF/NIFTY 50 INDEX FUND SIP,-6600.00,Equity fund,Investments
B513,bank,2023-03-07,2023-03-01,NACH/BSE STAR MF/SHORT TERM DEBT FUND SIP,-3000.00,Debt fund,Investments
B514,bank,2023-03-08,2023-03-01,UPI/P2M/410003072572/AIRTEL PREPAID,-299.00,Utilities,Fixed
B515,bank,2023-03-08,2023-03-01,UPI/P2M/410003120086/ZOMATO,-212.00,Dining and delivery,Discretionary
B516,bank,2023-03-09,2023-03-01,UPI/P2M/410003151762/HYD METRO RAIL,-247.00,Transport,Discretionary
B517,bank,2023-03-09,2023-03-01,UPI/P2M/410003183438/RAPIDO,-73.00,Transport,Discretionary
B518,bank,2023-03-11,2023-03-01,BBPS/TGSPDCL/ELECTRICITY BILL,-1573.00,Utilities,Fixed
B519,bank,2023-03-11,2023-03-01,UPI/P2M/410003104248/BIGBASKET,-843.00,Groceries,Discretionary
B52,bank,2021-11-23,2021-11-01,UPI/P2M/410000324679/UBER INDIA,-372.00,Transport,Discretionary
B520,bank,2023-03-14,2023-03-01,UPI/P2M/410003159681/OLA CABS,-180.00,Transport,Discretionary
B521,bank,2023-03-15,2023-03-01,FD CLOSURE/FD-01/PREMATURE,105342.00,Fixed deposit,Investments
B522,bank,2023-03-16,2023-03-01,UPI/P2M/410003088410/BLINKIT,-1515.00,Groceries,Discretionary
B523,bank,2023-03-18,2023-03-01,UPI/P2M/410003143843/OLA CABS,-437.00,Transport,Discretionary
B524,bank,2023-03-20,2023-03-01,RTGS/410003080491/VARUN MOTORS/CAR DOWN PAYMENT,-150000.00,Vehicle purchase,Discretionary
B525,bank,2023-03-20,2023-03-01,UPI/P2M/410003128005/ZOMATO,-1004.00,Dining and delivery,Discretionary
B526,bank,2023-03-21,2023-03-01,NEFT/ICICI LOMBARD/MOTOR INSURANCE,-21500.00,Insurance,Fixed
B527,bank,2023-03-22,2023-03-01,UPI/P2M/410003191357/APOLLO PHARMACY,-420.00,Health,Discretionary
B528,bank,2023-03-24,2023-03-01,UPI/P2M/410003135924/SWIGGY,-1089.00,Dining and delivery,Discretionary
B529,bank,2023-03-24,2023-03-01,UPI/P2M/410003167600/RAPIDO,-375.00,Transport,Discretionary
B53,bank,2021-11-23,2021-11-01,UPI/P2M/410000356355/TANISHQ / DIWALI GIFTS,-10618.00,Gifts and festivals,Discretionary
B530,bank,2023-03-27,2023-03-01,UPI/P2M/410003112167/ZEPTO,-1361.00,Groceries,Discretionary
B531,bank,2023-03-30,2023-03-01,NEFT/NIMBUS SOFTWARE PVT LTD/SALARY MAR23,102983.00,Salary,Income
B532,bank,2023-04-01,2023-04-01,UPI/P2P/410003223033/LAKSHMI/maid salary,-3300.00,Household help,Fixed
B533,bank,2023-04-02,2023-04-01,IMPS/410003215114/TO FATHER/monthly support,-6500.00,Family support,Fixed
B534,bank,2023-04-02,2023-04-01,UPI/P2M/410003341818/HYD METRO RAIL,-134.00,Transport,Discretionary
B535,bank,2023-04-03,2023-04-01,UPI/P2P/410003207195/RAMESH K/Rent,-15800.00,Rent,Fixed
B536,bank,2023-04-03,2023-04-01,UPI/P2M/410003294304/SWIGGY,-696.00,Dining and delivery,Discretionary
B537,bank,2023-04-03,2023-04-01,CC BILL PAYMENT/HDFC CC XX4321,-20633.00,Card bill payment,Transfer
B538,bank,2023-04-04,2023-04-01,UPI/P2M/410003254709/BLINKIT,-709.00,Groceries,Discretionary
B539,bank,2023-04-04,2023-04-01,TRF TO PPF A/C 3021XXXX88,-40000.00,PPF,Investments
B54,bank,2021-11-25,2021-11-01,UPI/P2M/410000332598/RAPIDO,-505.00,Transport,Discretionary
B540,bank,2023-04-05,2023-04-01,NACH/ACT FIBERNET/BROADBAND,-1060.00,Utilities,Fixed
B541,bank,2023-04-05,2023-04-01,NACH/SBI/EDUCATION LOAN EMI/EDU-01,-12896.00,Loan EMIs,Fixed
B542,bank,2023-04-05,2023-04-01,NACH/HDFC BANK/CAR LOAN EMI/CAR-01,-13493.00,Loan EMIs,Fixed
B543,bank,2023-04-05,2023-04-01,UPI/P2M/410003286385/SWIGGY,-426.00,Dining and delivery,Discretionary
B544,bank,2023-04-06,2023-04-01,UPI/P2M/410003238871/BLINKIT,-1314.00,Groceries,Discretionary
B545,bank,2023-04-07,2023-04-01,NACH/BSE STAR MF/NIFTY 50 INDEX FUND SIP,-7300.00,Equity fund,Investments
B546,bank,2023-04-07,2023-04-01,NACH/BSE STAR MF/SHORT TERM DEBT FUND SIP,-3000.00,Debt fund,Investments
B547,bank,2023-04-08,2023-04-01,UPI/P2M/410003230952/AIRTEL PREPAID,-299.00,Utilities,Fixed
B548,bank,2023-04-08,2023-04-01,ATM WDL/410003389332/HITECH CITY,-3000.00,Cash withdrawal,Discretionary
B549,bank,2023-04-11,2023-04-01,UPI/P2M/410003262628/BIGBASKET,-959.00,Groceries,Discretionary
B55,bank,2021-11-26,2021-11-01,UPI/P2M/410000285084/SWIGGY,-1254.00,Dining and delivery,Discretionary
B550,bank,2023-04-11,2023-04-01,UPI/P2M/410003373494/RAPIDO,-65.00,Transport,Discretionary
B551,bank,2023-04-12,2023-04-01,UPI/P2M/410003246790/BLINKIT,-852.00,Groceries,Discretionary
B552,bank,2023-04-13,2023-04-01,BBPS/TGSPDCL/ELECTRICITY BILL,-3638.00,Utilities,Fixed
B553,bank,2023-04-13,2023-04-01,UPI/P2M/410003270547/ZOMATO,-435.00,Dining and delivery,Discretionary
B554,bank,2023-04-14,2023-04-01,UPI/P2M/410003302223/SWIGGY,-659.00,Dining and delivery,Discretionary
B555,bank,2023-04-15,2023-04-01,NEFT/NIMBUS SOFTWARE PVT LTD/PERF BONUS FY22,94830.00,Bonus,Income
B556,bank,2023-04-16,2023-04-01,UPI/P2M/410003365575/RAPIDO,-124.00,Transport,Discretionary
B557,bank,2023-04-17,2023-04-01,UPI/P2M/410003318061/ZOMATO,-277.00,Dining and delivery,Discretionary
B558,bank,2023-04-17,2023-04-01,UPI/P2M/410003325980/OLA CABS,-243.00,Transport,Discretionary
B559,bank,2023-04-17,2023-04-01,UPI/P2M/410003381413/APOLLO PHARMACY,-785.00,Health,Discretionary
B56,bank,2021-11-28,2021-11-01,UPI/P2M/410000221732/BLINKIT,-1285.00,Groceries,Discretionary
B560,bank,2023-04-20,2023-04-01,UPI/P2M/410003278466/ZOMATO,-623.00,Dining and delivery,Discretionary
B561,bank,2023-04-23,2023-04-01,UPI/P2M/410003333899/OLA CABS,-110.00,Transport,Discretionary
B562,bank,2023-04-24,2023-04-01,UPI/P2M/410003349737/RAPIDO,-433.00,Transport,Discretionary
B563,bank,2023-04-26,2023-04-01,UPI/P2M/410003310142/ZOMATO,-424.00,Dining and delivery,Discretionary
B564,bank,2023-04-28,2023-04-01,UPI/P2M/410003357656/HYD METRO RAIL,-60.00,Transport,Discretionary
B565,bank,2023-04-29,2023-04-01,NEFT/NIMBUS SOFTWARE PVT LTD/SALARY APR23,113967.00,Salary,Income
B566,bank,2023-05-01,2023-05-01,UPI/P2P/410003413089/LAKSHMI/maid salary,-3300.00,Household help,Fixed
B567,bank,2023-05-01,2023-05-01,UPI/P2M/410003476441/ZOMATO,-666.00,Dining and delivery,Discretionary
B568,bank,2023-05-01,2023-05-01,UPI/P2M/410003492279/SWIGGY,-710.00,Dining and delivery,Discretionary
B569,bank,2023-05-02,2023-05-01,IMPS/410003405170/TO FATHER/monthly support,-6600.00,Family support,Fixed
B57,bank,2021-11-29,2021-11-01,NEFT/NIMBUS SOFTWARE PVT LTD/SALARY NOV21,95837.00,Salary,Income
B570,bank,2023-05-03,2023-05-01,UPI/P2P/410003397251/RAMESH K/Rent,-15800.00,Rent,Fixed
B571,bank,2023-05-03,2023-05-01,CC BILL PAYMENT/HDFC CC XX4321,-21324.00,Card bill payment,Transfer
B572,bank,2023-05-05,2023-05-01,NACH/ACT FIBERNET/BROADBAND,-1060.00,Utilities,Fixed
B573,bank,2023-05-05,2023-05-01,NACH/SBI/EDUCATION LOAN EMI/EDU-01,-12896.00,Loan EMIs,Fixed
B574,bank,2023-05-05,2023-05-01,NACH/HDFC BANK/CAR LOAN EMI/CAR-01,-13493.00,Loan EMIs,Fixed
B575,bank,2023-05-05,2023-05-01,UPI/P2M/410003500198/SWIGGY,-431.00,Dining and delivery,Discretionary
B576,bank,2023-05-05,2023-05-01,UPI/P2M/410003555631/APOLLO PHARMACY,-557.00,Health,Discretionary
B577,bank,2023-05-07,2023-05-01,UPI/P2M/410003421008/AIRTEL PREPAID,-299.00,Utilities,Fixed
B578,bank,2023-05-07,2023-05-01,NACH/BSE STAR MF/NIFTY 50 INDEX FUND SIP,-7300.00,Equity fund,Investments
B579,bank,2023-05-07,2023-05-01,NACH/BSE STAR MF/SHORT TERM DEBT FUND SIP,-3000.00,Debt fund,Investments
B58,bank,2021-12-01,2021-12-01,UPI/P2P/410000380112/LAKSHMI/maid salary,-3000.00,Household help,Fixed
B580,bank,2023-05-08,2023-05-01,UPI/P2M/410003460603/ZOMATO,-534.00,Dining and delivery,Discretionary
B581,bank,2023-05-08,2023-05-01,UPI/P2M/410003531874/UBER INDIA,-163.00,Transport,Discretionary
B582,bank,2023-05-09,2023-05-01,UPI/P2M/410003516036/RAPIDO,-60.00,Transport,Discretionary
B583,bank,2023-05-10,2023-05-01,BSE STAR MF/NIFTY 50 INDEX FUND LUMPSUM,-20000.00,Equity fund,Investments
B584,bank,2023-05-11,2023-05-01,UPI/P2M/410003547712/OLA CABS,-194.00,Transport,Discretionary
B585,bank,2023-05-13,2023-05-01,BBPS/TGSPDCL/ELECTRICITY BILL,-3529.00,Utilities,Fixed
B586,bank,2023-05-13,2023-05-01,UPI/P2M/410003436846/BIGBASKET,-1162.00,Groceries,Discretionary
B587,bank,2023-05-13,2023-05-01,UPI/P2M/410003508117/UBER INDIA,-588.00,Transport,Discretionary
B588,bank,2023-05-17,2023-05-01,UPI/P2M/410003452684/ZOMATO,-566.00,Dining and delivery,Discretionary
B589,bank,2023-05-17,2023-05-01,UPI/P2M/410003523955/HYD METRO RAIL,-185.00,Transport,Discretionary
B59,bank,2021-12-02,2021-12-01,IMPS/410000372193/TO FATHER/monthly support,-6100.00,Family support,Fixed
B590,bank,2023-05-21,2023-05-01,UPI/P2M/410003468522/SWIGGY,-1446.00,Dining and delivery,Discretionary
B591,bank,2023-05-22,2023-05-01,UPI/P2M/410003444765/BLINKIT,-4015.00,Groceries,Discretionary
B592,bank,2023-05-22,2023-05-01,UPI/P2M/410003539793/OLA CABS,-284.00,Transport,Discretionary
B593,bank,2023-05-25,2023-05-01,UPI/P2M/410003428927/ZEPTO,-1772.00,Groceries,Discretionary
B594,bank,2023-05-25,2023-05-01,UPI/P2M/410003484360/SWIGGY,-689.00,Dining and delivery,Discretionary
B595,bank,2023-05-26,2023-05-01,ATM WDL/410003563550/HITECH CITY,-3000.00,Cash withdrawal,Discretionary
B596,bank,2023-05-30,2023-05-01,NEFT/NIMBUS SOFTWARE PVT LTD/SALARY MAY23,113967.00,Salary,Income
B597,bank,2023-06-01,2023-06-01,UPI/P2P/410003587307/LAKSHMI/maid salary,-3300.00,Household help,Fixed
B598,bank,2023-06-01,2023-06-01,UPI/P2M/410003611064/BIGBASKET,-1103.00,Groceries,Discretionary
B599,bank,2023-06-02,2023-06-01,IMPS/410003579388/TO FATHER/monthly support,-6600.00,Family support,Fixed
B6,bank,2021-10-04,2021-10-01,UPI/P2M/410000134623/OLA CABS,-348.00,Transport,Discretionary
B60,bank,2021-12-03,2021-12-01,UPI/P2P/410000364274/RAMESH K/Rent,-15000.00,Rent,Fixed
B600,bank,2023-06-02,2023-06-01,UPI/P2M/410003674416/UBER INDIA,-78.00,Transport,Discretionary
B601,bank,2023-06-03,2023-06-01,UPI/P2P/410003571469/RAMESH K/Rent,-15800.00,Rent,Fixed
B602,bank,2023-06-03,2023-06-01,CC BILL PAYMENT/HDFC CC XX4321,-18658.00,Card bill payment,Transfer
B603,bank,2023-06-04,2023-06-01,UPI/P2M/410003698173/OLA CABS,-591.00,Transport,Discretionary
B604,bank,2023-06-05,2023-06-01,NACH/ACT FIBERNET/BROADBAND,-1060.00,Utilities,Fixed
B605,bank,2023-06-05,2023-06-01,NACH/SBI/EDUCATION LOAN EMI/EDU-01,-12896.00,Loan EMIs,Fixed
B606,bank,2023-06-05,2023-06-01,NACH/HDFC BANK/CAR LOAN EMI/CAR-01,-13493.00,Loan EMIs,Fixed
B607,bank,2023-06-05,2023-06-01,UPI/P2M/410003634821/ZOMATO,-790.00,Dining and delivery,Discretionary
B608,bank,2023-06-05,2023-06-01,UPI/P2M/410003682335/OLA CABS,-167.00,Transport,Discretionary
B609,bank,2023-06-06,2023-06-01,UPI/P2M/410003595226/AIRTEL PREPAID,-299.00,Utilities,Fixed
B61,bank,2021-12-03,2021-12-01,UPI/P2M/410000475140/UBER INDIA,-433.00,Transport,Discretionary
B610,bank,2023-06-07,2023-06-01,UPI/P2M/410003666497/ZOMATO,-472.00,Dining and delivery,Discretionary
B611,bank,2023-06-07,2023-06-01,NACH/BSE STAR MF/NIFTY 50 INDEX FUND SIP,-7300.00,Equity fund,Investments
B612,bank,2023-06-07,2023-06-01,NACH/BSE STAR MF/SHORT TERM DEBT FUND SIP,-3000.00,Debt fund,Investments
B613,bank,2023-06-09,2023-06-01,UPI/P2M/410003626902/ZOMATO,-855.00,Dining and delivery,Discretionary
B614,bank,2023-06-10,2023-06-01,NACH/HDFC LIFE/TERM PREMIUM,-11800.00,Insurance,Fixed
B615,bank,2023-06-10,2023-06-01,UPI/P2M/410003714011/APOLLO PHARMACY,-785.00,Health,Discretionary
B616,bank,2023-06-12,2023-06-01,UPI/P2M/410003650659/SWIGGY,-138.00,Dining and delivery,Discretionary
B617,bank,2023-06-12,2023-06-01,UPI/P2M/410003690254/OLA CABS,-185.00,Transport,Discretionary
B618,bank,2023-06-14,2023-06-01,BBPS/TGSPDCL/ELECTRICITY BILL,-3170.00,Utilities,Fixed
B619,bank,2023-06-17,2023-06-01,UPI/P2M/410003603145/BIGBASKET,-1850.00,Groceries,Discretionary
B62,bank,2021-12-03,2021-12-01,CC BILL PAYMENT/HDFC CC XX4321,-19078.00,Card bill payment,Transfer
B620,bank,2023-06-17,2023-06-01,UPI/P2M/410003706092/RAPIDO,-224.00,Transport,Discretionary
B621,bank,2023-06-23,2023-06-01,UPI/P2M/410003658578/ZOMATO,-310.00,Dining and delivery,Discretionary
B622,bank,2023-06-25,2023-06-01,UPI/P2M/410003618983/BIGBASKET,-1151.00,Groceries,Discretionary
B623,bank,2023-06-25,2023-06-01,UPI/P2M/410003642740/ZOMATO,-834.00,Dining and delivery,Discretionary
B624,bank,2023-06-27,2023-06-01,ATM WDL/410003721930/HITECH CITY,-3000.00,Cash withdrawal,Discretionary
B625,bank,2023-06-29,2023-06-01,NEFT/NIMBUS SOFTWARE PVT LTD/SALARY JUN23,113967.00,Salary,Income
B626,bank,2023-07-01,2023-07-01,UPI/P2P/410003745687/LAKSHMI/maid salary,-3300.00,Household help,Fixed
B627,bank,2023-07-02,2023-07-01,IMPS/410003737768/TO FATHER/monthly support,-6600.00,Family support,Fixed
B628,bank,2023-07-03,2023-07-01,UPI/P2P/410003729849/RAMESH K/Rent,-15800.00,Rent,Fixed
B629,bank,2023-07-03,2023-07-01,UPI/P2M/410003761525/ZEPTO,-1209.00,Groceries,Discretionary
B63,bank,2021-12-05,2021-12-01,NACH/ACT FIBERNET/BROADBAND,-1060.00,Utilities,Fixed
B630,bank,2023-07-03,2023-07-01,CC BILL PAYMENT/HDFC CC XX4321,-28608.00,Card bill payment,Transfer
B631,bank,2023-07-05,2023-07-01,NACH/ACT FIBERNET/BROADBAND,-1060.00,Utilities,Fixed
B632,bank,2023-07-05,2023-07-01,NACH/SBI/EDUCATION LOAN EMI/EDU-01,-12896.00,Loan EMIs,Fixed
B633,bank,2023-07-05,2023-07-01,NACH/HDFC BANK/CAR LOAN EMI/CAR-01,-13493.00,Loan EMIs,Fixed
B634,bank,2023-07-05,2023-07-01,UPI/P2M/410003840715/RAPIDO,-156.00,Transport,Discretionary
B635,bank,2023-07-05,2023-07-01,UPI/P2M/410003872391/OLA CABS,-283.00,Transport,Discretionary
B636,bank,2023-07-06,2023-07-01,UPI/P2M/410003888229/APOLLO PHARMACY,-481.00,Health,Discretionary
B637,bank,2023-07-07,2023-07-01,UPI/P2M/410003753606/AIRTEL PREPAID,-299.00,Utilities,Fixed
B638,bank,2023-07-07,2023-07-01,UPI/P2M/410003785282/BIGBASKET,-1285.00,Groceries,Discretionary
B639,bank,2023-07-07,2023-07-01,NACH/BSE STAR MF/NIFTY 50 INDEX FUND SIP,-15000.00,Equity fund,Investments
B64,bank,2021-12-05,2021-12-01,NACH/SBI/EDUCATION LOAN EMI/EDU-01,-12896.00,Loan EMIs,Fixed
B640,bank,2023-07-07,2023-07-01,NACH/BSE STAR MF/SHORT TERM DEBT FUND SIP,-3000.00,Debt fund,Investments
B641,bank,2023-07-08,2023-07-01,UPI/P2M/410003832796/SWIGGY,-504.00,Dining and delivery,Discretionary
B642,bank,2023-07-09,2023-07-01,UPI/P2M/410003856553/OLA CABS,-199.00,Transport,Discretionary
B643,bank,2023-07-13,2023-07-01,BBPS/TGSPDCL/ELECTRICITY BILL,-1785.00,Utilities,Fixed
B644,bank,2023-07-15,2023-07-01,UPI/P2M/410003848634/RAPIDO,-184.00,Transport,Discretionary
B645,bank,2023-07-16,2023-07-01,UPI/P2M/410003777363/BIGBASKET,-2186.00,Groceries,Discretionary
B646,bank,2023-07-16,2023-07-01,UPI/P2M/410003824877/ZOMATO,-754.00,Dining and delivery,Discretionary
B647,bank,2023-07-18,2023-07-01,UPI/P2M/410003880310/OLA CABS,-371.00,Transport,Discretionary
B648,bank,2023-07-18,2023-07-01,ATM WDL/410003896148/HITECH CITY,-3000.00,Cash withdrawal,Discretionary
B649,bank,2023-07-19,2023-07-01,UPI/P2M/410003864472/HYD METRO RAIL,-119.00,Transport,Discretionary
B65,bank,2021-12-07,2021-12-01,NACH/BSE STAR MF/NIFTY 50 INDEX FUND SIP,-6000.00,Equity fund,Investments
B650,bank,2023-07-20,2023-07-01,UPI/P2M/410003801120/ZEPTO,-1204.00,Groceries,Discretionary
B651,bank,2023-07-22,2023-07-01,UPI/P2M/410003769444/BLINKIT,-471.00,Groceries,Discretionary
B652,bank,2023-07-22,2023-07-01,UPI/P2M/410003816958/SWIGGY,-1468.00,Dining and delivery,Discretionary
B653,bank,2023-07-24,2023-07-01,UPI/P2M/410003809039/ZOMATO,-999.00,Dining and delivery,Discretionary
B654,bank,2023-07-27,2023-07-01,UPI/P2M/410003793201/BIGBASKET,-884.00,Groceries,Discretionary
B655,bank,2023-07-30,2023-07-01,NEFT/VERTEXA TECHNOLOGIES PVT LTD/SALARY JUL23,144371.00,Salary,Income
B656,bank,2023-08-01,2023-08-01,UPI/P2P/410003919905/LAKSHMI/maid salary,-3300.00,Household help,Fixed
B657,bank,2023-08-02,2023-08-01,IMPS/410003911986/TO FATHER/monthly support,-6700.00,Family support,Fixed
B658,bank,2023-08-02,2023-08-01,UPI/P2M/410004014933/SWIGGY,-426.00,Dining and delivery,Discretionary
B659,bank,2023-08-03,2023-08-01,UPI/P2P/410003904067/RAMESH K/Rent,-15800.00,Rent,Fixed
B66,bank,2021-12-08,2021-12-01,UPI/P2M/410000388031/AIRTEL PREPAID,-299.00,Utilities,Fixed
B660,bank,2023-08-03,2023-08-01,UPI/P2M/410003951581/ZOMATO,-653.00,Dining and delivery,Discretionary
B661,bank,2023-08-03,2023-08-01,CC BILL PAYMENT/HDFC CC XX4321,-15484.00,Card bill payment,Transfer
B662,bank,2023-08-04,2023-08-01,UPI/P2M/410004038690/HYD METRO RAIL,-558.00,Transport,Discretionary
B663,bank,2023-08-05,2023-08-01,NACH/ACT FIBERNET/BROADBAND,-1060.00,Utilities,Fixed
B664,bank,2023-08-05,2023-08-01,NACH/SBI/EDUCATION LOAN EMI/EDU-01,-12896.00,Loan EMIs,Fixed
B665,bank,2023-08-05,2023-08-01,NACH/HDFC BANK/CAR LOAN EMI/CAR-01,-13493.00,Loan EMIs,Fixed
B666,bank,2023-08-06,2023-08-01,UPI/P2M/410003927824/AIRTEL PREPAID,-299.00,Utilities,Fixed
B667,bank,2023-08-06,2023-08-01,UPI/P2M/410003943662/BLINKIT,-1210.00,Groceries,Discretionary
B668,bank,2023-08-07,2023-08-01,UPI/P2M/410003991176/SWIGGY,-780.00,Dining and delivery,Discretionary
B669,bank,2023-08-07,2023-08-01,NACH/BSE STAR MF/NIFTY 50 INDEX FUND SIP,-15000.00,Equity fund,Investments
B67,bank,2021-12-08,2021-12-01,UPI/P2M/410000411788/ZEPTO,-1200.00,Groceries,Discretionary
B670,bank,2023-08-07,2023-08-01,NACH/BSE STAR MF/SHORT TERM DEBT FUND SIP,-3000.00,Debt fund,Investments
B671,bank,2023-08-08,2023-08-01,UPI/P2M/410004007014/ZOMATO,-373.00,Dining and delivery,Discretionary
B672,bank,2023-08-09,2023-08-01,UPI/P2M/410003959500/SWIGGY,-171.00,Dining and delivery,Discretionary
B673,bank,2023-08-11,2023-08-01,UPI/P2M/410003975338/ZOMATO,-165.00,Dining and delivery,Discretionary
B674,bank,2023-08-12,2023-08-01,BBPS/TGSPDCL/ELECTRICITY BILL,-1643.00,Utilities,Fixed
B675,bank,2023-08-15,2023-08-01,UPI/P2M/410004054528/APOLLO PHARMACY,-841.00,Health,Discretionary
B676,bank,2023-08-18,2023-08-01,UPI/P2M/410003983257/ZOMATO,-896.00,Dining and delivery,Discretionary
B677,bank,2023-08-18,2023-08-01,UPI/P2M/410004030771/OLA CABS,-328.00,Transport,Discretionary
B678,bank,2023-08-20,2023-08-01,UPI/P2M/410003999095/SWIGGY,-264.00,Dining and delivery,Discretionary
B679,bank,2023-08-22,2023-08-01,UPI/P2M/410004022852/SWIGGY,-677.00,Dining and delivery,Discretionary
B68,bank,2021-12-12,2021-12-01,UPI/P2M/410000451383/ZOMATO,-921.00,Dining and delivery,Discretionary
B680,bank,2023-08-22,2023-08-01,ATM WDL/410004062447/HITECH CITY,-2000.00,Cash withdrawal,Discretionary
B681,bank,2023-08-24,2023-08-01,UPI/P2M/410004046609/OLA CABS,-419.00,Transport,Discretionary
B682,bank,2023-08-26,2023-08-01,UPI/P2M/410003967419/ZOMATO,-409.00,Dining and delivery,Discretionary
B683,bank,2023-08-28,2023-08-01,UPI/P2M/410003935743/BLINKIT,-1771.00,Groceries,Discretionary
B684,bank,2023-08-30,2023-08-01,NEFT/VERTEXA TECHNOLOGIES PVT LTD/SALARY AUG23,144371.00,Salary,Income
B685,bank,2023-09-01,2023-09-01,UPI/P2P/410004086204/LAKSHMI/maid salary,-3400.00,Household help,Fixed
B686,bank,2023-09-01,2023-09-01,UPI/P2M/410004102042/BLINKIT,-982.00,Groceries,Discretionary
B687,bank,2023-09-01,2023-09-01,UPI/P2M/410004197070/OLA CABS,-62.00,Transport,Discretionary
B688,bank,2023-09-02,2023-09-01,IMPS/410004078285/TO FATHER/monthly support,-6700.00,Family support,Fixed
B689,bank,2023-09-02,2023-09-01,UPI/P2M/410004109961/BIGBASKET,-1486.00,Groceries,Discretionary
B69,bank,2021-12-12,2021-12-01,UPI/P2M/410000506816/UBER INDIA,-270.00,Transport,Discretionary
B690,bank,2023-09-03,2023-09-01,UPI/P2P/410004070366/RAMESH K/Rent,-15800.00,Rent,Fixed
B691,bank,2023-09-03,2023-09-01,CC BILL PAYMENT/HDFC CC XX4321,-17505.00,Card bill payment,Transfer
B692,bank,2023-09-05,2023-09-01,NACH/ACT FIBERNET/BROADBAND,-1060.00,Utilities,Fixed
B693,bank,2023-09-05,2023-09-01,NACH/SBI/EDUCATION LOAN EMI/EDU-01,-12896.00,Loan EMIs,Fixed
B694,bank,2023-09-05,2023-09-01,NACH/HDFC BANK/CAR LOAN EMI/CAR-01,-13493.00,Loan EMIs,Fixed
B695,bank,2023-09-05,2023-09-01,UPI/P2M/410004228746/UBER INDIA,-270.00,Transport,Discretionary
B696,bank,2023-09-06,2023-09-01,UPI/P2M/410004094123/AIRTEL PREPAID,-299.00,Utilities,Fixed
B697,bank,2023-09-06,2023-09-01,UPI/P2M/410004212908/RAPIDO,-183.00,Transport,Discretionary
B698,bank,2023-09-07,2023-09-01,UPI/P2M/410004117880/BIGBASKET,-2510.00,Groceries,Discretionary
B699,bank,2023-09-07,2023-09-01,UPI/P2M/410004141637/BLINKIT,-1151.00,Groceries,Discretionary
B7,bank,2021-10-04,2021-10-01,UPI/P2M/410000142542/HYD METRO RAIL,-223.00,Transport,Discretionary
B70,bank,2021-12-13,2021-12-01,UPI/P2M/410000467221/ZOMATO,-769.00,Dining and delivery,Discretionary
B700,bank,2023-09-07,2023-09-01,UPI/P2M/410004165394/ZOMATO,-295.00,Dining and delivery,Discretionary
B701,bank,2023-09-07,2023-09-01,UPI/P2M/410004236665/HYD METRO RAIL,-197.00,Transport,Discretionary
B702,bank,2023-09-07,2023-09-01,NACH/BSE STAR MF/NIFTY 50 INDEX FUND SIP,-15000.00,Equity fund,Investments
B703,bank,2023-09-07,2023-09-01,NACH/BSE STAR MF/SHORT TERM DEBT FUND SIP,-3000.00,Debt fund,Investments
B704,bank,2023-09-10,2023-09-01,UPI/P2M/410004181232/ZOMATO,-1198.00,Dining and delivery,Discretionary
B705,bank,2023-09-10,2023-09-01,ATM WDL/410004252503/HITECH CITY,-2500.00,Cash withdrawal,Discretionary
B706,bank,2023-09-13,2023-09-01,BBPS/TGSPDCL/ELECTRICITY BILL,-1775.00,Utilities,Fixed
B707,bank,2023-09-20,2023-09-01,UPI/P2M/410004189151/OLA CABS,-256.00,Transport,Discretionary
B708,bank,2023-09-21,2023-09-01,UPI/P2M/410004173313/SWIGGY,-142.00,Dining and delivery,Discretionary
B709,bank,2023-09-21,2023-09-01,UPI/P2M/410004244584/APOLLO PHARMACY,-711.00,Health,Discretionary
B71,bank,2021-12-14,2021-12-01,BBPS/TGSPDCL/ELECTRICITY BILL,-1674.00,Utilities,Fixed
B710,bank,2023-09-22,2023-09-01,UPI/P2M/410004220827/UBER INDIA,-258.00,Transport,Discretionary
B711,bank,2023-09-23,2023-09-01,UPI/P2M/410004133718/BLINKIT,-1315.00,Groceries,Discretionary
B712,bank,2023-09-23,2023-09-01,UPI/P2M/410004157475/ZOMATO,-580.00,Dining and delivery,Discretionary
B713,bank,2023-09-24,2023-09-01,UPI/P2M/410004125799/BIGBASKET,-708.00,Groceries,Discretionary
B714,bank,2023-09-25,2023-09-01,UPI/P2M/410004149556/ZOMATO,-905.00,Dining and delivery,Discretionary
B715,bank,2023-09-27,2023-09-01,UPI/P2M/410004204989/OLA CABS,-186.00,Transport,Discretionary
B716,bank,2023-09-29,2023-09-01,NEFT/VERTEXA TECHNOLOGIES PVT LTD/SALARY SEP23,144371.00,Salary,Income
B717,bank,2023-10-01,2023-10-01,UPI/P2P/410004276260/LAKSHMI/maid salary,-3400.00,Household help,Fixed
B718,bank,2023-10-02,2023-10-01,IMPS/410004268341/TO FATHER/monthly support,-6700.00,Family support,Fixed
B719,bank,2023-10-02,2023-10-01,UPI/P2M/410004300017/BIGBASKET,-3702.00,Groceries,Discretionary
B72,bank,2021-12-16,2021-12-01,UPI/P2M/410000514735/RAPIDO,-376.00,Transport,Discretionary
B720,bank,2023-10-02,2023-10-01,UPI/P2M/410004434640/RAPIDO,-131.00,Transport,Discretionary
B721,bank,2023-10-03,2023-10-01,UPI/P2P/410004260422/RAMESH K/Rent,-16600.00,Rent,Fixed
B722,bank,2023-10-03,2023-10-01,UPI/P2M/410004292098/ZEPTO,-940.00,Groceries,Discretionary
B723,bank,2023-10-03,2023-10-01,UPI/P2M/410004426721/HYD METRO RAIL,-219.00,Transport,Discretionary
B724,bank,2023-10-03,2023-10-01,CC BILL PAYMENT/HDFC CC XX4321,-16903.00,Card bill payment,Transfer
B725,bank,2023-10-04,2023-10-01,ATM WDL/410004458397/HITECH CITY,-3000.00,Cash withdrawal,Discretionary
B726,bank,2023-10-05,2023-10-01,NACH/ACT FIBERNET/BROADBAND,-1060.00,Utilities,Fixed
B727,bank,2023-10-05,2023-10-01,NACH/SBI/EDUCATION LOAN EMI/EDU-01,-12896.00,Loan EMIs,Fixed
B728,bank,2023-10-05,2023-10-01,NACH/HDFC BANK/CAR LOAN EMI/CAR-01,-13493.00,Loan EMIs,Fixed
B729,bank,2023-10-07,2023-10-01,UPI/P2M/410004395045/SWIGGY,-700.00,Dining and delivery,Discretionary
B73,bank,2021-12-17,2021-12-01,UPI/P2M/410000395950/BLINKIT,-1096.00,Groceries,Discretionary
B730,bank,2023-10-07,2023-10-01,NACH/BSE STAR MF/NIFTY 50 INDEX FUND SIP,-15000.00,Equity fund,Investments
B731,bank,2023-10-07,2023-10-01,NACH/BSE STAR MF/SHORT TERM DEBT FUND SIP,-3000.00,Debt fund,Investments
B732,bank,2023-10-08,2023-10-01,UPI/P2M/410004284179/AIRTEL PREPAID,-299.00,Utilities,Fixed
B733,bank,2023-10-10,2023-10-01,UPI/P2M/410004418802/RAPIDO,-164.00,Transport,Discretionary
B734,bank,2023-10-10,2023-10-01,UPI/P2M/410004466316/TANISHQ / DIWALI GIFTS,-7254.00,Gifts and festivals,Discretionary
B735,bank,2023-10-11,2023-10-01,UPI/P2M/410004363369/SWIGGY,-602.00,Dining and delivery,Discretionary
B736,bank,2023-10-12,2023-10-01,BBPS/TGSPDCL/ELECTRICITY BILL,-1718.00,Utilities,Fixed
B737,bank,2023-10-12,2023-10-01,UPI/P2M/410004347531/ZOMATO,-379.00,Dining and delivery,Discretionary
B738,bank,2023-10-13,2023-10-01,UPI/P2M/410004315855/BLINKIT,-947.00,Groceries,Discretionary
B739,bank,2023-10-13,2023-10-01,UPI/P2M/410004402964/OLA CABS,-357.00,Transport,Discretionary
B74,bank,2021-12-18,2021-12-01,UPI/P2M/410000498897/RAPIDO,-526.00,Transport,Discretionary
B740,bank,2023-10-14,2023-10-01,UPI/P2M/410004379207/SWIGGY,-1245.00,Dining and delivery,Discretionary
B741,bank,2023-10-17,2023-10-01,UPI/P2M/410004450478/APOLLO PHARMACY,-687.00,Health,Discretionary
B742,bank,2023-10-18,2023-10-01,UPI/P2M/410004355450/SWIGGY,-463.00,Dining and delivery,Discretionary
B743,bank,2023-10-19,2023-10-01,UPI/P2M/410004307936/ZEPTO,-878.00,Groceries,Discretionary
B744,bank,2023-10-19,2023-10-01,UPI/P2M/410004331693/ZOMATO,-519.00,Dining and delivery,Discretionary
B745,bank,2023-10-21,2023-10-01,UPI/P2M/410004387126/SWIGGY,-1311.00,Dining and delivery,Discretionary
B746,bank,2023-10-22,2023-10-01,UPI/P2M/410004323774/SWIGGY,-335.00,Dining and delivery,Discretionary
B747,bank,2023-10-22,2023-10-01,UPI/P2M/410004339612/ZOMATO,-939.00,Dining and delivery,Discretionary
B748,bank,2023-10-25,2023-10-01,UPI/P2M/410004442559/HYD METRO RAIL,-93.00,Transport,Discretionary
B749,bank,2023-10-26,2023-10-01,UPI/P2M/410004410883/HYD METRO RAIL,-351.00,Transport,Discretionary
B75,bank,2021-12-19,2021-12-01,UPI/P2M/410000490978/OLA CABS,-864.00,Transport,Discretionary
B750,bank,2023-10-28,2023-10-01,UPI/P2M/410004371288/SWIGGY,-421.00,Dining and delivery,Discretionary
B751,bank,2023-10-30,2023-10-01,NEFT/VERTEXA TECHNOLOGIES PVT LTD/SALARY OCT23,144371.00,Salary,Income
B752,bank,2023-11-01,2023-11-01,UPI/P2P/410004490073/LAKSHMI/maid salary,-3400.00,Household help,Fixed
B753,bank,2023-11-02,2023-11-01,IMPS/410004482154/TO FATHER/monthly support,-6800.00,Family support,Fixed
B754,bank,2023-11-02,2023-11-01,UPI/P2M/410004537587/ZOMATO,-227.00,Dining and delivery,Discretionary
B755,bank,2023-11-03,2023-11-01,UPI/P2P/410004474235/RAMESH K/Rent,-16600.00,Rent,Fixed
B756,bank,2023-11-03,2023-11-01,UPI/P2M/410004529668/BLINKIT,-1642.00,Groceries,Discretionary
B757,bank,2023-11-03,2023-11-01,CC BILL PAYMENT/HDFC CC XX4321,-87648.00,Card bill payment,Transfer
B758,bank,2023-11-05,2023-11-01,NACH/ACT FIBERNET/BROADBAND,-1060.00,Utilities,Fixed
B759,bank,2023-11-05,2023-11-01,NACH/SBI/EDUCATION LOAN EMI/EDU-01,-12896.00,Loan EMIs,Fixed
B76,bank,2021-12-20,2021-12-01,UPI/P2M/410000427626/BLINKIT,-1320.00,Groceries,Discretionary
B760,bank,2023-11-05,2023-11-01,NACH/HDFC BANK/CAR LOAN EMI/CAR-01,-13493.00,Loan EMIs,Fixed
B761,bank,2023-11-05,2023-11-01,UPI/P2M/410004553425/SWIGGY,-476.00,Dining and delivery,Discretionary
B762,bank,2023-11-06,2023-11-01,UPI/P2M/410004577182/SWIGGY,-708.00,Dining and delivery,Discretionary
B763,bank,2023-11-07,2023-11-01,UPI/P2M/410004600939/RAPIDO,-471.00,Transport,Discretionary
B764,bank,2023-11-07,2023-11-01,NACH/BSE STAR MF/NIFTY 50 INDEX FUND SIP,-15000.00,Equity fund,Investments
B765,bank,2023-11-07,2023-11-01,NACH/BSE STAR MF/SHORT TERM DEBT FUND SIP,-3000.00,Debt fund,Investments
B766,bank,2023-11-08,2023-11-01,UPI/P2M/410004497992/AIRTEL PREPAID,-299.00,Utilities,Fixed
B767,bank,2023-11-08,2023-11-01,UPI/P2M/410004513830/BIGBASKET,-526.00,Groceries,Discretionary
B768,bank,2023-11-09,2023-11-01,UPI/P2M/410004585101/SWIGGY,-338.00,Dining and delivery,Discretionary
B769,bank,2023-11-10,2023-11-01,UPI/P2M/410004505911/BIGBASKET,-2791.00,Groceries,Discretionary
B77,bank,2021-12-21,2021-12-01,UPI/P2M/410000443464/SWIGGY,-1661.00,Dining and delivery,Discretionary
B770,bank,2023-11-10,2023-11-01,UPI/P2M/410004545506/SWIGGY,-1559.00,Dining and delivery,Discretionary
B771,bank,2023-11-13,2023-11-01,BBPS/TGSPDCL/ELECTRICITY BILL,-1781.00,Utilities,Fixed
B772,bank,2023-11-13,2023-11-01,UPI/P2M/410004561344/SWIGGY,-880.00,Dining and delivery,Discretionary
B773,bank,2023-11-13,2023-11-01,UPI/P2M/410004608858/HYD METRO RAIL,-109.00,Transport,Discretionary
B774,bank,2023-11-13,2023-11-01,UPI/P2M/410004656372/TANISHQ / DIWALI GIFTS,-12334.00,Gifts and festivals,Discretionary
B775,bank,2023-11-16,2023-11-01,UPI/P2M/410004624696/UBER INDIA,-375.00,Transport,Discretionary
B776,bank,2023-11-18,2023-11-01,UPI/P2M/410004640534/APOLLO PHARMACY,-406.00,Health,Discretionary
B777,bank,2023-11-18,2023-11-01,ATM WDL/410004648453/HITECH CITY,-2000.00,Cash withdrawal,Discretionary
B778,bank,2023-11-19,2023-11-01,UPI/P2M/410004521749/BLINKIT,-3158.00,Groceries,Discretionary
B779,bank,2023-11-20,2023-11-01,UPI/P2M/410004593020/SWIGGY,-778.00,Dining and delivery,Discretionary
B78,bank,2021-12-22,2021-12-01,ATM WDL/410000530573/HITECH CITY,-3000.00,Cash withdrawal,Discretionary
B780,bank,2023-11-24,2023-11-01,UPI/P2M/410004632615/RAPIDO,-178.00,Transport,Discretionary
B781,bank,2023-11-26,2023-11-01,UPI/P2M/410004616777/UBER INDIA,-60.00,Transport,Discretionary
B782,bank,2023-11-28,2023-11-01,UPI/P2M/410004569263/SWIGGY,-225.00,Dining and delivery,Discretionary
B783,bank,2023-11-29,2023-11-01,NEFT/VERTEXA TECHNOLOGIES PVT LTD/SALARY NOV23,144371.00,Salary,Income
B784,bank,2023-12-01,2023-12-01,UPI/P2P/410004680129/LAKSHMI/maid salary,-3400.00,Household help,Fixed
B785,bank,2023-12-01,2023-12-01,UPI/P2M/410004790995/OLA CABS,-122.00,Transport,Discretionary
B786,bank,2023-12-02,2023-12-01,IMPS/410004672210/TO FATHER/monthly support,-6800.00,Family support,Fixed
B787,bank,2023-12-03,2023-12-01,UPI/P2P/410004664291/RAMESH K/Rent,-16600.00,Rent,Fixed
B788,bank,2023-12-03,2023-12-01,UPI/P2M/410004719724/BIGBASKET,-2413.00,Groceries,Discretionary
B789,bank,2023-12-03,2023-12-01,ATM WDL/410004830590/HITECH CITY,-2000.00,Cash withdrawal,Discretionary
B79,bank,2021-12-23,2021-12-01,UPI/P2M/410000403869/BLINKIT,-1371.00,Groceries,Discretionary
B790,bank,2023-12-03,2023-12-01,CC BILL PAYMENT/HDFC CC XX4321,-21162.00,Card bill payment,Transfer
B791,bank,2023-12-04,2023-12-01,UPI/P2M/410004703886/ZEPTO,-1549.00,Groceries,Discretionary
B792,bank,2023-12-04,2023-12-01,UPI/P2M/410004743481/ZOMATO,-554.00,Dining and delivery,Discretionary
B793,bank,2023-12-04,2023-12-01,UPI/P2M/410004822671/APOLLO PHARMACY,-651.00,Health,Discretionary
B794,bank,2023-12-05,2023-12-01,NACH/ACT FIBERNET/BROADBAND,-1060.00,Utilities,Fixed
B795,bank,2023-12-05,2023-12-01,NACH/SBI/EDUCATION LOAN EMI/EDU-01,-12896.00,Loan EMIs,Fixed
B796,bank,2023-12-05,2023-12-01,NACH/HDFC BANK/CAR LOAN EMI/CAR-01,-13493.00,Loan EMIs,Fixed
B797,bank,2023-12-06,2023-12-01,UPI/P2M/410004695967/ZEPTO,-673.00,Groceries,Discretionary
B798,bank,2023-12-06,2023-12-01,UPI/P2M/410004783076/UBER INDIA,-103.00,Transport,Discretionary
B799,bank,2023-12-07,2023-12-01,NACH/BSE STAR MF/NIFTY 50 INDEX FUND SIP,-15000.00,Equity fund,Investments
B8,bank,2021-10-04,2021-10-01,UPI/P2M/410000150461/OLA CABS,-726.00,Transport,Discretionary
B80,bank,2021-12-23,2021-12-01,UPI/P2M/410000419707/BIGBASKET,-522.00,Groceries,Discretionary
B800,bank,2023-12-07,2023-12-01,NACH/BSE STAR MF/SHORT TERM DEBT FUND SIP,-3000.00,Debt fund,Investments
B801,bank,2023-12-09,2023-12-01,UPI/P2M/410004688048/AIRTEL PREPAID,-299.00,Utilities,Fixed
B802,bank,2023-12-09,2023-12-01,UPI/P2M/410004711805/ZEPTO,-2606.00,Groceries,Discretionary
B803,bank,2023-12-11,2023-12-01,BBPS/TGSPDCL/ELECTRICITY BILL,-1940.00,Utilities,Fixed
B804,bank,2023-12-12,2023-12-01,UPI/P2M/410004751400/ZOMATO,-256.00,Dining and delivery,Discretionary
B805,bank,2023-12-12,2023-12-01,UPI/P2M/410004767238/OLA CABS,-68.00,Transport,Discretionary
B806,bank,2023-12-15,2023-12-01,UPI/P2M/410004735562/ZOMATO,-239.00,Dining and delivery,Discretionary
B807,bank,2023-12-18,2023-12-01,UPI/P2M/410004727643/SWIGGY,-434.00,Dining and delivery,Discretionary
B808,bank,2023-12-18,2023-12-01,UPI/P2M/410004759319/ZOMATO,-1370.00,Dining and delivery,Discretionary
B809,bank,2023-12-20,2023-12-01,UPI/P2M/410004798914/UBER INDIA,-269.00,Transport,Discretionary
B81,bank,2021-12-23,2021-12-01,UPI/P2M/410000483059/RAPIDO,-210.00,Transport,Discretionary
B810,bank,2023-12-21,2023-12-01,UPI/P2M/410004806833/UBER INDIA,-286.00,Transport,Discretionary
B811,bank,2023-12-25,2023-12-01,UPI/P2M/410004814752/OLA CABS,-159.00,Transport,Discretionary
B812,bank,2023-12-26,2023-12-01,UPI/P2M/410004775157/UBER INDIA,-139.00,Transport,Discretionary
B813,bank,2023-12-30,2023-12-01,NEFT/VERTEXA TECHNOLOGIES PVT LTD/SALARY DEC23,144371.00,Salary,Income
B814,bank,2024-01-01,2024-01-01,UPI/P2P/410004854347/LAKSHMI/maid salary,-3400.00,Household help,Fixed
B815,bank,2024-01-01,2024-01-01,UPI/P2M/410004917699/SWIGGY,-95.00,Dining and delivery,Discretionary
B816,bank,2024-01-01,2024-01-01,UPI/P2M/410004949375/HYD METRO RAIL,-486.00,Transport,Discretionary
B817,bank,2024-01-02,2024-01-01,IMPS/410004846428/TO FATHER/monthly support,-6800.00,Family support,Fixed
B818,bank,2024-01-03,2024-01-01,UPI/P2P/410004838509/RAMESH K/Rent,-16600.00,Rent,Fixed
B819,bank,2024-01-03,2024-01-01,CC BILL PAYMENT/HDFC CC XX4321,-21602.00,Card bill payment,Transfer
B82,bank,2021-12-25,2021-12-01,UPI/P2M/410000522654/APOLLO PHARMACY,-641.00,Health,Discretionary
B820,bank,2024-01-04,2024-01-01,UPI/P2M/410004965213/HYD METRO RAIL,-1081.00,Transport,Discretionary
B821,bank,2024-01-05,2024-01-01,NACH/ACT FIBERNET/BROADBAND,-1060.00,Utilities,Fixed
B822,bank,2024-01-05,2024-01-01,NACH/SBI/EDUCATION LOAN EMI/EDU-01,-12896.00,Loan EMIs,Fixed
B823,bank,2024-01-05,2024-01-01,NACH/HDFC BANK/CAR LOAN EMI/CAR-01,-13493.00,Loan EMIs,Fixed
B824,bank,2024-01-06,2024-01-01,UPI/P2M/410004973132/APOLLO PHARMACY,-566.00,Health,Discretionary
B825,bank,2024-01-07,2024-01-01,UPI/P2M/410004862266/AIRTEL PREPAID,-299.00,Utilities,Fixed
B826,bank,2024-01-07,2024-01-01,NACH/BSE STAR MF/NIFTY 50 INDEX FUND SIP,-15000.00,Equity fund,Investments
B827,bank,2024-01-07,2024-01-01,NACH/BSE STAR MF/SHORT TERM DEBT FUND SIP,-3000.00,Debt fund,Investments
B828,bank,2024-01-08,2024-01-01,UPI/P2M/410004957294/UBER INDIA,-65.00,Transport,Discretionary
B829,bank,2024-01-08,2024-01-01,ATM WDL/410004981051/HITECH CITY,-2500.00,Cash withdrawal,Discretionary
B83,bank,2021-12-26,2021-12-01,UPI/P2M/410000459302/SWIGGY,-1054.00,Dining and delivery,Discretionary
B830,bank,2024-01-09,2024-01-01,UPI/P2M/410004933537/ZOMATO,-346.00,Dining and delivery,Discretionary
B831,bank,2024-01-12,2024-01-01,UPI/P2M/410004893942/BIGBASKET,-2551.00,Groceries,Discretionary
B832,bank,2024-01-12,2024-01-01,UPI/P2M/410004901861/SWIGGY,-835.00,Dining and delivery,Discretionary
B833,bank,2024-01-13,2024-01-01,UPI/P2M/410004878104/ZEPTO,-661.00,Groceries,Discretionary
B834,bank,2024-01-13,2024-01-01,UPI/P2M/410004941456/ZOMATO,-535.00,Dining and delivery,Discretionary
B835,bank,2024-01-14,2024-01-01,BBPS/TGSPDCL/ELECTRICITY BILL,-1734.00,Utilities,Fixed
B836,bank,2024-01-16,2024-01-01,UPI/P2M/410004909780/ZOMATO,-573.00,Dining and delivery,Discretionary
B837,bank,2024-01-18,2024-01-01,UPI/P2M/410004925618/ZOMATO,-139.00,Dining and delivery,Discretionary
B838,bank,2024-01-19,2024-01-01,UPI/P2M/410004870185/ZEPTO,-1648.00,Groceries,Discretionary
B839,bank,2024-01-20,2024-01-01,UPI/P2M/410004886023/ZEPTO,-3510.00,Groceries,Discretionary
B84,bank,2021-12-27,2021-12-01,UPI/P2M/410000435545/ZOMATO,-270.00,Dining and delivery,Discretionary
B840,bank,2024-01-20,2024-01-01,FD BOOKED/FD-02/AUTO RENEW,-100000.00,Fixed deposit,Investments
B841,bank,2024-01-30,2024-01-01,NEFT/VERTEXA TECHNOLOGIES PVT LTD/SALARY JAN24,144371.00,Salary,Income
B842,bank,2024-02-01,2024-02-01,UPI/P2P/410005004808/LAKSHMI/maid salary,-3400.00,Household help,Fixed
B843,bank,2024-02-02,2024-02-01,IMPS/410004996889/TO FATHER/monthly support,-6900.00,Family support,Fixed
B844,bank,2024-02-03,2024-02-01,UPI/P2P/410004988970/RAMESH K/Rent,-16600.00,Rent,Fixed
B845,bank,2024-02-03,2024-02-01,CC BILL PAYMENT/HDFC CC XX4321,-32252.00,Card bill payment,Transfer
B846,bank,2024-02-05,2024-02-01,NACH/ACT FIBERNET/BROADBAND,-1060.00,Utilities,Fixed
B847,bank,2024-02-05,2024-02-01,NACH/SBI/EDUCATION LOAN EMI/EDU-01,-12896.00,Loan EMIs,Fixed
B848,bank,2024-02-05,2024-02-01,NACH/HDFC BANK/CAR LOAN EMI/CAR-01,-13493.00,Loan EMIs,Fixed
B849,bank,2024-02-05,2024-02-01,UPI/P2M/410005091917/ZOMATO,-1315.00,Dining and delivery,Discretionary
B85,bank,2021-12-30,2021-12-01,NEFT/NIMBUS SOFTWARE PVT LTD/SALARY DEC21,95837.00,Salary,Income
B850,bank,2024-02-07,2024-02-01,NACH/BSE STAR MF/NIFTY 50 INDEX FUND SIP,-15000.00,Equity fund,Investments
B851,bank,2024-02-07,2024-02-01,NACH/BSE STAR MF/SHORT TERM DEBT FUND SIP,-3000.00,Debt fund,Investments
B852,bank,2024-02-08,2024-02-01,UPI/P2M/410005012727/AIRTEL PREPAID,-299.00,Utilities,Fixed
B853,bank,2024-02-10,2024-02-01,UPI/P2M/410005060241/ZOMATO,-1466.00,Dining and delivery,Discretionary
B854,bank,2024-02-11,2024-02-01,BBPS/TGSPDCL/ELECTRICITY BILL,-1834.00,Utilities,Fixed
B855,bank,2024-02-11,2024-02-01,UPI/P2M/410005044403/BIGBASKET,-1407.00,Groceries,Discretionary
B856,bank,2024-02-13,2024-02-01,UPI/P2M/410005099836/UBER INDIA,-501.00,Transport,Discretionary
B857,bank,2024-02-14,2024-02-01,UPI/P2M/410005083998/SWIGGY,-957.00,Dining and delivery,Discretionary
B858,bank,2024-02-14,2024-02-01,UPI/P2M/410005147350/APOLLO PHARMACY,-560.00,Health,Discretionary
B859,bank,2024-02-15,2024-02-01,UPI/P2M/410005068160/ZOMATO,-977.00,Dining and delivery,Discretionary
B86,bank,2022-01-01,2022-01-01,UPI/P2P/410000554330/LAKSHMI/maid salary,-3000.00,Household help,Fixed
B860,bank,2024-02-16,2024-02-01,UPI/P2M/410005131512/HYD METRO RAIL,-228.00,Transport,Discretionary
B861,bank,2024-02-17,2024-02-01,UPI/P2M/410005076079/ZOMATO,-917.00,Dining and delivery,Discretionary
B862,bank,2024-02-19,2024-02-01,UPI/P2M/410005107755/RAPIDO,-70.00,Transport,Discretionary
B863,bank,2024-02-19,2024-02-01,UPI/P2M/410005123593/OLA CABS,-60.00,Transport,Discretionary
B864,bank,2024-02-24,2024-02-01,UPI/P2M/410005028565/BLINKIT,-1152.00,Groceries,Discretionary
B865,bank,2024-02-24,2024-02-01,UPI/P2M/410005052322/BIGBASKET,-2246.00,Groceries,Discretionary
B866,bank,2024-02-24,2024-02-01,UPI/P2M/410005139431/RAPIDO,-166.00,Transport,Discretionary
B867,bank,2024-02-24,2024-02-01,ATM WDL/410005155269/HITECH CITY,-3000.00,Cash withdrawal,Discretionary
B868,bank,2024-02-25,2024-02-01,UPI/P2M/410005020646/BLINKIT,-1027.00,Groceries,Discretionary
B869,bank,2024-02-28,2024-02-01,NEFT/VERTEXA TECHNOLOGIES PVT LTD/SALARY FEB24,144371.00,Salary,Income
B87,bank,2022-01-01,2022-01-01,UPI/P2M/410000681034/UBER INDIA,-410.00,Transport,Discretionary
B870,bank,2024-02-28,2024-02-01,UPI/P2M/410005036484/BIGBASKET,-1988.00,Groceries,Discretionary
B871,bank,2024-02-28,2024-02-01,UPI/P2M/410005115674/UBER INDIA,-154.00,Transport,Discretionary
B872,bank,2024-03-01,2024-03-01,UPI/P2P/410005179026/LAKSHMI/maid salary,-3500.00,Household help,Fixed
B873,bank,2024-03-01,2024-03-01,UPI/P2M/410005218621/ZOMATO,-628.00,Dining and delivery,Discretionary
B874,bank,2024-03-02,2024-03-01,IMPS/410005171107/TO FATHER/monthly support,-6900.00,Family support,Fixed
B875,bank,2024-03-02,2024-03-01,UPI/P2M/410005194864/BIGBASKET,-3896.00,Groceries,Discretionary
B876,bank,2024-03-02,2024-03-01,UPI/P2M/410005250297/OLA CABS,-91.00,Transport,Discretionary
B877,bank,2024-03-03,2024-03-01,UPI/P2P/410005163188/SUNITA REDDY/Rent,-24000.00,Rent,Fixed
B878,bank,2024-03-03,2024-03-01,UPI/P2M/410005242378/ZOMATO,-1795.00,Dining and delivery,Discretionary
B879,bank,2024-03-03,2024-03-01,CC BILL PAYMENT/HDFC CC XX4321,-29211.00,Card bill payment,Transfer
B88,bank,2022-01-02,2022-01-01,IMPS/410000546411/TO FATHER/monthly support,-6100.00,Family support,Fixed
B880,bank,2024-03-05,2024-03-01,NACH/ACT FIBERNET/BROADBAND,-1060.00,Utilities,Fixed
B881,bank,2024-03-05,2024-03-01,NACH/SBI/EDUCATION LOAN EMI/EDU-01,-12896.00,Loan EMIs,Fixed
B882,bank,2024-03-05,2024-03-01,NACH/HDFC BANK/CAR LOAN EMI/CAR-01,-13493.00,Loan EMIs,Fixed
B883,bank,2024-03-05,2024-03-01,UPI/P2M/410005266135/OLA CABS,-333.00,Transport,Discretionary
B884,bank,2024-03-07,2024-03-01,NACH/BSE STAR MF/NIFTY 50 INDEX FUND SIP,-15000.00,Equity fund,Investments
B885,bank,2024-03-07,2024-03-01,NACH/BSE STAR MF/SHORT TERM DEBT FUND SIP,-3000.00,Debt fund,Investments
B886,bank,2024-03-08,2024-03-01,UPI/P2M/410005186945/AIRTEL PREPAID,-299.00,Utilities,Fixed
B887,bank,2024-03-08,2024-03-01,UPI/P2M/410005202783/BLINKIT,-3187.00,Groceries,Discretionary
B888,bank,2024-03-08,2024-03-01,UPI/P2M/410005226540/SWIGGY,-895.00,Dining and delivery,Discretionary
B889,bank,2024-03-08,2024-03-01,UPI/P2M/410005289892/APOLLO PHARMACY,-486.00,Health,Discretionary
B89,bank,2022-01-03,2022-01-01,UPI/P2P/410000538492/RAMESH K/Rent,-15000.00,Rent,Fixed
B890,bank,2024-03-09,2024-03-01,UPI/P2M/410005210702/SWIGGY,-746.00,Dining and delivery,Discretionary
B891,bank,2024-03-11,2024-03-01,BBPS/TGSPDCL/ELECTRICITY BILL,-1936.00,Utilities,Fixed
B892,bank,2024-03-14,2024-03-01,UPI/P2M/410005234459/ZOMATO,-898.00,Dining and delivery,Discretionary
B893,bank,2024-03-14,2024-03-01,ATM WDL/410005297811/HITECH CITY,-3000.00,Cash withdrawal,Discretionary
B894,bank,2024-03-15,2024-03-01,UPI/P2M/410005258216/RAPIDO,-192.00,Transport,Discretionary
B895,bank,2024-03-16,2024-03-01,UPI/P2M/410005274054/RAPIDO,-322.00,Transport,Discretionary
B896,bank,2024-03-21,2024-03-01,NEFT/ICICI LOMBARD/MOTOR INSURANCE,-19350.00,Insurance,Fixed
B897,bank,2024-03-21,2024-03-01,UPI/P2M/410005281973/RAPIDO,-465.00,Transport,Discretionary
B898,bank,2024-03-30,2024-03-01,NEFT/VERTEXA TECHNOLOGIES PVT LTD/SALARY MAR24,144371.00,Salary,Income
B899,bank,2024-04-01,2024-04-01,UPI/P2P/410005321568/LAKSHMI/maid salary,-3500.00,Household help,Fixed
B9,bank,2021-10-05,2021-10-01,NACH/ACT FIBERNET/BROADBAND,-1060.00,Utilities,Fixed
B90,bank,2022-01-03,2022-01-01,UPI/P2M/410000586006/BLINKIT,-1218.00,Groceries,Discretionary
B900,bank,2024-04-01,2024-04-01,UPI/P2M/410005384920/OLA CABS,-422.00,Transport,Discretionary
B901,bank,2024-04-02,2024-04-01,IMPS/410005313649/TO FATHER/monthly support,-6900.00,Family support,Fixed
B902,bank,2024-04-03,2024-04-01,UPI/P2P/410005305730/SUNITA REDDY/Rent,-24000.00,Rent,Fixed
B903,bank,2024-04-03,2024-04-01,CC BILL PAYMENT/HDFC CC XX4321,-13120.00,Card bill payment,Transfer
B904,bank,2024-04-04,2024-04-01,TRF TO PPF A/C 3021XXXX88,-90000.00,PPF,Investments
B905,bank,2024-04-05,2024-04-01,NACH/ACT FIBERNET/BROADBAND,-1060.00,Utilities,Fixed
B906,bank,2024-04-05,2024-04-01,NACH/SBI/EDUCATION LOAN EMI/EDU-01,-12896.00,Loan EMIs,Fixed
B907,bank,2024-04-05,2024-04-01,NACH/HDFC BANK/CAR LOAN EMI/CAR-01,-13493.00,Loan EMIs,Fixed
B908,bank,2024-04-07,2024-04-01,UPI/P2M/410005337406/ZEPTO,-1566.00,Groceries,Discretionary
B909,bank,2024-04-07,2024-04-01,UPI/P2M/410005345325/BIGBASKET,-2749.00,Groceries,Discretionary
B91,bank,2022-01-03,2022-01-01,UPI/P2M/410000609763/SWIGGY,-552.00,Dining and delivery,Discretionary
B910,bank,2024-04-07,2024-04-01,UPI/P2M/410005353244/SWIGGY,-426.00,Dining and delivery,Discretionary
B911,bank,2024-04-07,2024-04-01,NACH/BSE STAR MF/NIFTY 50 INDEX FUND SIP,-16500.00,Equity fund,Investments
B912,bank,2024-04-07,2024-04-01,NACH/BSE STAR MF/SHORT TERM DEBT FUND SIP,-3000.00,Debt fund,Investments
B913,bank,2024-04-08,2024-04-01,UPI/P2M/410005329487/AIRTEL PREPAID,-299.00,Utilities,Fixed
B914,bank,2024-04-09,2024-04-01,UPI/P2M/410005369082/ZOMATO,-248.00,Dining and delivery,Discretionary
B915,bank,2024-04-11,2024-04-01,BBPS/TGSPDCL/ELECTRICITY BILL,-3165.00,Utilities,Fixed
B916,bank,2024-04-15,2024-04-01,NEFT/VERTEXA TECHNOLOGIES PVT LTD/PERF BONUS FY23,138262.00,Bonus,Income
B917,bank,2024-04-16,2024-04-01,ATM WDL/410005416596/HITECH CITY,-2500.00,Cash withdrawal,Discretionary
B918,bank,2024-04-19,2024-04-01,UPI/P2M/410005408677/APOLLO PHARMACY,-396.00,Health,Discretionary
B919,bank,2024-04-22,2024-04-01,UPI/P2M/410005377001/SWIGGY,-617.00,Dining and delivery,Discretionary
B92,bank,2022-01-03,2022-01-01,CC BILL PAYMENT/HDFC CC XX4321,-52764.00,Card bill payment,Transfer
B920,bank,2024-04-23,2024-04-01,UPI/P2M/410005392839/UBER INDIA,-336.00,Transport,Discretionary
B921,bank,2024-04-25,2024-04-01,UPI/P2M/410005361163/SWIGGY,-408.00,Dining and delivery,Discretionary
B922,bank,2024-04-25,2024-04-01,UPI/P2M/410005400758/UBER INDIA,-666.00,Transport,Discretionary
B923,bank,2024-04-29,2024-04-01,NEFT/VERTEXA TECHNOLOGIES PVT LTD/SALARY APR24,156442.00,Salary,Income
B924,bank,2024-05-01,2024-05-01,UPI/P2P/410005440353/LAKSHMI/maid salary,-3500.00,Household help,Fixed
B925,bank,2024-05-02,2024-05-01,IMPS/410005432434/TO FATHER/monthly support,-7000.00,Family support,Fixed
B926,bank,2024-05-02,2024-05-01,UPI/P2M/410005511624/SWIGGY,-509.00,Dining and delivery,Discretionary
B927,bank,2024-05-03,2024-05-01,UPI/P2P/410005424515/SUNITA REDDY/Rent,-24000.00,Rent,Fixed
B928,bank,2024-05-03,2024-05-01,UPI/P2M/410005464110/BLINKIT,-2565.00,Groceries,Discretionary
B929,bank,2024-05-03,2024-05-01,CC BILL PAYMENT/HDFC CC XX4321,-77220.00,Card bill payment,Transfer
B93,bank,2022-01-04,2022-01-01,UPI/P2M/410000657277/SWIGGY,-160.00,Dining and delivery,Discretionary
B930,bank,2024-05-05,2024-05-01,NACH/ACT FIBERNET/BROADBAND,-1060.00,Utilities,Fixed
B931,bank,2024-05-05,2024-05-01,NACH/SBI/EDUCATION LOAN EMI/EDU-01,-12896.00,Loan EMIs,Fixed
B932,bank,2024-05-05,2024-05-01,NACH/HDFC BANK/CAR LOAN EMI/CAR-01,-13493.00,Loan EMIs,Fixed
B933,bank,2024-05-06,2024-05-01,UPI/P2M/410005614571/APOLLO PHARMACY,-847.00,Health,Discretionary
B934,bank,2024-05-07,2024-05-01,NACH/BSE STAR MF/NIFTY 50 INDEX FUND SIP,-16500.00,Equity fund,Investments
B935,bank,2024-05-07,2024-05-01,NACH/BSE STAR MF/SHORT TERM DEBT FUND SIP,-3000.00,Debt fund,Investments
B936,bank,2024-05-08,2024-05-01,UPI/P2M/410005472029/BLINKIT,-1332.00,Groceries,Discretionary
B937,bank,2024-05-09,2024-05-01,UPI/P2M/410005448272/AIRTEL PREPAID,-299.00,Utilities,Fixed
B938,bank,2024-05-11,2024-05-01,UPI/P2M/410005487867/SWIGGY,-677.00,Dining and delivery,Discretionary
B939,bank,2024-05-11,2024-05-01,UPI/P2M/410005551219/SWIGGY,-954.00,Dining and delivery,Discretionary
B94,bank,2022-01-05,2022-01-01,NACH/ACT FIBERNET/BROADBAND,-1060.00,Utilities,Fixed
B940,bank,2024-05-11,2024-05-01,UPI/P2M/410005567057/UBER INDIA,-142.00,Transport,Discretionary
B941,bank,2024-05-12,2024-05-01,UPI/P2M/410005495786/SWIGGY,-283.00,Dining and delivery,Discretionary
B942,bank,2024-05-12,2024-05-01,UPI/P2M/410005519543/SWIGGY,-556.00,Dining and delivery,Discretionary
B943,bank,2024-05-14,2024-05-01,BBPS/TGSPDCL/ELECTRICITY BILL,-3231.00,Utilities,Fixed
B944,bank,2024-05-15,2024-05-01,UPI/P2M/410005543300/SWIGGY,-498.00,Dining and delivery,Discretionary
B945,bank,2024-05-16,2024-05-01,UPI/P2M/410005503705/SWIGGY,-586.00,Dining and delivery,Discretionary
B946,bank,2024-05-17,2024-05-01,UPI/P2M/410005598733/HYD METRO RAIL,-60.00,Transport,Discretionary
B947,bank,2024-05-21,2024-05-01,UPI/P2M/410005535381/SWIGGY,-212.00,Dining and delivery,Discretionary
B948,bank,2024-05-21,2024-05-01,UPI/P2M/410005559138/OLA CABS,-174.00,Transport,Discretionary
B949,bank,2024-05-22,2024-05-01,UPI/P2M/410005606652/OLA CABS,-212.00,Transport,Discretionary
B95,bank,2022-01-05,2022-01-01,NACH/SBI/EDUCATION LOAN EMI/EDU-01,-12896.00,Loan EMIs,Fixed
B950,bank,2024-05-23,2024-05-01,UPI/P2M/410005582895/HYD METRO RAIL,-92.00,Transport,Discretionary
B951,bank,2024-05-24,2024-05-01,UPI/P2M/410005479948/BLINKIT,-939.00,Groceries,Discretionary
B952,bank,2024-05-25,2024-05-01,UPI/P2M/410005527462/ZOMATO,-1003.00,Dining and delivery,Discretionary
B953,bank,2024-05-25,2024-05-01,ATM WDL/410005622490/HITECH CITY,-3000.00,Cash withdrawal,Discretionary
B954,bank,2024-05-26,2024-05-01,UPI/P2M/410005590814/OLA CABS,-320.00,Transport,Discretionary
B955,bank,2024-05-27,2024-05-01,UPI/P2M/410005456191/BLINKIT,-887.00,Groceries,Discretionary
B956,bank,2024-05-27,2024-05-01,UPI/P2M/410005574976/UBER INDIA,-322.00,Transport,Discretionary
B957,bank,2024-05-30,2024-05-01,NEFT/VERTEXA TECHNOLOGIES PVT LTD/SALARY MAY24,156442.00,Salary,Income
B958,bank,2024-06-01,2024-06-01,UPI/P2P/410005646247/LAKSHMI/maid salary,-3500.00,Household help,Fixed
B959,bank,2024-06-02,2024-06-01,IMPS/410005638328/TO FATHER/monthly support,-7000.00,Family support,Fixed
B96,bank,2022-01-05,2022-01-01,UPI/P2M/410000649358/SWIGGY,-535.00,Dining and delivery,Discretionary
B960,bank,2024-06-02,2024-06-01,UPI/P2M/410005749194/OLA CABS,-469.00,Transport,Discretionary
B961,bank,2024-06-03,2024-06-01,UPI/P2P/410005630409/SUNITA REDDY/Rent,-24000.00,Rent,Fixed
B962,bank,2024-06-03,2024-06-01,CC BILL PAYMENT/HDFC CC XX4321,-15149.00,Card bill payment,Transfer
B963,bank,2024-06-04,2024-06-01,UPI/P2M/410005670004/BLINKIT,-1376.00,Groceries,Discretionary
B964,bank,2024-06-04,2024-06-01,UPI/P2M/410005717518/SWIGGY,-378.00,Dining and delivery,Discretionary
B965,bank,2024-06-05,2024-06-01,NACH/ACT FIBERNET/BROADBAND,-1060.00,Utilities,Fixed
B966,bank,2024-06-05,2024-06-01,NACH/SBI/EDUCATION LOAN EMI/EDU-01,-12896.00,Loan EMIs,Fixed
B967,bank,2024-06-05,2024-06-01,NACH/HDFC BANK/CAR LOAN EMI/CAR-01,-13493.00,Loan EMIs,Fixed
B968,bank,2024-06-05,2024-06-01,ATM WDL/410005796708/HITECH CITY,-2000.00,Cash withdrawal,Discretionary
B969,bank,2024-06-07,2024-06-01,NACH/BSE STAR MF/NIFTY 50 INDEX FUND SIP,-16500.00,Equity fund,Investments
B97,bank,2022-01-07,2022-01-01,UPI/P2M/410000562249/AIRTEL PREPAID,-299.00,Utilities,Fixed
B970,bank,2024-06-07,2024-06-01,NACH/BSE STAR MF/SHORT TERM DEBT FUND SIP,-3000.00,Debt fund,Investments
B971,bank,2024-06-08,2024-06-01,UPI/P2M/410005654166/AIRTEL PREPAID,-299.00,Utilities,Fixed
B972,bank,2024-06-08,2024-06-01,UPI/P2M/410005709599/BIGBASKET,-1177.00,Groceries,Discretionary
B973,bank,2024-06-10,2024-06-01,NACH/HDFC LIFE/TERM PREMIUM,-11800.00,Insurance,Fixed
B974,bank,2024-06-10,2024-06-01,UPI/P2M/410005788789/APOLLO PHARMACY,-741.00,Health,Discretionary
B975,bank,2024-06-11,2024-06-01,UPI/P2M/410005741275/SWIGGY,-2004.00,Dining and delivery,Discretionary
B976,bank,2024-06-13,2024-06-01,BBPS/TGSPDCL/ELECTRICITY BILL,-3641.00,Utilities,Fixed
B977,bank,2024-06-13,2024-06-01,UPI/P2M/410005757113/UBER INDIA,-321.00,Transport,Discretionary
B978,bank,2024-06-14,2024-06-01,UPI/P2M/410005693761/ZEPTO,-1508.00,Groceries,Discretionary
B979,bank,2024-06-19,2024-06-01,UPI/P2M/410005725437/ZOMATO,-741.00,Dining and delivery,Discretionary
B98,bank,2022-01-07,2022-01-01,UPI/P2M/410000570168/BLINKIT,-449.00,Groceries,Discretionary
B980,bank,2024-06-20,2024-06-01,UPI/P2M/410005701680/ZEPTO,-1279.00,Groceries,Discretionary
B981,bank,2024-06-22,2024-06-01,UPI/P2M/410005780870/HYD METRO RAIL,-153.00,Transport,Discretionary
B982,bank,2024-06-23,2024-06-01,UPI/P2M/410005733356/SWIGGY,-896.00,Dining and delivery,Discretionary
B983,bank,2024-06-25,2024-06-01,UPI/P2M/410005765032/UBER INDIA,-245.00,Transport,Discretionary
B984,bank,2024-06-27,2024-06-01,UPI/P2M/410005677923/BIGBASKET,-1206.00,Groceries,Discretionary
B985,bank,2024-06-28,2024-06-01,UPI/P2M/410005662085/BLINKIT,-826.00,Groceries,Discretionary
B986,bank,2024-06-28,2024-06-01,UPI/P2M/410005685842/BIGBASKET,-1570.00,Groceries,Discretionary
B987,bank,2024-06-28,2024-06-01,UPI/P2M/410005772951/HYD METRO RAIL,-206.00,Transport,Discretionary
B988,bank,2024-06-29,2024-06-01,NEFT/VERTEXA TECHNOLOGIES PVT LTD/SALARY JUN24,156442.00,Salary,Income
B989,bank,2024-07-01,2024-07-01,UPI/P2P/410005820465/LAKSHMI/maid salary,-3500.00,Household help,Fixed
B99,bank,2022-01-07,2022-01-01,UPI/P2M/410000625601/SWIGGY,-329.00,Dining and delivery,Discretionary
B990,bank,2024-07-02,2024-07-01,IMPS/410005812546/TO FATHER/monthly support,-7000.00,Family support,Fixed
B991,bank,2024-07-03,2024-07-01,UPI/P2P/410005804627/SUNITA REDDY/Rent,-24000.00,Rent,Fixed
B992,bank,2024-07-03,2024-07-01,CC BILL PAYMENT/HDFC CC XX4321,-22790.00,Card bill payment,Transfer
B993,bank,2024-07-05,2024-07-01,NACH/ACT FIBERNET/BROADBAND,-1060.00,Utilities,Fixed
B994,bank,2024-07-05,2024-07-01,NACH/SBI/EDUCATION LOAN EMI/EDU-01,-12896.00,Loan EMIs,Fixed
B995,bank,2024-07-05,2024-07-01,NACH/HDFC BANK/CAR LOAN EMI/CAR-01,-13493.00,Loan EMIs,Fixed
B996,bank,2024-07-06,2024-07-01,UPI/P2M/410005828384/AIRTEL PREPAID,-349.00,Utilities,Fixed
B997,bank,2024-07-07,2024-07-01,UPI/P2M/410005875898/SWIGGY,-141.00,Dining and delivery,Discretionary
B998,bank,2024-07-07,2024-07-01,NACH/BSE STAR MF/NIFTY 50 INDEX FUND SIP,-16500.00,Equity fund,Investments
B999,bank,2024-07-07,2024-07-01,NACH/BSE STAR MF/SHORT TERM DEBT FUND SIP,-3000.00,Debt fund,Investments
C1,card,2021-10-01,2021-10-01,CULTFIT MEMBERSHIP,-2200.00,Subscriptions,Fixed
C10,card,2021-10-13,2021-10-01,POS DMART AVENUE SUPERMARTS,-1679.00,Groceries,Discretionary
C100,card,2022-04-01,2022-04-01,CULTFIT MEMBERSHIP,-2270.00,Subscriptions,Fixed
C1000,card,2026-07-05,2026-07-01,AMAZON PAY INDIA,-3255.00,Shopping,Discretionary
C1001,card,2026-07-07,2026-07-01,POS DMART AVENUE SUPERMARTS,-1719.00,Groceries,Discretionary
C1002,card,2026-07-07,2026-07-01,AMAZON PAY INDIA,-835.00,Shopping,Discretionary
C1003,card,2026-07-08,2026-07-01,NETFLIX.COM,-649.00,Subscriptions,Fixed
C1004,card,2026-07-08,2026-07-01,POS DMART AVENUE SUPERMARTS,-2808.00,Groceries,Discretionary
C1005,card,2026-07-11,2026-07-01,SPOTIFY INDIA,-119.00,Subscriptions,Fixed
C1006,card,2026-07-15,2026-07-01,GOOGLE YOUTUBE PREMIUM,-149.00,Subscriptions,Fixed
C1007,card,2026-07-16,2026-07-01,IOCL FUEL,-2520.00,Transport,Discretionary
C1008,card,2026-07-16,2026-07-01,AMAZON PAY INDIA REFUND,716.00,Shopping,Discretionary
C1009,card,2026-07-19,2026-07-01,PVR INOX,-1650.00,Entertainment,Discretionary
C101,card,2022-04-01,2022-04-01,MYNTRA DESIGNS,-886.00,Shopping,Discretionary
C1010,card,2026-07-22,2026-07-01,BOOKMYSHOW,-767.00,Entertainment,Discretionary
C1011,card,2026-07-25,2026-07-01,POS PARADISE BIRYANI HYDERABAD,-590.00,Dining and delivery,Discretionary
C1012,card,2026-08-01,2026-08-01,CULTFIT MEMBERSHIP,-2920.00,Subscriptions,Fixed
C1013,card,2026-08-01,2026-08-01,POS DMART AVENUE SUPERMARTS,-1426.00,Groceries,Discretionary
C1014,card,2026-08-01,2026-08-01,POS PARADISE BIRYANI HYDERABAD,-110.00,Dining and delivery,Discretionary
C1015,card,2026-08-01,2026-08-01,PVR INOX,-919.00,Entertainment,Discretionary
C1016,card,2026-08-03,2026-08-01,PAYMENT RECEIVED - THANK YOU,22985.00,Card bill payment,Transfer
C1017,card,2026-08-06,2026-08-01,DECATHLON,-4087.00,Shopping,Discretionary
C1018,card,2026-08-08,2026-08-01,NETFLIX.COM,-649.00,Subscriptions,Fixed
C1019,card,2026-08-11,2026-08-01,SPOTIFY INDIA,-119.00,Subscriptions,Fixed
C102,card,2022-04-02,2022-04-01,FLIPKART,-1463.00,Shopping,Discretionary
C1020,card,2026-08-11,2026-08-01,POS PARADISE BIRYANI HYDERABAD,-1028.00,Dining and delivery,Discretionary
C1021,card,2026-08-11,2026-08-01,POS TRUFFLES HYDERABAD,-209.00,Dining and delivery,Discretionary
C1022,card,2026-08-15,2026-08-01,GOOGLE YOUTUBE PREMIUM,-149.00,Subscriptions,Fixed
C1023,card,2026-08-15,2026-08-01,IOCL FUEL,-3051.00,Transport,Discretionary
C1024,card,2026-08-19,2026-08-01,BOOKMYSHOW,-871.00,Entertainment,Discretionary
C1025,card,2026-08-20,2026-08-01,POS PARADISE BIRYANI HYDERABAD,-742.00,Dining and delivery,Discretionary
C1026,card,2026-08-23,2026-08-01,DECATHLON,-3833.00,Shopping,Discretionary
C1027,card,2026-08-28,2026-08-01,HPCL FUEL,-2413.00,Transport,Discretionary
C1028,card,2026-08-28,2026-08-01,CASHBACK CREDIT,386.00,Cashback,Income
C1029,card,2026-09-01,2026-09-01,CULTFIT MEMBERSHIP,-2930.00,Subscriptions,Fixed
C103,card,2022-04-03,2022-04-01,PAYMENT RECEIVED - THANK YOU,15155.00,Card bill payment,Transfer
C1030,card,2026-09-02,2026-09-01,POS DMART AVENUE SUPERMARTS,-1792.00,Groceries,Discretionary
C1031,card,2026-09-03,2026-09-01,PAYMENT RECEIVED - THANK YOU,22140.00,Card bill payment,Transfer
C1032,card,2026-09-07,2026-09-01,POS TRUFFLES HYDERABAD,-204.00,Dining and delivery,Discretionary
C1033,card,2026-09-08,2026-09-01,NETFLIX.COM,-649.00,Subscriptions,Fixed
C1034,card,2026-09-08,2026-09-01,BOOKMYSHOW,-1371.00,Entertainment,Discretionary
C1035,card,2026-09-09,2026-09-01,FLIPKART,-1431.00,Shopping,Discretionary
C1036,card,2026-09-11,2026-09-01,SPOTIFY INDIA,-119.00,Subscriptions,Fixed
C1037,card,2026-09-14,2026-09-01,IOCL FUEL,-2997.00,Transport,Discretionary
C1038,card,2026-09-14,2026-09-01,FLIPKART,-1105.00,Shopping,Discretionary
C1039,card,2026-09-15,2026-09-01,GOOGLE YOUTUBE PREMIUM,-149.00,Subscriptions,Fixed
C104,card,2022-04-03,2022-04-01,CASHBACK CREDIT,89.00,Cashback,Income
C1040,card,2026-09-18,2026-09-01,IOCL FUEL,-2909.00,Transport,Discretionary
C1041,card,2026-09-18,2026-09-01,BOOKMYSHOW,-1673.00,Entertainment,Discretionary
C1042,card,2026-09-21,2026-09-01,POS TRUFFLES HYDERABAD,-2076.00,Dining and delivery,Discretionary
C1043,card,2026-09-25,2026-09-01,POS TRUFFLES HYDERABAD,-477.00,Dining and delivery,Discretionary
C1044,card,2026-09-25,2026-09-01,FLIPKART,-1050.00,Shopping,Discretionary
C1045,card,2026-09-26,2026-09-01,AMAZON PAY INDIA,-802.00,Shopping,Discretionary
C105,card,2022-04-08,2022-04-01,NETFLIX.COM,-649.00,Subscriptions,Fixed
C106,card,2022-04-11,2022-04-01,SPOTIFY INDIA,-119.00,Subscriptions,Fixed
C107,card,2022-04-13,2022-04-01,IKEA HYDERABAD,-410.00,Shopping,Discretionary
C108,card,2022-04-15,2022-04-01,GOOGLE YOUTUBE PREMIUM,-129.00,Subscriptions,Fixed
C109,card,2022-04-15,2022-04-01,FLIPKART,-241.00,Shopping,Discretionary
C11,card,2021-10-14,2021-10-01,POS CAFE NILOUFER HYDERABAD,-732.00,Dining and delivery,Discretionary
C110,card,2022-04-20,2022-04-01,POS PARADISE BIRYANI HYDERABAD,-953.00,Dining and delivery,Discretionary
C111,card,2022-04-25,2022-04-01,PVR INOX,-703.00,Entertainment,Discretionary
C112,card,2022-04-26,2022-04-01,IKEA HYDERABAD,-1338.00,Shopping,Discretionary
C113,card,2022-05-01,2022-05-01,CULTFIT MEMBERSHIP,-2280.00,Subscriptions,Fixed
C114,card,2022-05-03,2022-05-01,PAYMENT RECEIVED - THANK YOU,9072.00,Card bill payment,Transfer
C115,card,2022-05-06,2022-05-01,MAKEMYTRIP FLIGHTS,-20250.00,Travel,Discretionary
C116,card,2022-05-08,2022-05-01,NETFLIX.COM,-649.00,Subscriptions,Fixed
C117,card,2022-05-10,2022-05-01,PVR INOX,-714.00,Entertainment,Discretionary
C118,card,2022-05-11,2022-05-01,SPOTIFY INDIA,-119.00,Subscriptions,Fixed
C119,card,2022-05-11,2022-05-01,AMAZON PAY INDIA REFUND,1787.00,Shopping,Discretionary
C12,card,2021-10-15,2021-10-01,GOOGLE YOUTUBE PREMIUM,-129.00,Subscriptions,Fixed
C120,card,2022-05-12,2022-05-01,FLIPKART,-2946.00,Shopping,Discretionary
C121,card,2022-05-14,2022-05-01,IKEA HYDERABAD,-3486.00,Shopping,Discretionary
C122,card,2022-05-15,2022-05-01,GOOGLE YOUTUBE PREMIUM,-129.00,Subscriptions,Fixed
C123,card,2022-05-15,2022-05-01,POS CAFE NILOUFER HYDERABAD,-3171.00,Dining and delivery,Discretionary
C124,card,2022-05-18,2022-05-01,POS LOCAL EXPENSES TRAVEL,-9000.00,Travel,Discretionary
C125,card,2022-05-20,2022-05-01,POS PARADISE BIRYANI HYDERABAD,-478.00,Dining and delivery,Discretionary
C126,card,2022-05-20,2022-05-01,MAKEMYTRIP HOTELS,-15750.00,Travel,Discretionary
C127,card,2022-05-21,2022-05-01,POS DMART AVENUE SUPERMARTS,-1331.00,Groceries,Discretionary
C128,card,2022-05-26,2022-05-01,POS DMART AVENUE SUPERMARTS,-1267.00,Groceries,Discretionary
C129,card,2022-06-01,2022-06-01,CULTFIT MEMBERSHIP,-2290.00,Subscriptions,Fixed
C13,card,2021-10-15,2021-10-01,IKEA HYDERABAD,-1430.00,Shopping,Discretionary
C130,card,2022-06-03,2022-06-01,PAYMENT RECEIVED - THANK YOU,59783.00,Card bill payment,Transfer
C131,card,2022-06-04,2022-06-01,POS TRUFFLES HYDERABAD,-399.00,Dining and delivery,Discretionary
C132,card,2022-06-07,2022-06-01,POS PARADISE BIRYANI HYDERABAD,-980.00,Dining and delivery,Discretionary
C133,card,2022-06-08,2022-06-01,NETFLIX.COM,-649.00,Subscriptions,Fixed
C134,card,2022-06-09,2022-06-01,POS TRUFFLES HYDERABAD,-422.00,Dining and delivery,Discretionary
C135,card,2022-06-11,2022-06-01,SPOTIFY INDIA,-119.00,Subscriptions,Fixed
C136,card,2022-06-11,2022-06-01,IKEA HYDERABAD,-534.00,Shopping,Discretionary
C137,card,2022-06-13,2022-06-01,POS DMART AVENUE SUPERMARTS,-1026.00,Groceries,Discretionary
C138,card,2022-06-14,2022-06-01,BOOKMYSHOW,-1376.00,Entertainment,Discretionary
C139,card,2022-06-15,2022-06-01,GOOGLE YOUTUBE PREMIUM,-129.00,Subscriptions,Fixed
C14,card,2021-10-18,2021-10-01,POS CAFE NILOUFER HYDERABAD,-1008.00,Dining and delivery,Discretionary
C140,card,2022-06-16,2022-06-01,DECATHLON,-1661.00,Shopping,Discretionary
C141,card,2022-06-24,2022-06-01,DECATHLON,-1068.00,Shopping,Discretionary
C142,card,2022-06-25,2022-06-01,POS PARADISE BIRYANI HYDERABAD,-590.00,Dining and delivery,Discretionary
C143,card,2022-06-27,2022-06-01,POS TRUFFLES HYDERABAD,-231.00,Dining and delivery,Discretionary
C144,card,2022-06-28,2022-06-01,FLIPKART,-553.00,Shopping,Discretionary
C145,card,2022-07-01,2022-07-01,CULTFIT MEMBERSHIP,-2300.00,Subscriptions,Fixed
C146,card,2022-07-03,2022-07-01,POS PARADISE BIRYANI HYDERABAD,-143.00,Dining and delivery,Discretionary
C147,card,2022-07-03,2022-07-01,PAYMENT RECEIVED - THANK YOU,12027.00,Card bill payment,Transfer
C148,card,2022-07-05,2022-07-01,AMAZON PAY INDIA,-2139.00,Shopping,Discretionary
C149,card,2022-07-07,2022-07-01,BOOKMYSHOW,-1106.00,Entertainment,Discretionary
C15,card,2021-10-21,2021-10-01,AMAZON PAY INDIA,-5543.00,Shopping,Discretionary
C150,card,2022-07-08,2022-07-01,NETFLIX.COM,-649.00,Subscriptions,Fixed
C151,card,2022-07-08,2022-07-01,MYNTRA DESIGNS,-635.00,Shopping,Discretionary
C152,card,2022-07-08,2022-07-01,IKEA HYDERABAD,-689.00,Shopping,Discretionary
C153,card,2022-07-11,2022-07-01,SPOTIFY INDIA,-119.00,Subscriptions,Fixed
C154,card,2022-07-12,2022-07-01,BOOKMYSHOW,-1265.00,Entertainment,Discretionary
C155,card,2022-07-14,2022-07-01,AMAZON PAY INDIA,-305.00,Shopping,Discretionary
C156,card,2022-07-15,2022-07-01,GOOGLE YOUTUBE PREMIUM,-129.00,Subscriptions,Fixed
C157,card,2022-07-19,2022-07-01,FLIPKART,-904.00,Shopping,Discretionary
C158,card,2022-07-22,2022-07-01,POS PARADISE BIRYANI HYDERABAD,-483.00,Dining and delivery,Discretionary
C159,card,2022-07-25,2022-07-01,POS PARADISE BIRYANI HYDERABAD,-364.00,Dining and delivery,Discretionary
C16,card,2021-10-22,2021-10-01,BOOKMYSHOW,-703.00,Entertainment,Discretionary
C160,card,2022-07-26,2022-07-01,POS TRUFFLES HYDERABAD,-167.00,Dining and delivery,Discretionary
C161,card,2022-08-01,2022-08-01,CULTFIT MEMBERSHIP,-2310.00,Subscriptions,Fixed
C162,card,2022-08-01,2022-08-01,POS CAFE NILOUFER HYDERABAD,-444.00,Dining and delivery,Discretionary
C163,card,2022-08-03,2022-08-01,PAYMENT RECEIVED - THANK YOU,11397.00,Card bill payment,Transfer
C164,card,2022-08-04,2022-08-01,POS TRUFFLES HYDERABAD,-91.00,Dining and delivery,Discretionary
C165,card,2022-08-08,2022-08-01,NETFLIX.COM,-649.00,Subscriptions,Fixed
C166,card,2022-08-11,2022-08-01,SPOTIFY INDIA,-119.00,Subscriptions,Fixed
C167,card,2022-08-11,2022-08-01,PVR INOX,-753.00,Entertainment,Discretionary
C168,card,2022-08-12,2022-08-01,IKEA HYDERABAD,-2092.00,Shopping,Discretionary
C169,card,2022-08-14,2022-08-01,POS DMART AVENUE SUPERMARTS,-512.00,Groceries,Discretionary
C17,card,2021-10-24,2021-10-01,DECATHLON,-912.00,Shopping,Discretionary
C170,card,2022-08-14,2022-08-01,DECATHLON,-1597.00,Shopping,Discretionary
C171,card,2022-08-14,2022-08-01,FLIPKART,-868.00,Shopping,Discretionary
C172,card,2022-08-14,2022-08-01,PVR INOX,-620.00,Entertainment,Discretionary
C173,card,2022-08-15,2022-08-01,GOOGLE YOUTUBE PREMIUM,-129.00,Subscriptions,Fixed
C174,card,2022-08-15,2022-08-01,POS PARADISE BIRYANI HYDERABAD,-440.00,Dining and delivery,Discretionary
C175,card,2022-08-18,2022-08-01,DECATHLON,-855.00,Shopping,Discretionary
C176,card,2022-08-19,2022-08-01,POS PARADISE BIRYANI HYDERABAD,-651.00,Dining and delivery,Discretionary
C177,card,2022-08-19,2022-08-01,MYNTRA DESIGNS,-1007.00,Shopping,Discretionary
C178,card,2022-08-24,2022-08-01,POS PARADISE BIRYANI HYDERABAD,-307.00,Dining and delivery,Discretionary
C179,card,2022-08-25,2022-08-01,POS DMART AVENUE SUPERMARTS,-4845.00,Groceries,Discretionary
C18,card,2021-10-25,2021-10-01,POS DMART AVENUE SUPERMARTS,-939.00,Groceries,Discretionary
C180,card,2022-09-01,2022-09-01,CULTFIT MEMBERSHIP,-2320.00,Subscriptions,Fixed
C181,card,2022-09-03,2022-09-01,POS DMART AVENUE SUPERMARTS,-1476.00,Groceries,Discretionary
C182,card,2022-09-03,2022-09-01,PAYMENT RECEIVED - THANK YOU,18289.00,Card bill payment,Transfer
C183,card,2022-09-08,2022-09-01,NETFLIX.COM,-649.00,Subscriptions,Fixed
C184,card,2022-09-08,2022-09-01,POS PARADISE BIRYANI HYDERABAD,-883.00,Dining and delivery,Discretionary
C185,card,2022-09-10,2022-09-01,POS DMART AVENUE SUPERMARTS,-979.00,Groceries,Discretionary
C186,card,2022-09-11,2022-09-01,SPOTIFY INDIA,-119.00,Subscriptions,Fixed
C187,card,2022-09-11,2022-09-01,POS PARADISE BIRYANI HYDERABAD,-1042.00,Dining and delivery,Discretionary
C188,card,2022-09-11,2022-09-01,POS PARADISE BIRYANI HYDERABAD,-460.00,Dining and delivery,Discretionary
C189,card,2022-09-13,2022-09-01,PVR INOX,-1298.00,Entertainment,Discretionary
C19,card,2021-10-25,2021-10-01,PRACTO CONSULTATION,-2119.00,Health,Discretionary
C190,card,2022-09-15,2022-09-01,GOOGLE YOUTUBE PREMIUM,-129.00,Subscriptions,Fixed
C191,card,2022-09-19,2022-09-01,AMAZON PAY INDIA,-3945.00,Shopping,Discretionary
C192,card,2022-09-22,2022-09-01,DECATHLON,-2621.00,Shopping,Discretionary
C193,card,2022-09-26,2022-09-01,PRACTO CONSULTATION,-2157.00,Health,Discretionary
C194,card,2022-09-27,2022-09-01,POS PARADISE BIRYANI HYDERABAD,-1207.00,Dining and delivery,Discretionary
C195,card,2022-10-01,2022-10-01,CULTFIT MEMBERSHIP,-2330.00,Subscriptions,Fixed
C196,card,2022-10-02,2022-10-01,CASHBACK CREDIT,141.00,Cashback,Income
C197,card,2022-10-03,2022-10-01,PAYMENT RECEIVED - THANK YOU,19285.00,Card bill payment,Transfer
C198,card,2022-10-06,2022-10-01,POS DMART AVENUE SUPERMARTS,-2191.00,Groceries,Discretionary
C199,card,2022-10-08,2022-10-01,NETFLIX.COM,-649.00,Subscriptions,Fixed
C2,card,2021-10-02,2021-10-01,POS PARADISE BIRYANI HYDERABAD,-745.00,Dining and delivery,Discretionary
C20,card,2021-11-01,2021-11-01,CULTFIT MEMBERSHIP,-2210.00,Subscriptions,Fixed
C200,card,2022-10-11,2022-10-01,SPOTIFY INDIA,-119.00,Subscriptions,Fixed
C201,card,2022-10-12,2022-10-01,PVR INOX,-1017.00,Entertainment,Discretionary
C202,card,2022-10-13,2022-10-01,AMAZON PAY INDIA,-6069.00,Shopping,Discretionary
C203,card,2022-10-15,2022-10-01,GOOGLE YOUTUBE PREMIUM,-129.00,Subscriptions,Fixed
C204,card,2022-10-17,2022-10-01,POS PARADISE BIRYANI HYDERABAD,-1507.00,Dining and delivery,Discretionary
C205,card,2022-10-22,2022-10-01,AMAZON PAY INDIA,-2932.00,Shopping,Discretionary
C206,card,2022-10-24,2022-10-01,POS PARADISE BIRYANI HYDERABAD,-351.00,Dining and delivery,Discretionary
C207,card,2022-10-24,2022-10-01,AMAZON PAY INDIA,-998.00,Shopping,Discretionary
C208,card,2022-10-26,2022-10-01,BOOKMYSHOW,-1203.00,Entertainment,Discretionary
C209,card,2022-11-01,2022-11-01,CULTFIT MEMBERSHIP,-2340.00,Subscriptions,Fixed
C21,card,2021-11-02,2021-11-01,POS TRUFFLES HYDERABAD,-500.00,Dining and delivery,Discretionary
C210,card,2022-11-02,2022-11-01,POS TRUFFLES HYDERABAD,-1078.00,Dining and delivery,Discretionary
C211,card,2022-11-03,2022-11-01,PAYMENT RECEIVED - THANK YOU,19354.00,Card bill payment,Transfer
C212,card,2022-11-06,2022-11-01,DECATHLON,-11916.00,Shopping,Discretionary
C213,card,2022-11-08,2022-11-01,NETFLIX.COM,-649.00,Subscriptions,Fixed
C214,card,2022-11-08,2022-11-01,POS PARADISE BIRYANI HYDERABAD,-602.00,Dining and delivery,Discretionary
C215,card,2022-11-11,2022-11-01,SPOTIFY INDIA,-119.00,Subscriptions,Fixed
C216,card,2022-11-15,2022-11-01,GOOGLE YOUTUBE PREMIUM,-129.00,Subscriptions,Fixed
C217,card,2022-11-15,2022-11-01,PVR INOX,-846.00,Entertainment,Discretionary
C218,card,2022-11-21,2022-11-01,DECATHLON,-2725.00,Shopping,Discretionary
C219,card,2022-11-23,2022-11-01,PRACTO CONSULTATION,-2135.00,Health,Discretionary
C22,card,2021-11-02,2021-11-01,BOOKMYSHOW,-1025.00,Entertainment,Discretionary
C220,card,2022-11-24,2022-11-01,POS PARADISE BIRYANI HYDERABAD,-2180.00,Dining and delivery,Discretionary
C221,card,2022-12-01,2022-12-01,CULTFIT MEMBERSHIP,-2350.00,Subscriptions,Fixed
C222,card,2022-12-03,2022-12-01,DECATHLON,-266.00,Shopping,Discretionary
C223,card,2022-12-03,2022-12-01,PAYMENT RECEIVED - THANK YOU,24719.00,Card bill payment,Transfer
C224,card,2022-12-04,2022-12-01,IKEA HYDERABAD,-1091.00,Shopping,Discretionary
C225,card,2022-12-06,2022-12-01,MAKEMYTRIP FLIGHTS,-13500.00,Travel,Discretionary
C226,card,2022-12-08,2022-12-01,NETFLIX.COM,-649.00,Subscriptions,Fixed
C227,card,2022-12-10,2022-12-01,AMAZON PAY INDIA,-1372.00,Shopping,Discretionary
C228,card,2022-12-11,2022-12-01,SPOTIFY INDIA,-119.00,Subscriptions,Fixed
C229,card,2022-12-14,2022-12-01,DECATHLON,-1039.00,Shopping,Discretionary
C23,card,2021-11-03,2021-11-01,PAYMENT RECEIVED - THANK YOU,23753.00,Card bill payment,Transfer
C230,card,2022-12-15,2022-12-01,GOOGLE YOUTUBE PREMIUM,-129.00,Subscriptions,Fixed
C231,card,2022-12-16,2022-12-01,PVR INOX,-657.00,Entertainment,Discretionary
C232,card,2022-12-16,2022-12-01,CASHBACK CREDIT,315.00,Cashback,Income
C233,card,2022-12-20,2022-12-01,MAKEMYTRIP HOTELS,-10500.00,Travel,Discretionary
C234,card,2022-12-21,2022-12-01,POS CAFE NILOUFER HYDERABAD,-691.00,Dining and delivery,Discretionary
C235,card,2022-12-22,2022-12-01,POS LOCAL EXPENSES TRAVEL,-6000.00,Travel,Discretionary
C236,card,2022-12-23,2022-12-01,AMAZON PAY INDIA REFUND,962.00,Shopping,Discretionary
C237,card,2022-12-25,2022-12-01,DECATHLON,-1677.00,Shopping,Discretionary
C238,card,2022-12-28,2022-12-01,POS CAFE NILOUFER HYDERABAD,-372.00,Dining and delivery,Discretionary
C239,card,2023-01-01,2023-01-01,CULTFIT MEMBERSHIP,-2370.00,Subscriptions,Fixed
C24,card,2021-11-08,2021-11-01,NETFLIX.COM,-649.00,Subscriptions,Fixed
C240,card,2023-01-03,2023-01-01,PAYMENT RECEIVED - THANK YOU,39135.00,Card bill payment,Transfer
C241,card,2023-01-05,2023-01-01,POS CAFE NILOUFER HYDERABAD,-256.00,Dining and delivery,Discretionary
C242,card,2023-01-06,2023-01-01,POS PARADISE BIRYANI HYDERABAD,-523.00,Dining and delivery,Discretionary
C243,card,2023-01-08,2023-01-01,NETFLIX.COM,-649.00,Subscriptions,Fixed
C244,card,2023-01-09,2023-01-01,POS TRUFFLES HYDERABAD,-265.00,Dining and delivery,Discretionary
C245,card,2023-01-10,2023-01-01,AMAZON PAY INDIA,-506.00,Shopping,Discretionary
C246,card,2023-01-11,2023-01-01,SPOTIFY INDIA,-119.00,Subscriptions,Fixed
C247,card,2023-01-14,2023-01-01,MYNTRA DESIGNS,-853.00,Shopping,Discretionary
C248,card,2023-01-15,2023-01-01,GOOGLE YOUTUBE PREMIUM,-129.00,Subscriptions,Fixed
C249,card,2023-01-17,2023-01-01,POS CAFE NILOUFER HYDERABAD,-801.00,Dining and delivery,Discretionary
C25,card,2021-11-08,2021-11-01,POS DMART AVENUE SUPERMARTS,-745.00,Groceries,Discretionary
C250,card,2023-01-17,2023-01-01,PVR INOX,-902.00,Entertainment,Discretionary
C251,card,2023-01-18,2023-01-01,STAR HEALTH INSURANCE PREMIUM,-15660.00,Insurance,Fixed
C252,card,2023-01-18,2023-01-01,IKEA HYDERABAD,-1191.00,Shopping,Discretionary
C253,card,2023-01-19,2023-01-01,FLIPKART,-321.00,Shopping,Discretionary
C254,card,2023-01-19,2023-01-01,BOOKMYSHOW,-769.00,Entertainment,Discretionary
C255,card,2023-01-26,2023-01-01,PRACTO CONSULTATION,-796.00,Health,Discretionary
C256,card,2023-02-01,2023-02-01,CULTFIT MEMBERSHIP,-2380.00,Subscriptions,Fixed
C257,card,2023-02-03,2023-02-01,PAYMENT RECEIVED - THANK YOU,26110.00,Card bill payment,Transfer
C258,card,2023-02-05,2023-02-01,POS TRUFFLES HYDERABAD,-207.00,Dining and delivery,Discretionary
C259,card,2023-02-06,2023-02-01,IKEA HYDERABAD,-896.00,Shopping,Discretionary
C26,card,2021-11-08,2021-11-01,POS CAFE NILOUFER HYDERABAD,-226.00,Dining and delivery,Discretionary
C260,card,2023-02-08,2023-02-01,NETFLIX.COM,-649.00,Subscriptions,Fixed
C261,card,2023-02-10,2023-02-01,POS DMART AVENUE SUPERMARTS,-200.00,Groceries,Discretionary
C262,card,2023-02-11,2023-02-01,SPOTIFY INDIA,-119.00,Subscriptions,Fixed
C263,card,2023-02-11,2023-02-01,POS PARADISE BIRYANI HYDERABAD,-604.00,Dining and delivery,Discretionary
C264,card,2023-02-11,2023-02-01,MYNTRA DESIGNS,-260.00,Shopping,Discretionary
C265,card,2023-02-13,2023-02-01,BOOKMYSHOW,-853.00,Entertainment,Discretionary
C266,card,2023-02-15,2023-02-01,GOOGLE YOUTUBE PREMIUM,-129.00,Subscriptions,Fixed
C267,card,2023-02-16,2023-02-01,POS PARADISE BIRYANI HYDERABAD,-157.00,Dining and delivery,Discretionary
C268,card,2023-02-16,2023-02-01,MYNTRA DESIGNS,-726.00,Shopping,Discretionary
C269,card,2023-02-17,2023-02-01,IKEA HYDERABAD,-279.00,Shopping,Discretionary
C27,card,2021-11-09,2021-11-01,POS PARADISE BIRYANI HYDERABAD,-623.00,Dining and delivery,Discretionary
C270,card,2023-02-21,2023-02-01,DECATHLON,-557.00,Shopping,Discretionary
C271,card,2023-02-24,2023-02-01,POS CAFE NILOUFER HYDERABAD,-371.00,Dining and delivery,Discretionary
C272,card,2023-02-27,2023-02-01,POS DMART AVENUE SUPERMARTS,-1271.00,Groceries,Discretionary
C273,card,2023-03-01,2023-03-01,CULTFIT MEMBERSHIP,-2390.00,Subscriptions,Fixed
C274,card,2023-03-02,2023-03-01,POS CAFE NILOUFER HYDERABAD,-998.00,Dining and delivery,Discretionary
C275,card,2023-03-03,2023-03-01,POS TRUFFLES HYDERABAD,-588.00,Dining and delivery,Discretionary
C276,card,2023-03-03,2023-03-01,PAYMENT RECEIVED - THANK YOU,9658.00,Card bill payment,Transfer
C277,card,2023-03-05,2023-03-01,AMAZON PAY INDIA,-662.00,Shopping,Discretionary
C278,card,2023-03-06,2023-03-01,FLIPKART,-1050.00,Shopping,Discretionary
C279,card,2023-03-07,2023-03-01,POS PARADISE BIRYANI HYDERABAD,-469.00,Dining and delivery,Discretionary
C28,card,2021-11-09,2021-11-01,BOOKMYSHOW,-678.00,Entertainment,Discretionary
C280,card,2023-03-08,2023-03-01,NETFLIX.COM,-649.00,Subscriptions,Fixed
C281,card,2023-03-09,2023-03-01,IKEA HYDERABAD,-638.00,Shopping,Discretionary
C282,card,2023-03-11,2023-03-01,SPOTIFY INDIA,-119.00,Subscriptions,Fixed
C283,card,2023-03-14,2023-03-01,IOCL FUEL,-1893.00,Transport,Discretionary
C284,card,2023-03-14,2023-03-01,PVR INOX,-1254.00,Entertainment,Discretionary
C285,card,2023-03-15,2023-03-01,GOOGLE YOUTUBE PREMIUM,-129.00,Subscriptions,Fixed
C286,card,2023-03-15,2023-03-01,POS DMART AVENUE SUPERMARTS,-2279.00,Groceries,Discretionary
C287,card,2023-03-15,2023-03-01,POS PARADISE BIRYANI HYDERABAD,-852.00,Dining and delivery,Discretionary
C288,card,2023-03-17,2023-03-01,PVR INOX,-639.00,Entertainment,Discretionary
C289,card,2023-03-18,2023-03-01,POS TRUFFLES HYDERABAD,-1051.00,Dining and delivery,Discretionary
C29,card,2021-11-11,2021-11-01,SPOTIFY INDIA,-119.00,Subscriptions,Fixed
C290,card,2023-03-19,2023-03-01,POS PARADISE BIRYANI HYDERABAD,-700.00,Dining and delivery,Discretionary
C291,card,2023-03-20,2023-03-01,AMAZON PAY INDIA,-714.00,Shopping,Discretionary
C292,card,2023-03-24,2023-03-01,POS DMART AVENUE SUPERMARTS,-628.00,Groceries,Discretionary
C293,card,2023-03-24,2023-03-01,IOCL FUEL,-1868.00,Transport,Discretionary
C294,card,2023-03-28,2023-03-01,POS CAFE NILOUFER HYDERABAD,-506.00,Dining and delivery,Discretionary
C295,card,2023-03-28,2023-03-01,DECATHLON,-557.00,Shopping,Discretionary
C296,card,2023-04-01,2023-04-01,CULTFIT MEMBERSHIP,-2400.00,Subscriptions,Fixed
C297,card,2023-04-03,2023-04-01,PAYMENT RECEIVED - THANK YOU,20633.00,Card bill payment,Transfer
C298,card,2023-04-04,2023-04-01,CASHBACK CREDIT,289.00,Cashback,Income
C299,card,2023-04-05,2023-04-01,POS DMART AVENUE SUPERMARTS,-1751.00,Groceries,Discretionary
C3,card,2021-10-02,2021-10-01,DECATHLON,-1095.00,Shopping,Discretionary
C30,card,2021-11-11,2021-11-01,POS DMART AVENUE SUPERMARTS,-1518.00,Groceries,Discretionary
C300,card,2023-04-05,2023-04-01,POS CAFE NILOUFER HYDERABAD,-1002.00,Dining and delivery,Discretionary
C301,card,2023-04-05,2023-04-01,AMAZON PAY INDIA,-509.00,Shopping,Discretionary
C302,card,2023-04-06,2023-04-01,HPCL FUEL,-1640.00,Transport,Discretionary
C303,card,2023-04-06,2023-04-01,AMAZON PAY INDIA,-2032.00,Shopping,Discretionary
C304,card,2023-04-06,2023-04-01,DECATHLON,-292.00,Shopping,Discretionary
C305,card,2023-04-07,2023-04-01,POS TRUFFLES HYDERABAD,-909.00,Dining and delivery,Discretionary
C306,card,2023-04-07,2023-04-01,HPCL FUEL,-1955.00,Transport,Discretionary
C307,card,2023-04-07,2023-04-01,FLIPKART,-1908.00,Shopping,Discretionary
C308,card,2023-04-08,2023-04-01,NETFLIX.COM,-649.00,Subscriptions,Fixed
C309,card,2023-04-09,2023-04-01,PRACTO CONSULTATION,-1451.00,Health,Discretionary
C31,card,2021-11-13,2021-11-01,FLIPKART,-9388.00,Shopping,Discretionary
C310,card,2023-04-11,2023-04-01,SPOTIFY INDIA,-119.00,Subscriptions,Fixed
C311,card,2023-04-13,2023-04-01,POS PARADISE BIRYANI HYDERABAD,-422.00,Dining and delivery,Discretionary
C312,card,2023-04-15,2023-04-01,GOOGLE YOUTUBE PREMIUM,-129.00,Subscriptions,Fixed
C313,card,2023-04-18,2023-04-01,POS PARADISE BIRYANI HYDERABAD,-400.00,Dining and delivery,Discretionary
C314,card,2023-04-18,2023-04-01,POS PARADISE BIRYANI HYDERABAD,-204.00,Dining and delivery,Discretionary
C315,card,2023-04-19,2023-04-01,DECATHLON,-870.00,Shopping,Discretionary
C316,card,2023-04-21,2023-04-01,PVR INOX,-696.00,Entertainment,Discretionary
C317,card,2023-04-23,2023-04-01,POS DMART AVENUE SUPERMARTS,-2275.00,Groceries,Discretionary
C318,card,2023-05-01,2023-05-01,CULTFIT MEMBERSHIP,-2410.00,Subscriptions,Fixed
C319,card,2023-05-01,2023-05-01,MYNTRA DESIGNS,-2098.00,Shopping,Discretionary
C32,card,2021-11-15,2021-11-01,GOOGLE YOUTUBE PREMIUM,-129.00,Subscriptions,Fixed
C320,card,2023-05-02,2023-05-01,IKEA HYDERABAD,-1139.00,Shopping,Discretionary
C321,card,2023-05-03,2023-05-01,PAYMENT RECEIVED - THANK YOU,21324.00,Card bill payment,Transfer
C322,card,2023-05-04,2023-05-01,AMAZON PAY INDIA,-1843.00,Shopping,Discretionary
C323,card,2023-05-05,2023-05-01,POS DMART AVENUE SUPERMARTS,-1004.00,Groceries,Discretionary
C324,card,2023-05-07,2023-05-01,POS CAFE NILOUFER HYDERABAD,-1740.00,Dining and delivery,Discretionary
C325,card,2023-05-08,2023-05-01,NETFLIX.COM,-649.00,Subscriptions,Fixed
C326,card,2023-05-08,2023-05-01,IKEA HYDERABAD,-1047.00,Shopping,Discretionary
C327,card,2023-05-11,2023-05-01,SPOTIFY INDIA,-119.00,Subscriptions,Fixed
C328,card,2023-05-14,2023-05-01,POS PARADISE BIRYANI HYDERABAD,-407.00,Dining and delivery,Discretionary
C329,card,2023-05-14,2023-05-01,IOCL FUEL,-2354.00,Transport,Discretionary
C33,card,2021-11-21,2021-11-01,FLIPKART,-1268.00,Shopping,Discretionary
C330,card,2023-05-15,2023-05-01,GOOGLE YOUTUBE PREMIUM,-129.00,Subscriptions,Fixed
C331,card,2023-05-22,2023-05-01,BOOKMYSHOW,-1494.00,Entertainment,Discretionary
C332,card,2023-05-25,2023-05-01,POS PARADISE BIRYANI HYDERABAD,-245.00,Dining and delivery,Discretionary
C333,card,2023-05-26,2023-05-01,IOCL FUEL,-1980.00,Transport,Discretionary
C334,card,2023-06-01,2023-06-01,CULTFIT MEMBERSHIP,-2420.00,Subscriptions,Fixed
C335,card,2023-06-01,2023-06-01,CASHBACK CREDIT,318.00,Cashback,Income
C336,card,2023-06-03,2023-06-01,POS DMART AVENUE SUPERMARTS,-3139.00,Groceries,Discretionary
C337,card,2023-06-03,2023-06-01,PAYMENT RECEIVED - THANK YOU,18658.00,Card bill payment,Transfer
C338,card,2023-06-04,2023-06-01,POS TRUFFLES HYDERABAD,-800.00,Dining and delivery,Discretionary
C339,card,2023-06-05,2023-06-01,POS PARADISE BIRYANI HYDERABAD,-240.00,Dining and delivery,Discretionary
C34,card,2021-12-01,2021-12-01,CULTFIT MEMBERSHIP,-2220.00,Subscriptions,Fixed
C340,card,2023-06-06,2023-06-01,BOOKMYSHOW,-582.00,Entertainment,Discretionary
C341,card,2023-06-08,2023-06-01,NETFLIX.COM,-649.00,Subscriptions,Fixed
C342,card,2023-06-08,2023-06-01,IOCL FUEL,-2330.00,Transport,Discretionary
C343,card,2023-06-11,2023-06-01,SPOTIFY INDIA,-119.00,Subscriptions,Fixed
C344,card,2023-06-11,2023-06-01,IOCL FUEL,-2512.00,Transport,Discretionary
C345,card,2023-06-11,2023-06-01,DECATHLON,-2247.00,Shopping,Discretionary
C346,card,2023-06-13,2023-06-01,POS VARUN MOTORS SERVICE,-8718.00,Transport,Discretionary
C347,card,2023-06-13,2023-06-01,AMAZON PAY INDIA,-1038.00,Shopping,Discretionary
C348,card,2023-06-15,2023-06-01,GOOGLE YOUTUBE PREMIUM,-129.00,Subscriptions,Fixed
C349,card,2023-06-17,2023-06-01,POS PARADISE BIRYANI HYDERABAD,-802.00,Dining and delivery,Discretionary
C35,card,2021-12-01,2021-12-01,BOOKMYSHOW,-1010.00,Entertainment,Discretionary
C350,card,2023-06-24,2023-06-01,PVR INOX,-1392.00,Entertainment,Discretionary
C351,card,2023-06-25,2023-06-01,AMAZON PAY INDIA,-716.00,Shopping,Discretionary
C352,card,2023-06-26,2023-06-01,POS TRUFFLES HYDERABAD,-510.00,Dining and delivery,Discretionary
C353,card,2023-06-27,2023-06-01,POS CAFE NILOUFER HYDERABAD,-583.00,Dining and delivery,Discretionary
C354,card,2023-07-01,2023-07-01,CULTFIT MEMBERSHIP,-2440.00,Subscriptions,Fixed
C355,card,2023-07-01,2023-07-01,POS CAFE NILOUFER HYDERABAD,-487.00,Dining and delivery,Discretionary
C356,card,2023-07-01,2023-07-01,HPCL FUEL,-2356.00,Transport,Discretionary
C357,card,2023-07-02,2023-07-01,IOCL FUEL,-2374.00,Transport,Discretionary
C358,card,2023-07-03,2023-07-01,PAYMENT RECEIVED - THANK YOU,28608.00,Card bill payment,Transfer
C359,card,2023-07-05,2023-07-01,PVR INOX,-525.00,Entertainment,Discretionary
C36,card,2021-12-03,2021-12-01,DECATHLON,-2356.00,Shopping,Discretionary
C360,card,2023-07-07,2023-07-01,POS TRUFFLES HYDERABAD,-464.00,Dining and delivery,Discretionary
C361,card,2023-07-08,2023-07-01,NETFLIX.COM,-649.00,Subscriptions,Fixed
C362,card,2023-07-11,2023-07-01,SPOTIFY INDIA,-119.00,Subscriptions,Fixed
C363,card,2023-07-15,2023-07-01,GOOGLE YOUTUBE PREMIUM,-129.00,Subscriptions,Fixed
C364,card,2023-07-15,2023-07-01,AMAZON PAY INDIA,-1434.00,Shopping,Discretionary
C365,card,2023-07-15,2023-07-01,MYNTRA DESIGNS,-1666.00,Shopping,Discretionary
C366,card,2023-07-19,2023-07-01,POS PARADISE BIRYANI HYDERABAD,-1019.00,Dining and delivery,Discretionary
C367,card,2023-07-21,2023-07-01,MYNTRA DESIGNS,-524.00,Shopping,Discretionary
C368,card,2023-07-25,2023-07-01,PVR INOX,-1298.00,Entertainment,Discretionary
C369,card,2023-08-01,2023-08-01,CULTFIT MEMBERSHIP,-2450.00,Subscriptions,Fixed
C37,card,2021-12-03,2021-12-01,MAKEMYTRIP FLIGHTS,-17100.00,Travel,Discretionary
C370,card,2023-08-03,2023-08-01,PAYMENT RECEIVED - THANK YOU,15484.00,Card bill payment,Transfer
C371,card,2023-08-05,2023-08-01,POS DMART AVENUE SUPERMARTS,-549.00,Groceries,Discretionary
C372,card,2023-08-08,2023-08-01,NETFLIX.COM,-649.00,Subscriptions,Fixed
C373,card,2023-08-08,2023-08-01,POS CAFE NILOUFER HYDERABAD,-604.00,Dining and delivery,Discretionary
C374,card,2023-08-09,2023-08-01,POS DMART AVENUE SUPERMARTS,-965.00,Groceries,Discretionary
C375,card,2023-08-10,2023-08-01,POS CAFE NILOUFER HYDERABAD,-167.00,Dining and delivery,Discretionary
C376,card,2023-08-11,2023-08-01,SPOTIFY INDIA,-119.00,Subscriptions,Fixed
C377,card,2023-08-11,2023-08-01,BOOKMYSHOW,-684.00,Entertainment,Discretionary
C378,card,2023-08-12,2023-08-01,POS DMART AVENUE SUPERMARTS,-1065.00,Groceries,Discretionary
C379,card,2023-08-15,2023-08-01,GOOGLE YOUTUBE PREMIUM,-129.00,Subscriptions,Fixed
C38,card,2021-12-03,2021-12-01,PAYMENT RECEIVED - THANK YOU,19078.00,Card bill payment,Transfer
C380,card,2023-08-16,2023-08-01,IOCL FUEL,-1829.00,Transport,Discretionary
C381,card,2023-08-17,2023-08-01,FLIPKART,-639.00,Shopping,Discretionary
C382,card,2023-08-19,2023-08-01,HPCL FUEL,-2370.00,Transport,Discretionary
C383,card,2023-08-23,2023-08-01,POS DMART AVENUE SUPERMARTS,-1576.00,Groceries,Discretionary
C384,card,2023-08-24,2023-08-01,POS DMART AVENUE SUPERMARTS,-631.00,Groceries,Discretionary
C385,card,2023-08-26,2023-08-01,IKEA HYDERABAD,-1689.00,Shopping,Discretionary
C386,card,2023-08-26,2023-08-01,IKEA HYDERABAD,-1390.00,Shopping,Discretionary
C387,card,2023-09-01,2023-09-01,CULTFIT MEMBERSHIP,-2460.00,Subscriptions,Fixed
C388,card,2023-09-03,2023-09-01,PAYMENT RECEIVED - THANK YOU,17505.00,Card bill payment,Transfer
C389,card,2023-09-04,2023-09-01,HPCL FUEL,-1752.00,Transport,Discretionary
C39,card,2021-12-08,2021-12-01,NETFLIX.COM,-649.00,Subscriptions,Fixed
C390,card,2023-09-07,2023-09-01,POS PARADISE BIRYANI HYDERABAD,-518.00,Dining and delivery,Discretionary
C391,card,2023-09-07,2023-09-01,MYNTRA DESIGNS,-835.00,Shopping,Discretionary
C392,card,2023-09-08,2023-09-01,NETFLIX.COM,-649.00,Subscriptions,Fixed
C393,card,2023-09-09,2023-09-01,HPCL FUEL,-2200.00,Transport,Discretionary
C394,card,2023-09-09,2023-09-01,AMAZON PAY INDIA REFUND,2200.00,Shopping,Discretionary
C395,card,2023-09-09,2023-09-01,CASHBACK CREDIT,227.00,Cashback,Income
C396,card,2023-09-10,2023-09-01,POS TRUFFLES HYDERABAD,-595.00,Dining and delivery,Discretionary
C397,card,2023-09-11,2023-09-01,SPOTIFY INDIA,-119.00,Subscriptions,Fixed
C398,card,2023-09-15,2023-09-01,GOOGLE YOUTUBE PREMIUM,-129.00,Subscriptions,Fixed
C399,card,2023-09-15,2023-09-01,POS DMART AVENUE SUPERMARTS,-1282.00,Groceries,Discretionary
C4,card,2021-10-06,2021-10-01,BOOKMYSHOW,-1161.00,Entertainment,Discretionary
C40,card,2021-12-11,2021-12-01,SPOTIFY INDIA,-119.00,Subscriptions,Fixed
C400,card,2023-09-18,2023-09-01,AMAZON PAY INDIA,-1034.00,Shopping,Discretionary
C401,card,2023-09-18,2023-09-01,MYNTRA DESIGNS,-1298.00,Shopping,Discretionary
C402,card,2023-09-20,2023-09-01,POS CAFE NILOUFER HYDERABAD,-811.00,Dining and delivery,Discretionary
C403,card,2023-09-22,2023-09-01,BOOKMYSHOW,-1562.00,Entertainment,Discretionary
C404,card,2023-09-25,2023-09-01,DECATHLON,-1009.00,Shopping,Discretionary
C405,card,2023-09-25,2023-09-01,AMAZON PAY INDIA,-2757.00,Shopping,Discretionary
C406,card,2023-09-28,2023-09-01,POS PARADISE BIRYANI HYDERABAD,-320.00,Dining and delivery,Discretionary
C407,card,2023-10-01,2023-10-01,CULTFIT MEMBERSHIP,-2470.00,Subscriptions,Fixed
C408,card,2023-10-03,2023-10-01,IKEA HYDERABAD,-2870.00,Shopping,Discretionary
C409,card,2023-10-03,2023-10-01,PAYMENT RECEIVED - THANK YOU,16903.00,Card bill payment,Transfer
C41,card,2021-12-11,2021-12-01,IKEA HYDERABAD,-1294.00,Shopping,Discretionary
C410,card,2023-10-04,2023-10-01,IOCL FUEL,-2292.00,Transport,Discretionary
C411,card,2023-10-04,2023-10-01,MAKEMYTRIP FLIGHTS,-27900.00,Travel,Discretionary
C412,card,2023-10-06,2023-10-01,IKEA HYDERABAD,-3606.00,Shopping,Discretionary
C413,card,2023-10-08,2023-10-01,NETFLIX.COM,-649.00,Subscriptions,Fixed
C414,card,2023-10-09,2023-10-01,POS TRUFFLES HYDERABAD,-475.00,Dining and delivery,Discretionary
C415,card,2023-10-09,2023-10-01,IOCL FUEL,-2289.00,Transport,Discretionary
C416,card,2023-10-10,2023-10-01,POS DMART AVENUE SUPERMARTS,-414.00,Groceries,Discretionary
C417,card,2023-10-10,2023-10-01,BOOKMYSHOW,-638.00,Entertainment,Discretionary
C418,card,2023-10-11,2023-10-01,SPOTIFY INDIA,-119.00,Subscriptions,Fixed
C419,card,2023-10-13,2023-10-01,FLIPKART,-3386.00,Shopping,Discretionary
C42,card,2021-12-12,2021-12-01,CASHBACK CREDIT,174.00,Cashback,Income
C420,card,2023-10-13,2023-10-01,PRACTO CONSULTATION,-832.00,Health,Discretionary
C421,card,2023-10-14,2023-10-01,MAKEMYTRIP HOTELS,-21700.00,Travel,Discretionary
C422,card,2023-10-15,2023-10-01,GOOGLE YOUTUBE PREMIUM,-129.00,Subscriptions,Fixed
C423,card,2023-10-16,2023-10-01,FLIPKART,-1311.00,Shopping,Discretionary
C424,card,2023-10-18,2023-10-01,POS DMART AVENUE SUPERMARTS,-964.00,Groceries,Discretionary
C425,card,2023-10-18,2023-10-01,POS LOCAL EXPENSES TRAVEL,-12400.00,Travel,Discretionary
C426,card,2023-10-20,2023-10-01,CASHBACK CREDIT,290.00,Cashback,Income
C427,card,2023-10-22,2023-10-01,AMAZON PAY INDIA,-2128.00,Shopping,Discretionary
C428,card,2023-10-27,2023-10-01,POS DMART AVENUE SUPERMARTS,-1366.00,Groceries,Discretionary
C429,card,2023-11-01,2023-11-01,CULTFIT MEMBERSHIP,-2480.00,Subscriptions,Fixed
C43,card,2021-12-13,2021-12-01,POS PARADISE BIRYANI HYDERABAD,-1857.00,Dining and delivery,Discretionary
C430,card,2023-11-01,2023-11-01,POS TRUFFLES HYDERABAD,-815.00,Dining and delivery,Discretionary
C431,card,2023-11-01,2023-11-01,IKEA HYDERABAD,-2953.00,Shopping,Discretionary
C432,card,2023-11-02,2023-11-01,BOOKMYSHOW,-753.00,Entertainment,Discretionary
C433,card,2023-11-02,2023-11-01,PVR INOX,-1382.00,Entertainment,Discretionary
C434,card,2023-11-03,2023-11-01,POS DMART AVENUE SUPERMARTS,-911.00,Groceries,Discretionary
C435,card,2023-11-03,2023-11-01,PAYMENT RECEIVED - THANK YOU,87648.00,Card bill payment,Transfer
C436,card,2023-11-08,2023-11-01,NETFLIX.COM,-649.00,Subscriptions,Fixed
C437,card,2023-11-08,2023-11-01,POS CAFE NILOUFER HYDERABAD,-155.00,Dining and delivery,Discretionary
C438,card,2023-11-08,2023-11-01,DECATHLON,-2188.00,Shopping,Discretionary
C439,card,2023-11-08,2023-11-01,PRACTO CONSULTATION,-1378.00,Health,Discretionary
C44,card,2021-12-15,2021-12-01,GOOGLE YOUTUBE PREMIUM,-129.00,Subscriptions,Fixed
C440,card,2023-11-11,2023-11-01,SPOTIFY INDIA,-119.00,Subscriptions,Fixed
C441,card,2023-11-15,2023-11-01,GOOGLE YOUTUBE PREMIUM,-129.00,Subscriptions,Fixed
C442,card,2023-11-16,2023-11-01,IOCL FUEL,-2193.00,Transport,Discretionary
C443,card,2023-11-18,2023-11-01,IOCL FUEL,-2191.00,Transport,Discretionary
C444,card,2023-11-18,2023-11-01,DECATHLON,-591.00,Shopping,Discretionary
C445,card,2023-11-19,2023-11-01,MYNTRA DESIGNS,-2275.00,Shopping,Discretionary
C446,card,2023-12-01,2023-12-01,CULTFIT MEMBERSHIP,-2500.00,Subscriptions,Fixed
C447,card,2023-12-03,2023-12-01,PAYMENT RECEIVED - THANK YOU,21162.00,Card bill payment,Transfer
C448,card,2023-12-08,2023-12-01,NETFLIX.COM,-649.00,Subscriptions,Fixed
C449,card,2023-12-08,2023-12-01,DECATHLON,-674.00,Shopping,Discretionary
C45,card,2021-12-16,2021-12-01,POS TRUFFLES HYDERABAD,-537.00,Dining and delivery,Discretionary
C450,card,2023-12-10,2023-12-01,IOCL FUEL,-2349.00,Transport,Discretionary
C451,card,2023-12-11,2023-12-01,SPOTIFY INDIA,-119.00,Subscriptions,Fixed
C452,card,2023-12-13,2023-12-01,POS PARADISE BIRYANI HYDERABAD,-980.00,Dining and delivery,Discretionary
C453,card,2023-12-14,2023-12-01,HPCL FUEL,-1977.00,Transport,Discretionary
C454,card,2023-12-15,2023-12-01,GOOGLE YOUTUBE PREMIUM,-129.00,Subscriptions,Fixed
C455,card,2023-12-17,2023-12-01,POS TRUFFLES HYDERABAD,-1452.00,Dining and delivery,Discretionary
C456,card,2023-12-18,2023-12-01,IKEA HYDERABAD,-2567.00,Shopping,Discretionary
C457,card,2023-12-21,2023-12-01,AMAZON PAY INDIA REFUND,1862.00,Shopping,Discretionary
C458,card,2023-12-22,2023-12-01,POS PARADISE BIRYANI HYDERABAD,-691.00,Dining and delivery,Discretionary
C459,card,2023-12-23,2023-12-01,POS VARUN MOTORS SERVICE,-5369.00,Transport,Discretionary
C46,card,2021-12-16,2021-12-01,MAKEMYTRIP HOTELS,-13300.00,Travel,Discretionary
C460,card,2023-12-26,2023-12-01,POS TRUFFLES HYDERABAD,-1150.00,Dining and delivery,Discretionary
C461,card,2023-12-26,2023-12-01,PVR INOX,-1360.00,Entertainment,Discretionary
C462,card,2023-12-28,2023-12-01,PVR INOX,-1498.00,Entertainment,Discretionary
C463,card,2024-01-01,2024-01-01,CULTFIT MEMBERSHIP,-2510.00,Subscriptions,Fixed
C464,card,2024-01-02,2024-01-01,POS TRUFFLES HYDERABAD,-705.00,Dining and delivery,Discretionary
C465,card,2024-01-03,2024-01-01,FLIPKART,-1875.00,Shopping,Discretionary
C466,card,2024-01-03,2024-01-01,PAYMENT RECEIVED - THANK YOU,21602.00,Card bill payment,Transfer
C467,card,2024-01-06,2024-01-01,MYNTRA DESIGNS,-412.00,Shopping,Discretionary
C468,card,2024-01-07,2024-01-01,POS CAFE NILOUFER HYDERABAD,-289.00,Dining and delivery,Discretionary
C469,card,2024-01-08,2024-01-01,NETFLIX.COM,-649.00,Subscriptions,Fixed
C47,card,2021-12-19,2021-12-01,POS DMART AVENUE SUPERMARTS,-2600.00,Groceries,Discretionary
C470,card,2024-01-11,2024-01-01,SPOTIFY INDIA,-119.00,Subscriptions,Fixed
C471,card,2024-01-11,2024-01-01,POS PARADISE BIRYANI HYDERABAD,-1334.00,Dining and delivery,Discretionary
C472,card,2024-01-11,2024-01-01,CASHBACK CREDIT,263.00,Cashback,Income
C473,card,2024-01-15,2024-01-01,GOOGLE YOUTUBE PREMIUM,-129.00,Subscriptions,Fixed
C474,card,2024-01-15,2024-01-01,AMAZON PAY INDIA,-586.00,Shopping,Discretionary
C475,card,2024-01-15,2024-01-01,DECATHLON,-494.00,Shopping,Discretionary
C476,card,2024-01-17,2024-01-01,PVR INOX,-745.00,Entertainment,Discretionary
C477,card,2024-01-18,2024-01-01,STAR HEALTH INSURANCE PREMIUM,-16913.00,Insurance,Fixed
C478,card,2024-01-19,2024-01-01,BOOKMYSHOW,-556.00,Entertainment,Discretionary
C479,card,2024-01-25,2024-01-01,POS CAFE NILOUFER HYDERABAD,-346.00,Dining and delivery,Discretionary
C48,card,2021-12-19,2021-12-01,POS LOCAL EXPENSES TRAVEL,-7600.00,Travel,Discretionary
C480,card,2024-01-25,2024-01-01,IKEA HYDERABAD,-853.00,Shopping,Discretionary
C481,card,2024-01-27,2024-01-01,HPCL FUEL,-1916.00,Transport,Discretionary
C482,card,2024-01-27,2024-01-01,HPCL FUEL,-2084.00,Transport,Discretionary
C483,card,2024-02-01,2024-02-01,CULTFIT MEMBERSHIP,-2520.00,Subscriptions,Fixed
C484,card,2024-02-01,2024-02-01,IOCL FUEL,-2696.00,Transport,Discretionary
C485,card,2024-02-03,2024-02-01,IKEA HYDERABAD,-2317.00,Shopping,Discretionary
C486,card,2024-02-03,2024-02-01,PAYMENT RECEIVED - THANK YOU,32252.00,Card bill payment,Transfer
C487,card,2024-02-08,2024-02-01,NETFLIX.COM,-649.00,Subscriptions,Fixed
C488,card,2024-02-08,2024-02-01,BOOKMYSHOW,-1201.00,Entertainment,Discretionary
C489,card,2024-02-11,2024-02-01,SPOTIFY INDIA,-119.00,Subscriptions,Fixed
C49,card,2021-12-20,2021-12-01,BOOKMYSHOW,-828.00,Entertainment,Discretionary
C490,card,2024-02-12,2024-02-01,POS PARADISE BIRYANI HYDERABAD,-1161.00,Dining and delivery,Discretionary
C491,card,2024-02-13,2024-02-01,HPCL FUEL,-1999.00,Transport,Discretionary
C492,card,2024-02-13,2024-02-01,DECATHLON,-951.00,Shopping,Discretionary
C493,card,2024-02-14,2024-02-01,COURSERA,-7800.00,Education,Discretionary
C494,card,2024-02-15,2024-02-01,GOOGLE YOUTUBE PREMIUM,-129.00,Subscriptions,Fixed
C495,card,2024-02-17,2024-02-01,IKEA HYDERABAD,-3431.00,Shopping,Discretionary
C496,card,2024-02-17,2024-02-01,PRACTO CONSULTATION,-913.00,Health,Discretionary
C497,card,2024-02-23,2024-02-01,POS DMART AVENUE SUPERMARTS,-744.00,Groceries,Discretionary
C498,card,2024-02-26,2024-02-01,AMAZON PAY INDIA,-2581.00,Shopping,Discretionary
C499,card,2024-03-01,2024-03-01,CULTFIT MEMBERSHIP,-2530.00,Subscriptions,Fixed
C5,card,2021-10-08,2021-10-01,NETFLIX.COM,-649.00,Subscriptions,Fixed
C50,card,2021-12-23,2021-12-01,MYNTRA DESIGNS,-1339.00,Shopping,Discretionary
C500,card,2024-03-02,2024-03-01,HPCL FUEL,-1744.00,Transport,Discretionary
C501,card,2024-03-03,2024-03-01,PAYMENT RECEIVED - THANK YOU,29211.00,Card bill payment,Transfer
C502,card,2024-03-07,2024-03-01,BOOKMYSHOW,-1475.00,Entertainment,Discretionary
C503,card,2024-03-08,2024-03-01,NETFLIX.COM,-649.00,Subscriptions,Fixed
C504,card,2024-03-08,2024-03-01,POS DMART AVENUE SUPERMARTS,-139.00,Groceries,Discretionary
C505,card,2024-03-08,2024-03-01,POS CAFE NILOUFER HYDERABAD,-430.00,Dining and delivery,Discretionary
C506,card,2024-03-11,2024-03-01,SPOTIFY INDIA,-119.00,Subscriptions,Fixed
C507,card,2024-03-14,2024-03-01,CASHBACK CREDIT,371.00,Cashback,Income
C508,card,2024-03-15,2024-03-01,GOOGLE YOUTUBE PREMIUM,-129.00,Subscriptions,Fixed
C509,card,2024-03-15,2024-03-01,FLIPKART,-1736.00,Shopping,Discretionary
C51,card,2022-01-01,2022-01-01,CULTFIT MEMBERSHIP,-2230.00,Subscriptions,Fixed
C510,card,2024-03-17,2024-03-01,IOCL FUEL,-1765.00,Transport,Discretionary
C511,card,2024-03-20,2024-03-01,DECATHLON,-1048.00,Shopping,Discretionary
C512,card,2024-03-22,2024-03-01,POS DMART AVENUE SUPERMARTS,-1216.00,Groceries,Discretionary
C513,card,2024-03-27,2024-03-01,DECATHLON,-511.00,Shopping,Discretionary
C514,card,2024-04-01,2024-04-01,CULTFIT MEMBERSHIP,-2540.00,Subscriptions,Fixed
C515,card,2024-04-02,2024-04-01,POS TRUFFLES HYDERABAD,-186.00,Dining and delivery,Discretionary
C516,card,2024-04-03,2024-04-01,BOOKMYSHOW,-1448.00,Entertainment,Discretionary
C517,card,2024-04-03,2024-04-01,PAYMENT RECEIVED - THANK YOU,13120.00,Card bill payment,Transfer
C518,card,2024-04-05,2024-04-01,POS PARADISE BIRYANI HYDERABAD,-242.00,Dining and delivery,Discretionary
C519,card,2024-04-07,2024-04-01,MAKEMYTRIP FLIGHTS,-21600.00,Travel,Discretionary
C52,card,2022-01-03,2022-01-01,PAYMENT RECEIVED - THANK YOU,52764.00,Card bill payment,Transfer
C520,card,2024-04-08,2024-04-01,NETFLIX.COM,-649.00,Subscriptions,Fixed
C521,card,2024-04-10,2024-04-01,CASHBACK CREDIT,232.00,Cashback,Income
C522,card,2024-04-11,2024-04-01,SPOTIFY INDIA,-119.00,Subscriptions,Fixed
C523,card,2024-04-11,2024-04-01,POS CAFE NILOUFER HYDERABAD,-499.00,Dining and delivery,Discretionary
C524,card,2024-04-13,2024-04-01,POS PARADISE BIRYANI HYDERABAD,-413.00,Dining and delivery,Discretionary
C525,card,2024-04-13,2024-04-01,AMAZON PAY INDIA,-2064.00,Shopping,Discretionary
C526,card,2024-04-14,2024-04-01,PRACTO CONSULTATION,-1816.00,Health,Discretionary
C527,card,2024-04-14,2024-04-01,MAKEMYTRIP HOTELS,-16800.00,Travel,Discretionary
C528,card,2024-04-15,2024-04-01,GOOGLE YOUTUBE PREMIUM,-129.00,Subscriptions,Fixed
C529,card,2024-04-15,2024-04-01,MYNTRA DESIGNS,-1467.00,Shopping,Discretionary
C53,card,2022-01-03,2022-01-01,CASHBACK CREDIT,364.00,Cashback,Income
C530,card,2024-04-16,2024-04-01,POS CAFE NILOUFER HYDERABAD,-1201.00,Dining and delivery,Discretionary
C531,card,2024-04-16,2024-04-01,HPCL FUEL,-2439.00,Transport,Discretionary
C532,card,2024-04-17,2024-04-01,DECATHLON,-2372.00,Shopping,Discretionary
C533,card,2024-04-19,2024-04-01,POS CAFE NILOUFER HYDERABAD,-659.00,Dining and delivery,Discretionary
C534,card,2024-04-22,2024-04-01,POS DMART AVENUE SUPERMARTS,-2058.00,Groceries,Discretionary
C535,card,2024-04-22,2024-04-01,DECATHLON,-3327.00,Shopping,Discretionary
C536,card,2024-04-24,2024-04-01,POS DMART AVENUE SUPERMARTS,-3309.00,Groceries,Discretionary
C537,card,2024-04-24,2024-04-01,POS CAFE NILOUFER HYDERABAD,-270.00,Dining and delivery,Discretionary
C538,card,2024-04-24,2024-04-01,HPCL FUEL,-1921.00,Transport,Discretionary
C539,card,2024-04-25,2024-04-01,POS LOCAL EXPENSES TRAVEL,-9600.00,Travel,Discretionary
C54,card,2022-01-08,2022-01-01,NETFLIX.COM,-649.00,Subscriptions,Fixed
C540,card,2024-04-26,2024-04-01,POS CAFE NILOUFER HYDERABAD,-324.00,Dining and delivery,Discretionary
C541,card,2024-05-01,2024-05-01,CULTFIT MEMBERSHIP,-2560.00,Subscriptions,Fixed
C542,card,2024-05-01,2024-05-01,IOCL FUEL,-2576.00,Transport,Discretionary
C543,card,2024-05-03,2024-05-01,POS PARADISE BIRYANI HYDERABAD,-274.00,Dining and delivery,Discretionary
C544,card,2024-05-03,2024-05-01,PAYMENT RECEIVED - THANK YOU,77220.00,Card bill payment,Transfer
C545,card,2024-05-06,2024-05-01,IKEA HYDERABAD,-1230.00,Shopping,Discretionary
C546,card,2024-05-08,2024-05-01,NETFLIX.COM,-649.00,Subscriptions,Fixed
C547,card,2024-05-10,2024-05-01,POS DMART AVENUE SUPERMARTS,-1424.00,Groceries,Discretionary
C548,card,2024-05-11,2024-05-01,SPOTIFY INDIA,-119.00,Subscriptions,Fixed
C549,card,2024-05-12,2024-05-01,POS CAFE NILOUFER HYDERABAD,-244.00,Dining and delivery,Discretionary
C55,card,2022-01-08,2022-01-01,IKEA HYDERABAD,-3089.00,Shopping,Discretionary
C550,card,2024-05-15,2024-05-01,GOOGLE YOUTUBE PREMIUM,-129.00,Subscriptions,Fixed
C551,card,2024-05-16,2024-05-01,POS CAFE NILOUFER HYDERABAD,-218.00,Dining and delivery,Discretionary
C552,card,2024-05-18,2024-05-01,IKEA HYDERABAD,-2018.00,Shopping,Discretionary
C553,card,2024-05-20,2024-05-01,POS DMART AVENUE SUPERMARTS,-732.00,Groceries,Discretionary
C554,card,2024-05-20,2024-05-01,BOOKMYSHOW,-631.00,Entertainment,Discretionary
C555,card,2024-05-27,2024-05-01,HPCL FUEL,-2345.00,Transport,Discretionary
C556,card,2024-06-01,2024-06-01,CULTFIT MEMBERSHIP,-2570.00,Subscriptions,Fixed
C557,card,2024-06-02,2024-06-01,POS PARADISE BIRYANI HYDERABAD,-689.00,Dining and delivery,Discretionary
C558,card,2024-06-02,2024-06-01,IKEA HYDERABAD,-810.00,Shopping,Discretionary
C559,card,2024-06-03,2024-06-01,PAYMENT RECEIVED - THANK YOU,15149.00,Card bill payment,Transfer
C56,card,2022-01-11,2022-01-01,SPOTIFY INDIA,-119.00,Subscriptions,Fixed
C560,card,2024-06-04,2024-06-01,AMAZON PAY INDIA,-1044.00,Shopping,Discretionary
C561,card,2024-06-05,2024-06-01,POS PARADISE BIRYANI HYDERABAD,-317.00,Dining and delivery,Discretionary
C562,card,2024-06-08,2024-06-01,NETFLIX.COM,-649.00,Subscriptions,Fixed
C563,card,2024-06-09,2024-06-01,POS VARUN MOTORS SERVICE,-5805.00,Transport,Discretionary
C564,card,2024-06-10,2024-06-01,POS TRUFFLES HYDERABAD,-621.00,Dining and delivery,Discretionary
C565,card,2024-06-11,2024-06-01,SPOTIFY INDIA,-119.00,Subscriptions,Fixed
C566,card,2024-06-14,2024-06-01,POS TRUFFLES HYDERABAD,-1606.00,Dining and delivery,Discretionary
C567,card,2024-06-15,2024-06-01,GOOGLE YOUTUBE PREMIUM,-129.00,Subscriptions,Fixed
C568,card,2024-06-18,2024-06-01,HPCL FUEL,-2166.00,Transport,Discretionary
C569,card,2024-06-18,2024-06-01,PVR INOX,-1448.00,Entertainment,Discretionary
C57,card,2022-01-11,2022-01-01,POS PARADISE BIRYANI HYDERABAD,-678.00,Dining and delivery,Discretionary
C570,card,2024-06-20,2024-06-01,HPCL FUEL,-2414.00,Transport,Discretionary
C571,card,2024-06-21,2024-06-01,DECATHLON,-778.00,Shopping,Discretionary
C572,card,2024-06-25,2024-06-01,POS TRUFFLES HYDERABAD,-618.00,Dining and delivery,Discretionary
C573,card,2024-06-25,2024-06-01,AMAZON PAY INDIA,-1007.00,Shopping,Discretionary
C574,card,2024-07-01,2024-07-01,CULTFIT MEMBERSHIP,-2580.00,Subscriptions,Fixed
C575,card,2024-07-03,2024-07-01,PAYMENT RECEIVED - THANK YOU,22790.00,Card bill payment,Transfer
C576,card,2024-07-06,2024-07-01,POS PARADISE BIRYANI HYDERABAD,-779.00,Dining and delivery,Discretionary
C577,card,2024-07-08,2024-07-01,NETFLIX.COM,-649.00,Subscriptions,Fixed
C578,card,2024-07-08,2024-07-01,AMAZON PAY INDIA,-534.00,Shopping,Discretionary
C579,card,2024-07-08,2024-07-01,FLIPKART,-1065.00,Shopping,Discretionary
C58,card,2022-01-12,2022-01-01,FLIPKART,-1178.00,Shopping,Discretionary
C580,card,2024-07-10,2024-07-01,DECATHLON,-728.00,Shopping,Discretionary
C581,card,2024-07-11,2024-07-01,SPOTIFY INDIA,-119.00,Subscriptions,Fixed
C582,card,2024-07-14,2024-07-01,AMAZON PAY INDIA,-797.00,Shopping,Discretionary
C583,card,2024-07-15,2024-07-01,GOOGLE YOUTUBE PREMIUM,-129.00,Subscriptions,Fixed
C584,card,2024-07-15,2024-07-01,HPCL FUEL,-2191.00,Transport,Discretionary
C585,card,2024-07-15,2024-07-01,HPCL FUEL,-2481.00,Transport,Discretionary
C586,card,2024-07-20,2024-07-01,PVR INOX,-816.00,Entertainment,Discretionary
C587,card,2024-07-21,2024-07-01,FLIPKART,-409.00,Shopping,Discretionary
C588,card,2024-07-26,2024-07-01,POS DMART AVENUE SUPERMARTS,-2233.00,Groceries,Discretionary
C589,card,2024-07-28,2024-07-01,POS TRUFFLES HYDERABAD,-2421.00,Dining and delivery,Discretionary
C59,card,2022-01-14,2022-01-01,POS DMART AVENUE SUPERMARTS,-334.00,Groceries,Discretionary
C590,card,2024-08-01,2024-08-01,CULTFIT MEMBERSHIP,-2590.00,Subscriptions,Fixed
C591,card,2024-08-02,2024-08-01,POS CAFE NILOUFER HYDERABAD,-985.00,Dining and delivery,Discretionary
C592,card,2024-08-03,2024-08-01,PAYMENT RECEIVED - THANK YOU,17931.00,Card bill payment,Transfer
C593,card,2024-08-04,2024-08-01,POS DMART AVENUE SUPERMARTS,-438.00,Groceries,Discretionary
C594,card,2024-08-08,2024-08-01,NETFLIX.COM,-649.00,Subscriptions,Fixed
C595,card,2024-08-08,2024-08-01,POS DMART AVENUE SUPERMARTS,-1801.00,Groceries,Discretionary
C596,card,2024-08-11,2024-08-01,SPOTIFY INDIA,-119.00,Subscriptions,Fixed
C597,card,2024-08-14,2024-08-01,IOCL FUEL,-2633.00,Transport,Discretionary
C598,card,2024-08-14,2024-08-01,CASHBACK CREDIT,303.00,Cashback,Income
C599,card,2024-08-15,2024-08-01,GOOGLE YOUTUBE PREMIUM,-129.00,Subscriptions,Fixed
C6,card,2021-10-10,2021-10-01,POS PARADISE BIRYANI HYDERABAD,-227.00,Dining and delivery,Discretionary
C60,card,2022-01-14,2022-01-01,POS TRUFFLES HYDERABAD,-652.00,Dining and delivery,Discretionary
C600,card,2024-08-16,2024-08-01,FLIPKART,-2616.00,Shopping,Discretionary
C601,card,2024-08-16,2024-08-01,IKEA HYDERABAD,-883.00,Shopping,Discretionary
C602,card,2024-08-18,2024-08-01,BOOKMYSHOW,-1179.00,Entertainment,Discretionary
C603,card,2024-08-22,2024-08-01,POS CAFE NILOUFER HYDERABAD,-1170.00,Dining and delivery,Discretionary
C604,card,2024-08-24,2024-08-01,HPCL FUEL,-2057.00,Transport,Discretionary
C605,card,2024-09-01,2024-09-01,CULTFIT MEMBERSHIP,-2610.00,Subscriptions,Fixed
C606,card,2024-09-02,2024-09-01,FLIPKART,-1386.00,Shopping,Discretionary
C607,card,2024-09-03,2024-09-01,POS CAFE NILOUFER HYDERABAD,-567.00,Dining and delivery,Discretionary
C608,card,2024-09-03,2024-09-01,PVR INOX,-997.00,Entertainment,Discretionary
C609,card,2024-09-03,2024-09-01,PAYMENT RECEIVED - THANK YOU,16946.00,Card bill payment,Transfer
C61,card,2022-01-15,2022-01-01,GOOGLE YOUTUBE PREMIUM,-129.00,Subscriptions,Fixed
C610,card,2024-09-04,2024-09-01,MYNTRA DESIGNS,-1360.00,Shopping,Discretionary
C611,card,2024-09-05,2024-09-01,IOCL FUEL,-2484.00,Transport,Discretionary
C612,card,2024-09-06,2024-09-01,POS DMART AVENUE SUPERMARTS,-2109.00,Groceries,Discretionary
C613,card,2024-09-08,2024-09-01,NETFLIX.COM,-649.00,Subscriptions,Fixed
C614,card,2024-09-11,2024-09-01,SPOTIFY INDIA,-119.00,Subscriptions,Fixed
C615,card,2024-09-11,2024-09-01,POS PARADISE BIRYANI HYDERABAD,-443.00,Dining and delivery,Discretionary
C616,card,2024-09-12,2024-09-01,POS CAFE NILOUFER HYDERABAD,-2782.00,Dining and delivery,Discretionary
C617,card,2024-09-13,2024-09-01,IKEA HYDERABAD,-1715.00,Shopping,Discretionary
C618,card,2024-09-15,2024-09-01,GOOGLE YOUTUBE PREMIUM,-129.00,Subscriptions,Fixed
C619,card,2024-09-19,2024-09-01,POS DMART AVENUE SUPERMARTS,-1049.00,Groceries,Discretionary
C62,card,2022-01-17,2022-01-01,POS PARADISE BIRYANI HYDERABAD,-664.00,Dining and delivery,Discretionary
C620,card,2024-09-22,2024-09-01,POS CAFE NILOUFER HYDERABAD,-547.00,Dining and delivery,Discretionary
C621,card,2024-09-26,2024-09-01,HPCL FUEL,-1854.00,Transport,Discretionary
C622,card,2024-09-26,2024-09-01,AMAZON PAY INDIA REFUND,521.00,Shopping,Discretionary
C623,card,2024-09-26,2024-09-01,PVR INOX,-1316.00,Entertainment,Discretionary
C624,card,2024-09-28,2024-09-01,POS TRUFFLES HYDERABAD,-620.00,Dining and delivery,Discretionary
C625,card,2024-09-28,2024-09-01,IKEA HYDERABAD,-1753.00,Shopping,Discretionary
C626,card,2024-10-01,2024-10-01,CULTFIT MEMBERSHIP,-2620.00,Subscriptions,Fixed
C627,card,2024-10-02,2024-10-01,POS DMART AVENUE SUPERMARTS,-1093.00,Groceries,Discretionary
C628,card,2024-10-03,2024-10-01,POS CAFE NILOUFER HYDERABAD,-2384.00,Dining and delivery,Discretionary
C629,card,2024-10-03,2024-10-01,AMAZON PAY INDIA,-2078.00,Shopping,Discretionary
C63,card,2022-01-18,2022-01-01,STAR HEALTH INSURANCE PREMIUM,-14500.00,Insurance,Fixed
C630,card,2024-10-03,2024-10-01,PAYMENT RECEIVED - THANK YOU,23968.00,Card bill payment,Transfer
C631,card,2024-10-05,2024-10-01,POS TRUFFLES HYDERABAD,-160.00,Dining and delivery,Discretionary
C632,card,2024-10-06,2024-10-01,PVR INOX,-923.00,Entertainment,Discretionary
C633,card,2024-10-08,2024-10-01,NETFLIX.COM,-649.00,Subscriptions,Fixed
C634,card,2024-10-08,2024-10-01,POS TRUFFLES HYDERABAD,-900.00,Dining and delivery,Discretionary
C635,card,2024-10-10,2024-10-01,POS CAFE NILOUFER HYDERABAD,-495.00,Dining and delivery,Discretionary
C636,card,2024-10-11,2024-10-01,SPOTIFY INDIA,-119.00,Subscriptions,Fixed
C637,card,2024-10-12,2024-10-01,POS PARADISE BIRYANI HYDERABAD,-284.00,Dining and delivery,Discretionary
C638,card,2024-10-13,2024-10-01,HPCL FUEL,-1906.00,Transport,Discretionary
C639,card,2024-10-14,2024-10-01,DECATHLON,-4276.00,Shopping,Discretionary
C64,card,2022-01-22,2022-01-01,POS PARADISE BIRYANI HYDERABAD,-1460.00,Dining and delivery,Discretionary
C640,card,2024-10-15,2024-10-01,GOOGLE YOUTUBE PREMIUM,-129.00,Subscriptions,Fixed
C641,card,2024-10-15,2024-10-01,AMAZON PAY INDIA,-1650.00,Shopping,Discretionary
C642,card,2024-10-19,2024-10-01,POS DMART AVENUE SUPERMARTS,-1750.00,Groceries,Discretionary
C643,card,2024-10-19,2024-10-01,FLIPKART,-2616.00,Shopping,Discretionary
C644,card,2024-10-20,2024-10-01,POS PARADISE BIRYANI HYDERABAD,-649.00,Dining and delivery,Discretionary
C645,card,2024-10-20,2024-10-01,HPCL FUEL,-1978.00,Transport,Discretionary
C646,card,2024-11-01,2024-11-01,CULTFIT MEMBERSHIP,-2630.00,Subscriptions,Fixed
C647,card,2024-11-02,2024-11-01,AMAZON PAY INDIA,-1655.00,Shopping,Discretionary
C648,card,2024-11-03,2024-11-01,PAYMENT RECEIVED - THANK YOU,26659.00,Card bill payment,Transfer
C649,card,2024-11-05,2024-11-01,POS CAFE NILOUFER HYDERABAD,-1038.00,Dining and delivery,Discretionary
C65,card,2022-01-23,2022-01-01,AMAZON PAY INDIA REFUND,2340.00,Shopping,Discretionary
C650,card,2024-11-07,2024-11-01,PVR INOX,-1168.00,Entertainment,Discretionary
C651,card,2024-11-08,2024-11-01,NETFLIX.COM,-649.00,Subscriptions,Fixed
C652,card,2024-11-11,2024-11-01,SPOTIFY INDIA,-119.00,Subscriptions,Fixed
C653,card,2024-11-15,2024-11-01,GOOGLE YOUTUBE PREMIUM,-129.00,Subscriptions,Fixed
C654,card,2024-11-15,2024-11-01,FLIPKART,-2456.00,Shopping,Discretionary
C655,card,2024-11-15,2024-11-01,PVR INOX,-1528.00,Entertainment,Discretionary
C656,card,2024-11-16,2024-11-01,AMAZON PAY INDIA,-1642.00,Shopping,Discretionary
C657,card,2024-11-17,2024-11-01,HPCL FUEL,-2467.00,Transport,Discretionary
C658,card,2024-11-18,2024-11-01,CASHBACK CREDIT,132.00,Cashback,Income
C659,card,2024-11-19,2024-11-01,POS PARADISE BIRYANI HYDERABAD,-783.00,Dining and delivery,Discretionary
C66,card,2022-01-26,2022-01-01,BOOKMYSHOW,-504.00,Entertainment,Discretionary
C660,card,2024-11-23,2024-11-01,IOCL FUEL,-2133.00,Transport,Discretionary
C661,card,2024-11-23,2024-11-01,AMAZON PAY INDIA,-6348.00,Shopping,Discretionary
C662,card,2024-11-23,2024-11-01,AMAZON PAY INDIA REFUND,1794.00,Shopping,Discretionary
C663,card,2024-11-27,2024-11-01,POS DMART AVENUE SUPERMARTS,-110.00,Groceries,Discretionary
C664,card,2024-12-01,2024-12-01,CULTFIT MEMBERSHIP,-2650.00,Subscriptions,Fixed
C665,card,2024-12-02,2024-12-01,MYNTRA DESIGNS,-3277.00,Shopping,Discretionary
C666,card,2024-12-03,2024-12-01,MAKEMYTRIP FLIGHTS,-31500.00,Travel,Discretionary
C667,card,2024-12-03,2024-12-01,PAYMENT RECEIVED - THANK YOU,22929.00,Card bill payment,Transfer
C668,card,2024-12-04,2024-12-01,BOOKMYSHOW,-844.00,Entertainment,Discretionary
C669,card,2024-12-06,2024-12-01,POS PARADISE BIRYANI HYDERABAD,-1752.00,Dining and delivery,Discretionary
C67,card,2022-02-01,2022-02-01,CULTFIT MEMBERSHIP,-2240.00,Subscriptions,Fixed
C670,card,2024-12-06,2024-12-01,POS VARUN MOTORS SERVICE,-5649.00,Transport,Discretionary
C671,card,2024-12-08,2024-12-01,NETFLIX.COM,-649.00,Subscriptions,Fixed
C672,card,2024-12-11,2024-12-01,SPOTIFY INDIA,-119.00,Subscriptions,Fixed
C673,card,2024-12-11,2024-12-01,PVR INOX,-793.00,Entertainment,Discretionary
C674,card,2024-12-13,2024-12-01,HPCL FUEL,-2686.00,Transport,Discretionary
C675,card,2024-12-13,2024-12-01,HPCL FUEL,-2389.00,Transport,Discretionary
C676,card,2024-12-14,2024-12-01,MYNTRA DESIGNS,-923.00,Shopping,Discretionary
C677,card,2024-12-15,2024-12-01,GOOGLE YOUTUBE PREMIUM,-129.00,Subscriptions,Fixed
C678,card,2024-12-17,2024-12-01,IKEA HYDERABAD,-1020.00,Shopping,Discretionary
C679,card,2024-12-18,2024-12-01,POS DMART AVENUE SUPERMARTS,-3473.00,Groceries,Discretionary
C68,card,2022-02-03,2022-02-01,POS TRUFFLES HYDERABAD,-699.00,Dining and delivery,Discretionary
C680,card,2024-12-18,2024-12-01,POS CAFE NILOUFER HYDERABAD,-1462.00,Dining and delivery,Discretionary
C681,card,2024-12-18,2024-12-01,MAKEMYTRIP HOTELS,-24500.00,Travel,Discretionary
C682,card,2024-12-19,2024-12-01,MYNTRA DESIGNS,-1398.00,Shopping,Discretionary
C683,card,2024-12-19,2024-12-01,POS LOCAL EXPENSES TRAVEL,-14000.00,Travel,Discretionary
C684,card,2024-12-28,2024-12-01,CASHBACK CREDIT,360.00,Cashback,Income
C685,card,2025-01-01,2025-01-01,CULTFIT MEMBERSHIP,-2660.00,Subscriptions,Fixed
C686,card,2025-01-01,2025-01-01,POS TRUFFLES HYDERABAD,-1493.00,Dining and delivery,Discretionary
C687,card,2025-01-01,2025-01-01,PVR INOX,-1386.00,Entertainment,Discretionary
C688,card,2025-01-03,2025-01-01,PAYMENT RECEIVED - THANK YOU,98853.00,Card bill payment,Transfer
C689,card,2025-01-08,2025-01-01,NETFLIX.COM,-649.00,Subscriptions,Fixed
C69,card,2022-02-03,2022-02-01,PAYMENT RECEIVED - THANK YOU,23482.00,Card bill payment,Transfer
C690,card,2025-01-09,2025-01-01,IOCL FUEL,-2103.00,Transport,Discretionary
C691,card,2025-01-11,2025-01-01,SPOTIFY INDIA,-119.00,Subscriptions,Fixed
C692,card,2025-01-11,2025-01-01,POS DMART AVENUE SUPERMARTS,-269.00,Groceries,Discretionary
C693,card,2025-01-12,2025-01-01,MYNTRA DESIGNS,-2740.00,Shopping,Discretionary
C694,card,2025-01-14,2025-01-01,MYNTRA DESIGNS,-679.00,Shopping,Discretionary
C695,card,2025-01-15,2025-01-01,GOOGLE YOUTUBE PREMIUM,-149.00,Subscriptions,Fixed
C696,card,2025-01-16,2025-01-01,POS TRUFFLES HYDERABAD,-1025.00,Dining and delivery,Discretionary
C697,card,2025-01-17,2025-01-01,POS TRUFFLES HYDERABAD,-302.00,Dining and delivery,Discretionary
C698,card,2025-01-17,2025-01-01,HPCL FUEL,-2450.00,Transport,Discretionary
C699,card,2025-01-18,2025-01-01,STAR HEALTH INSURANCE PREMIUM,-18266.00,Insurance,Fixed
C7,card,2021-10-10,2021-10-01,MYNTRA DESIGNS,-2235.00,Shopping,Discretionary
C70,card,2022-02-08,2022-02-01,NETFLIX.COM,-649.00,Subscriptions,Fixed
C700,card,2025-01-19,2025-01-01,PVR INOX,-1119.00,Entertainment,Discretionary
C701,card,2025-02-01,2025-02-01,CULTFIT MEMBERSHIP,-2670.00,Subscriptions,Fixed
C702,card,2025-02-03,2025-02-01,PAYMENT RECEIVED - THANK YOU,35409.00,Card bill payment,Transfer
C703,card,2025-02-03,2025-02-01,CASHBACK CREDIT,350.00,Cashback,Income
C704,card,2025-02-05,2025-02-01,PVR INOX,-1547.00,Entertainment,Discretionary
C705,card,2025-02-06,2025-02-01,IOCL FUEL,-1943.00,Transport,Discretionary
C706,card,2025-02-06,2025-02-01,IOCL FUEL,-2067.00,Transport,Discretionary
C707,card,2025-02-08,2025-02-01,NETFLIX.COM,-649.00,Subscriptions,Fixed
C708,card,2025-02-11,2025-02-01,SPOTIFY INDIA,-119.00,Subscriptions,Fixed
C709,card,2025-02-11,2025-02-01,MYNTRA DESIGNS,-3405.00,Shopping,Discretionary
C71,card,2022-02-08,2022-02-01,POS PARADISE BIRYANI HYDERABAD,-114.00,Dining and delivery,Discretionary
C710,card,2025-02-15,2025-02-01,GOOGLE YOUTUBE PREMIUM,-149.00,Subscriptions,Fixed
C711,card,2025-02-16,2025-02-01,DECATHLON,-2475.00,Shopping,Discretionary
C712,card,2025-02-19,2025-02-01,POS DMART AVENUE SUPERMARTS,-1234.00,Groceries,Discretionary
C713,card,2025-03-01,2025-03-01,CULTFIT MEMBERSHIP,-2680.00,Subscriptions,Fixed
C714,card,2025-03-03,2025-03-01,PAYMENT RECEIVED - THANK YOU,15908.00,Card bill payment,Transfer
C715,card,2025-03-06,2025-03-01,PVR INOX,-1160.00,Entertainment,Discretionary
C716,card,2025-03-06,2025-03-01,CASHBACK CREDIT,237.00,Cashback,Income
C717,card,2025-03-07,2025-03-01,IKEA HYDERABAD,-789.00,Shopping,Discretionary
C718,card,2025-03-08,2025-03-01,NETFLIX.COM,-649.00,Subscriptions,Fixed
C719,card,2025-03-09,2025-03-01,DECATHLON,-1028.00,Shopping,Discretionary
C72,card,2022-02-10,2022-02-01,DECATHLON,-1952.00,Shopping,Discretionary
C720,card,2025-03-11,2025-03-01,SPOTIFY INDIA,-119.00,Subscriptions,Fixed
C721,card,2025-03-11,2025-03-01,POS TRUFFLES HYDERABAD,-629.00,Dining and delivery,Discretionary
C722,card,2025-03-15,2025-03-01,GOOGLE YOUTUBE PREMIUM,-149.00,Subscriptions,Fixed
C723,card,2025-03-17,2025-03-01,IOCL FUEL,-2103.00,Transport,Discretionary
C724,card,2025-03-20,2025-03-01,FLIPKART,-1574.00,Shopping,Discretionary
C725,card,2025-03-21,2025-03-01,POS TRUFFLES HYDERABAD,-642.00,Dining and delivery,Discretionary
C726,card,2025-03-26,2025-03-01,HPCL FUEL,-2579.00,Transport,Discretionary
C727,card,2025-04-01,2025-04-01,CULTFIT MEMBERSHIP,-2700.00,Subscriptions,Fixed
C728,card,2025-04-02,2025-04-01,POS DMART AVENUE SUPERMARTS,-2119.00,Groceries,Discretionary
C729,card,2025-04-03,2025-04-01,PAYMENT RECEIVED - THANK YOU,13864.00,Card bill payment,Transfer
C73,card,2022-02-11,2022-02-01,SPOTIFY INDIA,-119.00,Subscriptions,Fixed
C730,card,2025-04-04,2025-04-01,BOOKMYSHOW,-1465.00,Entertainment,Discretionary
C731,card,2025-04-06,2025-04-01,IKEA HYDERABAD,-187.00,Shopping,Discretionary
C732,card,2025-04-08,2025-04-01,NETFLIX.COM,-649.00,Subscriptions,Fixed
C733,card,2025-04-08,2025-04-01,PVR INOX,-849.00,Entertainment,Discretionary
C734,card,2025-04-11,2025-04-01,SPOTIFY INDIA,-119.00,Subscriptions,Fixed
C735,card,2025-04-12,2025-04-01,DECATHLON,-1103.00,Shopping,Discretionary
C736,card,2025-04-14,2025-04-01,IKEA HYDERABAD,-476.00,Shopping,Discretionary
C737,card,2025-04-15,2025-04-01,GOOGLE YOUTUBE PREMIUM,-149.00,Subscriptions,Fixed
C738,card,2025-04-16,2025-04-01,MYNTRA DESIGNS,-726.00,Shopping,Discretionary
C739,card,2025-04-18,2025-04-01,IKEA HYDERABAD,-492.00,Shopping,Discretionary
C74,card,2022-02-13,2022-02-01,MYNTRA DESIGNS,-1671.00,Shopping,Discretionary
C740,card,2025-04-22,2025-04-01,HPCL FUEL,-2743.00,Transport,Discretionary
C741,card,2025-04-25,2025-04-01,POS DMART AVENUE SUPERMARTS,-1078.00,Groceries,Discretionary
C742,card,2025-04-26,2025-04-01,HPCL FUEL,-2119.00,Transport,Discretionary
C743,card,2025-05-01,2025-05-01,CULTFIT MEMBERSHIP,-2710.00,Subscriptions,Fixed
C744,card,2025-05-03,2025-05-01,PAYMENT RECEIVED - THANK YOU,16974.00,Card bill payment,Transfer
C745,card,2025-05-05,2025-05-01,PVR INOX,-775.00,Entertainment,Discretionary
C746,card,2025-05-08,2025-05-01,NETFLIX.COM,-649.00,Subscriptions,Fixed
C747,card,2025-05-08,2025-05-01,MYNTRA DESIGNS,-1701.00,Shopping,Discretionary
C748,card,2025-05-09,2025-05-01,MYNTRA DESIGNS,-1334.00,Shopping,Discretionary
C749,card,2025-05-11,2025-05-01,SPOTIFY INDIA,-119.00,Subscriptions,Fixed
C75,card,2022-02-15,2022-02-01,GOOGLE YOUTUBE PREMIUM,-129.00,Subscriptions,Fixed
C750,card,2025-05-12,2025-05-01,POS PARADISE BIRYANI HYDERABAD,-668.00,Dining and delivery,Discretionary
C751,card,2025-05-15,2025-05-01,GOOGLE YOUTUBE PREMIUM,-149.00,Subscriptions,Fixed
C752,card,2025-05-16,2025-05-01,IOCL FUEL,-2289.00,Transport,Discretionary
C753,card,2025-05-19,2025-05-01,POS DMART AVENUE SUPERMARTS,-1404.00,Groceries,Discretionary
C754,card,2025-05-21,2025-05-01,IOCL FUEL,-2269.00,Transport,Discretionary
C755,card,2025-05-23,2025-05-01,CASHBACK CREDIT,275.00,Cashback,Income
C756,card,2025-05-25,2025-05-01,FLIPKART,-2427.00,Shopping,Discretionary
C757,card,2025-05-25,2025-05-01,DECATHLON,-634.00,Shopping,Discretionary
C758,card,2025-05-26,2025-05-01,POS CAFE NILOUFER HYDERABAD,-577.00,Dining and delivery,Discretionary
C759,card,2025-05-27,2025-05-01,PRACTO CONSULTATION,-1584.00,Health,Discretionary
C76,card,2022-02-15,2022-02-01,POS CAFE NILOUFER HYDERABAD,-897.00,Dining and delivery,Discretionary
C760,card,2025-06-01,2025-06-01,CULTFIT MEMBERSHIP,-2720.00,Subscriptions,Fixed
C761,card,2025-06-01,2025-06-01,MAKEMYTRIP FLIGHTS,-24750.00,Travel,Discretionary
C762,card,2025-06-02,2025-06-01,POS DMART AVENUE SUPERMARTS,-2516.00,Groceries,Discretionary
C763,card,2025-06-03,2025-06-01,IOCL FUEL,-2248.00,Transport,Discretionary
C764,card,2025-06-03,2025-06-01,PAYMENT RECEIVED - THANK YOU,19014.00,Card bill payment,Transfer
C765,card,2025-06-04,2025-06-01,POS CAFE NILOUFER HYDERABAD,-112.00,Dining and delivery,Discretionary
C766,card,2025-06-07,2025-06-01,FLIPKART,-425.00,Shopping,Discretionary
C767,card,2025-06-08,2025-06-01,NETFLIX.COM,-649.00,Subscriptions,Fixed
C768,card,2025-06-11,2025-06-01,SPOTIFY INDIA,-119.00,Subscriptions,Fixed
C769,card,2025-06-12,2025-06-01,POS PARADISE BIRYANI HYDERABAD,-697.00,Dining and delivery,Discretionary
C77,card,2022-02-16,2022-02-01,POS CAFE NILOUFER HYDERABAD,-202.00,Dining and delivery,Discretionary
C770,card,2025-06-14,2025-06-01,HPCL FUEL,-2797.00,Transport,Discretionary
C771,card,2025-06-15,2025-06-01,GOOGLE YOUTUBE PREMIUM,-149.00,Subscriptions,Fixed
C772,card,2025-06-17,2025-06-01,BOOKMYSHOW,-1026.00,Entertainment,Discretionary
C773,card,2025-06-17,2025-06-01,MAKEMYTRIP HOTELS,-19250.00,Travel,Discretionary
C774,card,2025-06-18,2025-06-01,POS PARADISE BIRYANI HYDERABAD,-706.00,Dining and delivery,Discretionary
C775,card,2025-06-19,2025-06-01,POS VARUN MOTORS SERVICE,-8211.00,Transport,Discretionary
C776,card,2025-06-20,2025-06-01,POS LOCAL EXPENSES TRAVEL,-11000.00,Travel,Discretionary
C777,card,2025-06-24,2025-06-01,POS PARADISE BIRYANI HYDERABAD,-762.00,Dining and delivery,Discretionary
C778,card,2025-06-24,2025-06-01,DECATHLON,-3016.00,Shopping,Discretionary
C779,card,2025-06-25,2025-06-01,POS TRUFFLES HYDERABAD,-1180.00,Dining and delivery,Discretionary
C78,card,2022-02-17,2022-02-01,BOOKMYSHOW,-532.00,Entertainment,Discretionary
C780,card,2025-06-27,2025-06-01,POS TRUFFLES HYDERABAD,-495.00,Dining and delivery,Discretionary
C781,card,2025-07-01,2025-07-01,CULTFIT MEMBERSHIP,-2740.00,Subscriptions,Fixed
C782,card,2025-07-02,2025-07-01,POS PARADISE BIRYANI HYDERABAD,-1307.00,Dining and delivery,Discretionary
C783,card,2025-07-02,2025-07-01,PVR INOX,-804.00,Entertainment,Discretionary
C784,card,2025-07-03,2025-07-01,PAYMENT RECEIVED - THANK YOU,82828.00,Card bill payment,Transfer
C785,card,2025-07-07,2025-07-01,POS PARADISE BIRYANI HYDERABAD,-2269.00,Dining and delivery,Discretionary
C786,card,2025-07-08,2025-07-01,NETFLIX.COM,-649.00,Subscriptions,Fixed
C787,card,2025-07-11,2025-07-01,SPOTIFY INDIA,-119.00,Subscriptions,Fixed
C788,card,2025-07-12,2025-07-01,CASHBACK CREDIT,166.00,Cashback,Income
C789,card,2025-07-15,2025-07-01,GOOGLE YOUTUBE PREMIUM,-149.00,Subscriptions,Fixed
C79,card,2022-02-22,2022-02-01,POS DMART AVENUE SUPERMARTS,-1181.00,Groceries,Discretionary
C790,card,2025-07-20,2025-07-01,AMAZON PAY INDIA REFUND,1135.00,Shopping,Discretionary
C791,card,2025-07-22,2025-07-01,IOCL FUEL,-2208.00,Transport,Discretionary
C792,card,2025-07-23,2025-07-01,IOCL FUEL,-2696.00,Transport,Discretionary
C793,card,2025-07-24,2025-07-01,MYNTRA DESIGNS,-3557.00,Shopping,Discretionary
C794,card,2025-07-25,2025-07-01,POS PARADISE BIRYANI HYDERABAD,-302.00,Dining and delivery,Discretionary
C795,card,2025-07-28,2025-07-01,MYNTRA DESIGNS,-3385.00,Shopping,Discretionary
C796,card,2025-08-01,2025-08-01,CULTFIT MEMBERSHIP,-2750.00,Subscriptions,Fixed
C797,card,2025-08-02,2025-08-01,FLIPKART,-1055.00,Shopping,Discretionary
C798,card,2025-08-03,2025-08-01,PAYMENT RECEIVED - THANK YOU,18884.00,Card bill payment,Transfer
C799,card,2025-08-04,2025-08-01,MYNTRA DESIGNS,-1156.00,Shopping,Discretionary
C8,card,2021-10-11,2021-10-01,SPOTIFY INDIA,-119.00,Subscriptions,Fixed
C80,card,2022-02-25,2022-02-01,IKEA HYDERABAD,-1224.00,Shopping,Discretionary
C800,card,2025-08-05,2025-08-01,IOCL FUEL,-2150.00,Transport,Discretionary
C801,card,2025-08-08,2025-08-01,NETFLIX.COM,-649.00,Subscriptions,Fixed
C802,card,2025-08-09,2025-08-01,FLIPKART,-1200.00,Shopping,Discretionary
C803,card,2025-08-11,2025-08-01,SPOTIFY INDIA,-119.00,Subscriptions,Fixed
C804,card,2025-08-15,2025-08-01,GOOGLE YOUTUBE PREMIUM,-149.00,Subscriptions,Fixed
C805,card,2025-08-18,2025-08-01,POS CAFE NILOUFER HYDERABAD,-758.00,Dining and delivery,Discretionary
C806,card,2025-08-19,2025-08-01,POS TRUFFLES HYDERABAD,-178.00,Dining and delivery,Discretionary
C807,card,2025-08-21,2025-08-01,POS TRUFFLES HYDERABAD,-630.00,Dining and delivery,Discretionary
C808,card,2025-08-21,2025-08-01,PVR INOX,-773.00,Entertainment,Discretionary
C809,card,2025-08-24,2025-08-01,MYNTRA DESIGNS,-1101.00,Shopping,Discretionary
C81,card,2022-03-01,2022-03-01,CULTFIT MEMBERSHIP,-2250.00,Subscriptions,Fixed
C810,card,2025-08-26,2025-08-01,BOOKMYSHOW,-1482.00,Entertainment,Discretionary
C811,card,2025-08-28,2025-08-01,HPCL FUEL,-2937.00,Transport,Discretionary
C812,card,2025-09-01,2025-09-01,CULTFIT MEMBERSHIP,-2760.00,Subscriptions,Fixed
C813,card,2025-09-03,2025-09-01,PAYMENT RECEIVED - THANK YOU,17087.00,Card bill payment,Transfer
C814,card,2025-09-05,2025-09-01,BOOKMYSHOW,-845.00,Entertainment,Discretionary
C815,card,2025-09-08,2025-09-01,NETFLIX.COM,-649.00,Subscriptions,Fixed
C816,card,2025-09-08,2025-09-01,HPCL FUEL,-1966.00,Transport,Discretionary
C817,card,2025-09-11,2025-09-01,SPOTIFY INDIA,-119.00,Subscriptions,Fixed
C818,card,2025-09-14,2025-09-01,COURSERA,-14200.00,Education,Discretionary
C819,card,2025-09-15,2025-09-01,GOOGLE YOUTUBE PREMIUM,-149.00,Subscriptions,Fixed
C82,card,2022-03-02,2022-03-01,DECATHLON,-1366.00,Shopping,Discretionary
C820,card,2025-09-16,2025-09-01,HPCL FUEL,-2622.00,Transport,Discretionary
C821,card,2025-09-19,2025-09-01,POS CAFE NILOUFER HYDERABAD,-1371.00,Dining and delivery,Discretionary
C822,card,2025-09-19,2025-09-01,POS TRUFFLES HYDERABAD,-1575.00,Dining and delivery,Discretionary
C823,card,2025-09-21,2025-09-01,IKEA HYDERABAD,-2385.00,Shopping,Discretionary
C824,card,2025-09-24,2025-09-01,FLIPKART,-646.00,Shopping,Discretionary
C825,card,2025-10-01,2025-10-01,CULTFIT MEMBERSHIP,-2780.00,Subscriptions,Fixed
C826,card,2025-10-01,2025-10-01,IOCL FUEL,-2773.00,Transport,Discretionary
C827,card,2025-10-03,2025-10-01,POS CAFE NILOUFER HYDERABAD,-1773.00,Dining and delivery,Discretionary
C828,card,2025-10-03,2025-10-01,PAYMENT RECEIVED - THANK YOU,29287.00,Card bill payment,Transfer
C829,card,2025-10-05,2025-10-01,AMAZON PAY INDIA REFUND,1745.00,Shopping,Discretionary
C83,card,2022-03-03,2022-03-01,PAYMENT RECEIVED - THANK YOU,11609.00,Card bill payment,Transfer
C830,card,2025-10-07,2025-10-01,POS DMART AVENUE SUPERMARTS,-1836.00,Groceries,Discretionary
C831,card,2025-10-07,2025-10-01,POS PARADISE BIRYANI HYDERABAD,-401.00,Dining and delivery,Discretionary
C832,card,2025-10-08,2025-10-01,NETFLIX.COM,-649.00,Subscriptions,Fixed
C833,card,2025-10-09,2025-10-01,IKEA HYDERABAD,-1178.00,Shopping,Discretionary
C834,card,2025-10-11,2025-10-01,SPOTIFY INDIA,-119.00,Subscriptions,Fixed
C835,card,2025-10-15,2025-10-01,GOOGLE YOUTUBE PREMIUM,-149.00,Subscriptions,Fixed
C836,card,2025-10-17,2025-10-01,HPCL FUEL,-2357.00,Transport,Discretionary
C837,card,2025-10-17,2025-10-01,AMAZON PAY INDIA,-4139.00,Shopping,Discretionary
C838,card,2025-10-18,2025-10-01,POS CAFE NILOUFER HYDERABAD,-346.00,Dining and delivery,Discretionary
C839,card,2025-10-20,2025-10-01,POS PARADISE BIRYANI HYDERABAD,-987.00,Dining and delivery,Discretionary
C84,card,2022-03-05,2022-03-01,POS CAFE NILOUFER HYDERABAD,-152.00,Dining and delivery,Discretionary
C840,card,2025-10-22,2025-10-01,POS PARADISE BIRYANI HYDERABAD,-1248.00,Dining and delivery,Discretionary
C841,card,2025-10-22,2025-10-01,PVR INOX,-1664.00,Entertainment,Discretionary
C842,card,2025-10-24,2025-10-01,IKEA HYDERABAD,-6141.00,Shopping,Discretionary
C843,card,2025-10-25,2025-10-01,POS DMART AVENUE SUPERMARTS,-983.00,Groceries,Discretionary
C844,card,2025-10-26,2025-10-01,AMAZON PAY INDIA,-2863.00,Shopping,Discretionary
C845,card,2025-11-01,2025-11-01,CULTFIT MEMBERSHIP,-2790.00,Subscriptions,Fixed
C846,card,2025-11-02,2025-11-01,POS DMART AVENUE SUPERMARTS,-1840.00,Groceries,Discretionary
C847,card,2025-11-02,2025-11-01,IKEA HYDERABAD,-3105.00,Shopping,Discretionary
C848,card,2025-11-03,2025-11-01,HPCL FUEL,-3017.00,Transport,Discretionary
C849,card,2025-11-03,2025-11-01,PAYMENT RECEIVED - THANK YOU,30641.00,Card bill payment,Transfer
C85,card,2022-03-05,2022-03-01,CASHBACK CREDIT,113.00,Cashback,Income
C850,card,2025-11-07,2025-11-01,POS DMART AVENUE SUPERMARTS,-1473.00,Groceries,Discretionary
C851,card,2025-11-08,2025-11-01,NETFLIX.COM,-649.00,Subscriptions,Fixed
C852,card,2025-11-10,2025-11-01,IKEA HYDERABAD,-2474.00,Shopping,Discretionary
C853,card,2025-11-11,2025-11-01,SPOTIFY INDIA,-119.00,Subscriptions,Fixed
C854,card,2025-11-12,2025-11-01,IOCL FUEL,-2956.00,Transport,Discretionary
C855,card,2025-11-13,2025-11-01,POS CAFE NILOUFER HYDERABAD,-694.00,Dining and delivery,Discretionary
C856,card,2025-11-14,2025-11-01,POS PARADISE BIRYANI HYDERABAD,-279.00,Dining and delivery,Discretionary
C857,card,2025-11-15,2025-11-01,GOOGLE YOUTUBE PREMIUM,-149.00,Subscriptions,Fixed
C858,card,2025-11-16,2025-11-01,POS PARADISE BIRYANI HYDERABAD,-1435.00,Dining and delivery,Discretionary
C859,card,2025-11-21,2025-11-01,AMAZON PAY INDIA,-2003.00,Shopping,Discretionary
C86,card,2022-03-07,2022-03-01,POS DMART AVENUE SUPERMARTS,-992.00,Groceries,Discretionary
C860,card,2025-11-22,2025-11-01,BOOKMYSHOW,-1326.00,Entertainment,Discretionary
C861,card,2025-11-24,2025-11-01,FLIPKART,-1753.00,Shopping,Discretionary
C862,card,2025-11-28,2025-11-01,MYNTRA DESIGNS,-2186.00,Shopping,Discretionary
C863,card,2025-12-01,2025-12-01,CULTFIT MEMBERSHIP,-2800.00,Subscriptions,Fixed
C864,card,2025-12-01,2025-12-01,FLIPKART,-498.00,Shopping,Discretionary
C865,card,2025-12-02,2025-12-01,HPCL FUEL,-2157.00,Transport,Discretionary
C866,card,2025-12-03,2025-12-01,PAYMENT RECEIVED - THANK YOU,28248.00,Card bill payment,Transfer
C867,card,2025-12-04,2025-12-01,POS DMART AVENUE SUPERMARTS,-1327.00,Groceries,Discretionary
C868,card,2025-12-05,2025-12-01,POS DMART AVENUE SUPERMARTS,-1732.00,Groceries,Discretionary
C869,card,2025-12-05,2025-12-01,POS VARUN MOTORS SERVICE,-7371.00,Transport,Discretionary
C87,card,2022-03-08,2022-03-01,NETFLIX.COM,-649.00,Subscriptions,Fixed
C870,card,2025-12-08,2025-12-01,NETFLIX.COM,-649.00,Subscriptions,Fixed
C871,card,2025-12-08,2025-12-01,POS PARADISE BIRYANI HYDERABAD,-586.00,Dining and delivery,Discretionary
C872,card,2025-12-08,2025-12-01,HPCL FUEL,-2292.00,Transport,Discretionary
C873,card,2025-12-11,2025-12-01,SPOTIFY INDIA,-119.00,Subscriptions,Fixed
C874,card,2025-12-11,2025-12-01,POS PARADISE BIRYANI HYDERABAD,-678.00,Dining and delivery,Discretionary
C875,card,2025-12-15,2025-12-01,GOOGLE YOUTUBE PREMIUM,-149.00,Subscriptions,Fixed
C876,card,2025-12-18,2025-12-01,POS DMART AVENUE SUPERMARTS,-1155.00,Groceries,Discretionary
C877,card,2025-12-18,2025-12-01,POS PARADISE BIRYANI HYDERABAD,-1331.00,Dining and delivery,Discretionary
C878,card,2025-12-18,2025-12-01,AMAZON PAY INDIA,-904.00,Shopping,Discretionary
C879,card,2025-12-18,2025-12-01,BOOKMYSHOW,-1468.00,Entertainment,Discretionary
C88,card,2022-03-11,2022-03-01,SPOTIFY INDIA,-119.00,Subscriptions,Fixed
C880,card,2025-12-21,2025-12-01,POS TRUFFLES HYDERABAD,-914.00,Dining and delivery,Discretionary
C881,card,2025-12-23,2025-12-01,DECATHLON,-1058.00,Shopping,Discretionary
C882,card,2025-12-23,2025-12-01,AMAZON PAY INDIA,-2190.00,Shopping,Discretionary
C883,card,2025-12-25,2025-12-01,POS DMART AVENUE SUPERMARTS,-712.00,Groceries,Discretionary
C884,card,2026-01-01,2026-01-01,CULTFIT MEMBERSHIP,-2820.00,Subscriptions,Fixed
C885,card,2026-01-02,2026-01-01,POS PARADISE BIRYANI HYDERABAD,-991.00,Dining and delivery,Discretionary
C886,card,2026-01-03,2026-01-01,PAYMENT RECEIVED - THANK YOU,30090.00,Card bill payment,Transfer
C887,card,2026-01-06,2026-01-01,FLIPKART,-440.00,Shopping,Discretionary
C888,card,2026-01-08,2026-01-01,NETFLIX.COM,-649.00,Subscriptions,Fixed
C889,card,2026-01-08,2026-01-01,AMAZON PAY INDIA,-1602.00,Shopping,Discretionary
C89,card,2022-03-11,2022-03-01,MYNTRA DESIGNS,-1586.00,Shopping,Discretionary
C890,card,2026-01-09,2026-01-01,POS DMART AVENUE SUPERMARTS,-1945.00,Groceries,Discretionary
C891,card,2026-01-09,2026-01-01,POS TRUFFLES HYDERABAD,-771.00,Dining and delivery,Discretionary
C892,card,2026-01-10,2026-01-01,POS PARADISE BIRYANI HYDERABAD,-603.00,Dining and delivery,Discretionary
C893,card,2026-01-11,2026-01-01,SPOTIFY INDIA,-119.00,Subscriptions,Fixed
C894,card,2026-01-15,2026-01-01,GOOGLE YOUTUBE PREMIUM,-149.00,Subscriptions,Fixed
C895,card,2026-01-17,2026-01-01,PVR INOX,-965.00,Entertainment,Discretionary
C896,card,2026-01-18,2026-01-01,STAR HEALTH INSURANCE PREMIUM,-19727.00,Insurance,Fixed
C897,card,2026-01-18,2026-01-01,HPCL FUEL,-1964.00,Transport,Discretionary
C898,card,2026-01-20,2026-01-01,POS DMART AVENUE SUPERMARTS,-2031.00,Groceries,Discretionary
C899,card,2026-01-21,2026-01-01,AMAZON PAY INDIA,-808.00,Shopping,Discretionary
C9,card,2021-10-11,2021-10-01,POS CAFE NILOUFER HYDERABAD,-128.00,Dining and delivery,Discretionary
C90,card,2022-03-14,2022-03-01,POS TRUFFLES HYDERABAD,-428.00,Dining and delivery,Discretionary
C900,card,2026-01-22,2026-01-01,DECATHLON,-919.00,Shopping,Discretionary
C901,card,2026-01-23,2026-01-01,POS PARADISE BIRYANI HYDERABAD,-1661.00,Dining and delivery,Discretionary
C902,card,2026-01-24,2026-01-01,CASHBACK CREDIT,387.00,Cashback,Income
C903,card,2026-01-25,2026-01-01,BOOKMYSHOW,-1011.00,Entertainment,Discretionary
C904,card,2026-01-26,2026-01-01,IOCL FUEL,-2263.00,Transport,Discretionary
C905,card,2026-01-28,2026-01-01,POS CAFE NILOUFER HYDERABAD,-585.00,Dining and delivery,Discretionary
C906,card,2026-02-01,2026-02-01,CULTFIT MEMBERSHIP,-2830.00,Subscriptions,Fixed
C907,card,2026-02-02,2026-02-01,AMAZON PAY INDIA,-3000.00,Shopping,Discretionary
C908,card,2026-02-03,2026-02-01,PAYMENT RECEIVED - THANK YOU,41636.00,Card bill payment,Transfer
C909,card,2026-02-07,2026-02-01,AMAZON PAY INDIA,-3594.00,Shopping,Discretionary
C91,card,2022-03-14,2022-03-01,MYNTRA DESIGNS,-1242.00,Shopping,Discretionary
C910,card,2026-02-07,2026-02-01,MAKEMYTRIP FLIGHTS,-38250.00,Travel,Discretionary
C911,card,2026-02-08,2026-02-01,NETFLIX.COM,-649.00,Subscriptions,Fixed
C912,card,2026-02-08,2026-02-01,POS TRUFFLES HYDERABAD,-409.00,Dining and delivery,Discretionary
C913,card,2026-02-08,2026-02-01,POS CAFE NILOUFER HYDERABAD,-834.00,Dining and delivery,Discretionary
C914,card,2026-02-11,2026-02-01,SPOTIFY INDIA,-119.00,Subscriptions,Fixed
C915,card,2026-02-11,2026-02-01,POS DMART AVENUE SUPERMARTS,-1436.00,Groceries,Discretionary
C916,card,2026-02-11,2026-02-01,BOOKMYSHOW,-1798.00,Entertainment,Discretionary
C917,card,2026-02-12,2026-02-01,IKEA HYDERABAD,-1651.00,Shopping,Discretionary
C918,card,2026-02-15,2026-02-01,GOOGLE YOUTUBE PREMIUM,-149.00,Subscriptions,Fixed
C919,card,2026-02-16,2026-02-01,AMAZON PAY INDIA,-1046.00,Shopping,Discretionary
C92,card,2022-03-15,2022-03-01,GOOGLE YOUTUBE PREMIUM,-129.00,Subscriptions,Fixed
C920,card,2026-02-19,2026-02-01,HPCL FUEL,-2526.00,Transport,Discretionary
C921,card,2026-02-19,2026-02-01,MAKEMYTRIP HOTELS,-29750.00,Travel,Discretionary
C922,card,2026-02-20,2026-02-01,POS DMART AVENUE SUPERMARTS,-2278.00,Groceries,Discretionary
C923,card,2026-02-21,2026-02-01,POS LOCAL EXPENSES TRAVEL,-17000.00,Travel,Discretionary
C924,card,2026-02-22,2026-02-01,POS CAFE NILOUFER HYDERABAD,-136.00,Dining and delivery,Discretionary
C925,card,2026-02-28,2026-02-01,IOCL FUEL,-3047.00,Transport,Discretionary
C926,card,2026-03-01,2026-03-01,CULTFIT MEMBERSHIP,-2850.00,Subscriptions,Fixed
C927,card,2026-03-02,2026-03-01,POS PARADISE BIRYANI HYDERABAD,-676.00,Dining and delivery,Discretionary
C928,card,2026-03-03,2026-03-01,PAYMENT RECEIVED - THANK YOU,110502.00,Card bill payment,Transfer
C929,card,2026-03-04,2026-03-01,IOCL FUEL,-2043.00,Transport,Discretionary
C93,card,2022-03-16,2022-03-01,IKEA HYDERABAD,-1052.00,Shopping,Discretionary
C930,card,2026-03-05,2026-03-01,IOCL FUEL,-2824.00,Transport,Discretionary
C931,card,2026-03-06,2026-03-01,DECATHLON,-2987.00,Shopping,Discretionary
C932,card,2026-03-07,2026-03-01,POS DMART AVENUE SUPERMARTS,-1932.00,Groceries,Discretionary
C933,card,2026-03-08,2026-03-01,NETFLIX.COM,-649.00,Subscriptions,Fixed
C934,card,2026-03-10,2026-03-01,AMAZON PAY INDIA,-643.00,Shopping,Discretionary
C935,card,2026-03-11,2026-03-01,SPOTIFY INDIA,-119.00,Subscriptions,Fixed
C936,card,2026-03-12,2026-03-01,POS CAFE NILOUFER HYDERABAD,-950.00,Dining and delivery,Discretionary
C937,card,2026-03-15,2026-03-01,GOOGLE YOUTUBE PREMIUM,-149.00,Subscriptions,Fixed
C938,card,2026-03-16,2026-03-01,BOOKMYSHOW,-1095.00,Entertainment,Discretionary
C939,card,2026-03-24,2026-03-01,POS TRUFFLES HYDERABAD,-562.00,Dining and delivery,Discretionary
C94,card,2022-03-17,2022-03-01,POS DMART AVENUE SUPERMARTS,-2162.00,Groceries,Discretionary
C940,card,2026-03-27,2026-03-01,POS TRUFFLES HYDERABAD,-237.00,Dining and delivery,Discretionary
C941,card,2026-03-27,2026-03-01,MYNTRA DESIGNS,-1180.00,Shopping,Discretionary
C942,card,2026-04-01,2026-04-01,CULTFIT MEMBERSHIP,-2860.00,Subscriptions,Fixed
C943,card,2026-04-02,2026-04-01,AMAZON PAY INDIA,-880.00,Shopping,Discretionary
C944,card,2026-04-03,2026-04-01,POS DMART AVENUE SUPERMARTS,-1158.00,Groceries,Discretionary
C945,card,2026-04-03,2026-04-01,PAYMENT RECEIVED - THANK YOU,18896.00,Card bill payment,Transfer
C946,card,2026-04-05,2026-04-01,IOCL FUEL,-2723.00,Transport,Discretionary
C947,card,2026-04-08,2026-04-01,NETFLIX.COM,-649.00,Subscriptions,Fixed
C948,card,2026-04-08,2026-04-01,FLIPKART,-886.00,Shopping,Discretionary
C949,card,2026-04-09,2026-04-01,AMAZON PAY INDIA REFUND,1549.00,Shopping,Discretionary
C95,card,2022-03-20,2022-03-01,POS TRUFFLES HYDERABAD,-390.00,Dining and delivery,Discretionary
C950,card,2026-04-11,2026-04-01,SPOTIFY INDIA,-119.00,Subscriptions,Fixed
C951,card,2026-04-11,2026-04-01,POS PARADISE BIRYANI HYDERABAD,-2248.00,Dining and delivery,Discretionary
C952,card,2026-04-14,2026-04-01,POS PARADISE BIRYANI HYDERABAD,-1168.00,Dining and delivery,Discretionary
C953,card,2026-04-15,2026-04-01,GOOGLE YOUTUBE PREMIUM,-149.00,Subscriptions,Fixed
C954,card,2026-04-19,2026-04-01,FLIPKART,-1385.00,Shopping,Discretionary
C955,card,2026-04-20,2026-04-01,POS DMART AVENUE SUPERMARTS,-2862.00,Groceries,Discretionary
C956,card,2026-04-23,2026-04-01,DECATHLON,-328.00,Shopping,Discretionary
C957,card,2026-04-26,2026-04-01,IOCL FUEL,-2497.00,Transport,Discretionary
C958,card,2026-04-26,2026-04-01,CASHBACK CREDIT,181.00,Cashback,Income
C959,card,2026-04-27,2026-04-01,POS CAFE NILOUFER HYDERABAD,-1166.00,Dining and delivery,Discretionary
C96,card,2022-03-20,2022-03-01,PRACTO CONSULTATION,-2448.00,Health,Discretionary
C960,card,2026-04-28,2026-04-01,BOOKMYSHOW,-790.00,Entertainment,Discretionary
C961,card,2026-05-01,2026-05-01,CULTFIT MEMBERSHIP,-2870.00,Subscriptions,Fixed
C962,card,2026-05-01,2026-05-01,AMAZON PAY INDIA,-811.00,Shopping,Discretionary
C963,card,2026-05-01,2026-05-01,MYNTRA DESIGNS,-3550.00,Shopping,Discretionary
C964,card,2026-05-03,2026-05-01,POS PARADISE BIRYANI HYDERABAD,-960.00,Dining and delivery,Discretionary
C965,card,2026-05-03,2026-05-01,PAYMENT RECEIVED - THANK YOU,20138.00,Card bill payment,Transfer
C966,card,2026-05-04,2026-05-01,POS DMART AVENUE SUPERMARTS,-2300.00,Groceries,Discretionary
C967,card,2026-05-04,2026-05-01,POS TRUFFLES HYDERABAD,-93.00,Dining and delivery,Discretionary
C968,card,2026-05-06,2026-05-01,PVR INOX,-661.00,Entertainment,Discretionary
C969,card,2026-05-08,2026-05-01,NETFLIX.COM,-649.00,Subscriptions,Fixed
C97,card,2022-03-22,2022-03-01,POS DMART AVENUE SUPERMARTS,-1365.00,Groceries,Discretionary
C970,card,2026-05-10,2026-05-01,IKEA HYDERABAD,-2489.00,Shopping,Discretionary
C971,card,2026-05-11,2026-05-01,SPOTIFY INDIA,-119.00,Subscriptions,Fixed
C972,card,2026-05-12,2026-05-01,POS DMART AVENUE SUPERMARTS,-1341.00,Groceries,Discretionary
C973,card,2026-05-15,2026-05-01,GOOGLE YOUTUBE PREMIUM,-149.00,Subscriptions,Fixed
C974,card,2026-05-17,2026-05-01,IOCL FUEL,-2259.00,Transport,Discretionary
C975,card,2026-05-18,2026-05-01,HPCL FUEL,-3037.00,Transport,Discretionary
C976,card,2026-05-28,2026-05-01,POS PARADISE BIRYANI HYDERABAD,-473.00,Dining and delivery,Discretionary
C977,card,2026-06-01,2026-06-01,CULTFIT MEMBERSHIP,-2890.00,Subscriptions,Fixed
C978,card,2026-06-03,2026-06-01,PAYMENT RECEIVED - THANK YOU,21761.00,Card bill payment,Transfer
C979,card,2026-06-04,2026-06-01,IOCL FUEL,-3071.00,Transport,Discretionary
C98,card,2022-03-23,2022-03-01,BOOKMYSHOW,-603.00,Entertainment,Discretionary
C980,card,2026-06-07,2026-06-01,AMAZON PAY INDIA,-825.00,Shopping,Discretionary
C981,card,2026-06-08,2026-06-01,NETFLIX.COM,-649.00,Subscriptions,Fixed
C982,card,2026-06-11,2026-06-01,SPOTIFY INDIA,-119.00,Subscriptions,Fixed
C983,card,2026-06-15,2026-06-01,GOOGLE YOUTUBE PREMIUM,-149.00,Subscriptions,Fixed
C984,card,2026-06-15,2026-06-01,POS CAFE NILOUFER HYDERABAD,-2334.00,Dining and delivery,Discretionary
C985,card,2026-06-17,2026-06-01,CASHBACK CREDIT,252.00,Cashback,Income
C986,card,2026-06-19,2026-06-01,POS DMART AVENUE SUPERMARTS,-890.00,Groceries,Discretionary
C987,card,2026-06-19,2026-06-01,POS PARADISE BIRYANI HYDERABAD,-377.00,Dining and delivery,Discretionary
C988,card,2026-06-20,2026-06-01,POS CAFE NILOUFER HYDERABAD,-1223.00,Dining and delivery,Discretionary
C989,card,2026-06-22,2026-06-01,IOCL FUEL,-2072.00,Transport,Discretionary
C99,card,2022-03-28,2022-03-01,AMAZON PAY INDIA REFUND,1665.00,Shopping,Discretionary
C990,card,2026-06-23,2026-06-01,POS PARADISE BIRYANI HYDERABAD,-2156.00,Dining and delivery,Discretionary
C991,card,2026-06-25,2026-06-01,POS TRUFFLES HYDERABAD,-566.00,Dining and delivery,Discretionary
C992,card,2026-06-25,2026-06-01,FLIPKART,-1719.00,Shopping,Discretionary
C993,card,2026-06-26,2026-06-01,POS VARUN MOTORS SERVICE,-4013.00,Transport,Discretionary
C994,card,2026-06-26,2026-06-01,BOOKMYSHOW,-620.00,Entertainment,Discretionary
C995,card,2026-07-01,2026-07-01,CULTFIT MEMBERSHIP,-2900.00,Subscriptions,Fixed
C996,card,2026-07-01,2026-07-01,AMAZON PAY INDIA,-2451.00,Shopping,Discretionary
C997,card,2026-07-02,2026-07-01,IOCL FUEL,-2883.00,Transport,Discretionary
C998,card,2026-07-03,2026-07-01,PAYMENT RECEIVED - THANK YOU,23421.00,Card bill payment,Transfer
C999,card,2026-07-05,2026-07-01,POS PARADISE BIRYANI HYDERABAD,-406.00,Dining and delivery,Discretionary
