txn_date,description,debit,credit,balance
2021-10-01,UPI/P2P/410000015838/LAKSHMI/maid salary,3000.0,0.0,197000.0
2021-10-02,IMPS/410000007919/TO FATHER/monthly support,6000.0,0.0,191000.0
2021-10-03,UPI/P2P/410000000000/RAMESH K/Rent,15000.0,0.0,176000.0
2021-10-03,UPI/P2M/410000118785/UBER INDIA,335.0,0.0,175665.0
2021-10-03,UPI/P2M/410000158380/OLA CABS,155.0,0.0,175510.0
2021-10-04,UPI/P2M/410000134623/OLA CABS,348.0,0.0,175162.0
2021-10-04,UPI/P2M/410000142542/HYD METRO RAIL,223.0,0.0,174939.0
2021-10-04,UPI/P2M/410000150461/OLA CABS,726.0,0.0,174213.0
2021-10-05,NACH/ACT FIBERNET/BROADBAND,1060.0,0.0,173153.0
2021-10-05,NACH/SBI/EDUCATION LOAN EMI/EDU-01,12896.0,0.0,160257.0
2021-10-06,ATM WDL/410000174218/HITECH CITY,2500.0,0.0,157757.0
2021-10-07,UPI/P2M/410000047514/BIGBASKET,788.0,0.0,156969.0
2021-10-07,UPI/P2M/410000055433/BIGBASKET,1933.0,0.0,155036.0
2021-10-07,NACH/BSE STAR MF/NIFTY 50 INDEX FUND SIP,6000.0,0.0,149036.0
2021-10-09,UPI/P2M/410000023757/AIRTEL PREPAID,299.0,0.0,148737.0
2021-10-13,BBPS/TGSPDCL/ELECTRICITY BILL,1686.0,0.0,147051.0
2021-10-13,UPI/P2M/410000110866/UBER INDIA,262.0,0.0,146789.0
2021-10-14,UPI/P2M/410000079190/SWIGGY,468.0,0.0,146321.0
2021-10-16,UPI/P2M/410000031676/BIGBASKET,818.0,0.0,145503.0
2021-10-16,UPI/P2M/410000166299/APOLLO PHARMACY,838.0,0.0,144665.0
2021-10-18,UPI/P2M/410000095028/ZOMATO,150.0,0.0,144515.0
2021-10-19,UPI/P2M/410000039595/BIGBASKET,1152.0,0.0,143363.0
2021-10-19,UPI/P2M/410000087109/SWIGGY,466.0,0.0,142897.0
2021-10-19,UPI/P2M/410000182137/TANISHQ / DIWALI GIFTS,10326.0,0.0,132571.0
2021-10-22,UPI/P2M/410000063352/ZEPTO,1041.0,0.0,131530.0
2021-10-22,UPI/P2M/410000126704/HYD METRO RAIL,293.0,0.0,131237.0
2021-10-26,UPI/P2M/410000071271/SWIGGY,84.0,0.0,131153.0
2021-10-27,UPI/P2M/410000102947/ZOMATO,235.0,0.0,130918.0
2021-10-30,NEFT/NIMBUS SOFTWARE PVT LTD/SALARY OCT21,0.0,95837.0,226755.0
2021-11-01,UPI/P2P/410000205894/LAKSHMI/maid salary,3000.0,0.0,223755.0
2021-11-01,UPI/P2M/410000229651/BIGBASKET,995.0,0.0,222760.0
2021-11-01,UPI/P2M/410000245489/BLINKIT,1090.0,0.0,221670.0
2021-11-02,IMPS/410000197975/TO FATHER/monthly support,6000.0,0.0,215670.0
2021-11-02,UPI/P2M/410000340517/APOLLO PHARMACY,582.0,0.0,215088.0
2021-11-03,UPI/P2P/410000190056/RAMESH K/Rent,15000.0,0.0,200088.0
2021-11-03,ATM WDL/410000348436/HITECH CITY,3000.0,0.0,197088.0
2021-11-03,CC BILL PAYMENT/HDFC CC XX4321,23753.0,0.0,173335.0
2021-11-05,NACH/ACT FIBERNET/BROADBAND,1060.0,0.0,172275.0
2021-11-05,NACH/SBI/EDUCATION LOAN EMI/EDU-01,12896.0,0.0,159379.0
2021-11-07,UPI/P2M/410000293003/OLA CABS,161.0,0.0,159218.0
2021-11-07,NACH/BSE STAR MF/NIFTY 50 INDEX FUND SIP,6000.0,0.0,153218.0
2021-11-08,UPI/P2M/410000253408/SWIGGY,477.0,0.0,152741.0
2021-11-09,UPI/P2M/410000213813/AIRTEL PREPAID,299.0,0.0,152442.0
2021-11-11,UPI/P2M/410000269246/SWIGGY,734.0,0.0,151708.0
2021-11-12,UPI/P2M/410000316760/HYD METRO RAIL,306.0,0.0,151402.0
2021-11-13,BBPS/TGSPDCL/ELECTRICITY BILL,1706.0,0.0,149696.0
2021-11-14,UPI/P2M/410000261327/SWIGGY,385.0,0.0,149311.0
2021-11-16,UPI/P2M/410000308841/HYD METRO RAIL,223.0,0.0,149088.0
2021-11-18,UPI/P2M/410000300922/RAPIDO,935.0,0.0,148153.0
2021-11-21,UPI/P2M/410000277165/ZOMATO,366.0,0.0,147787.0
2021-11-22,UPI/P2M/410000237570/BIGBASKET,2531.0,0.0,145256.0
2021-11-23,UPI/P2M/410000324679/UBER INDIA,372.0,0.0,144884.0
2021-11-23,UPI/P2M/410000356355/TANISHQ / DIWALI GIFTS,10618.0,0.0,134266.0
2021-11-25,UPI/P2M/410000332598/RAPIDO,505.0,0.0,133761.0
2021-11-26,UPI/P2M/410000285084/SWIGGY,1254.0,0.0,132507.0
2021-11-28,UPI/P2M/410000221732/BLINKIT,1285.0,0.0,131222.0
2021-11-29,NEFT/NIMBUS SOFTWARE PVT LTD/SALARY NOV21,0.0,95837.0,227059.0
2021-12-01,UPI/P2P/410000380112/LAKSHMI/maid salary,3000.0,0.0,224059.0
2021-12-02,IMPS/410000372193/TO FATHER/monthly support,6100.0,0.0,217959.0
2021-12-03,UPI/P2P/410000364274/RAMESH K/Rent,15000.0,0.0,202959.0
2021-12-03,UPI/P2M/410000475140/UBER INDIA,433.0,0.0,202526.0
2021-12-03,CC BILL PAYMENT/HDFC CC XX4321,19078.0,0.0,183448.0
2021-12-05,NACH/ACT FIBERNET/BROADBAND,1060.0,0.0,182388.0
2021-12-05,NACH/SBI/EDUCATION LOAN EMI/EDU-01,12896.0,0.0,169492.0
2021-12-07,NACH/BSE STAR MF/NIFTY 50 INDEX FUND SIP,6000.0,0.0,163492.0
2021-12-08,UPI/P2M/410000388031/AIRTEL PREPAID,299.0,0.0,163193.0
2021-12-08,UPI/P2M/410000411788/ZEPTO,1200.0,0.0,161993.0
2021-12-12,UPI/P2M/410000451383/ZOMATO,921.0,0.0,161072.0
2021-12-12,UPI/P2M/410000506816/UBER INDIA,270.0,0.0,160802.0
2021-12-13,UPI/P2M/410000467221/ZOMATO,769.0,0.0,160033.0
2021-12-14,BBPS/TGSPDCL/ELECTRICITY BILL,1674.0,0.0,158359.0
2021-12-16,UPI/P2M/410000514735/RAPIDO,376.0,0.0,157983.0
2021-12-17,UPI/P2M/410000395950/BLINKIT,1096.0,0.0,156887.0
2021-12-18,UPI/P2M/410000498897/RAPIDO,526.0,0.0,156361.0
2021-12-19,UPI/P2M/410000490978/OLA CABS,864.0,0.0,155497.0
2021-12-20,UPI/P2M/410000427626/BLINKIT,1320.0,0.0,154177.0
2021-12-21,UPI/P2M/410000443464/SWIGGY,1661.0,0.0,152516.0
2021-12-22,ATM WDL/410000530573/HITECH CITY,3000.0,0.0,149516.0
2021-12-23,UPI/P2M/410000403869/BLINKIT,1371.0,0.0,148145.0
2021-12-23,UPI/P2M/410000419707/BIGBASKET,522.0,0.0,147623.0
2021-12-23,UPI/P2M/410000483059/RAPIDO,210.0,0.0,147413.0
2021-12-25,UPI/P2M/410000522654/APOLLO PHARMACY,641.0,0.0,146772.0
2021-12-26,UPI/P2M/410000459302/SWIGGY,1054.0,0.0,145718.0
2021-12-27,UPI/P2M/410000435545/ZOMATO,270.0,0.0,145448.0
2021-12-30,NEFT/NIMBUS SOFTWARE PVT LTD/SALARY DEC21,0.0,95837.0,241285.0
2022-01-01,UPI/P2P/410000554330/LAKSHMI/maid salary,3000.0,0.0,238285.0
2022-01-01,UPI/P2M/410000681034/UBER INDIA,410.0,0.0,237875.0
2022-01-02,IMPS/410000546411/TO FATHER/monthly support,6100.0,0.0,231775.0
2022-01-03,UPI/P2P/410000538492/RAMESH K/Rent,15000.0,0.0,216775.0
2022-01-03,UPI/P2M/410000586006/BLINKIT,1218.0,0.0,215557.0
2022-01-03,UPI/P2M/410000609763/SWIGGY,552.0,0.0,215005.0
2022-01-03,CC BILL PAYMENT/HDFC CC XX4321,52764.0,0.0,162241.0
2022-01-04,UPI/P2M/410000657277/SWIGGY,160.0,0.0,162081.0
2022-01-05,NACH/ACT FIBERNET/BROADBAND,1060.0,0.0,161021.0
2022-01-05,NACH/SBI/EDUCATION LOAN EMI/EDU-01,12896.0,0.0,148125.0
2022-01-05,UPI/P2M/410000649358/SWIGGY,535.0,0.0,147590.0
2022-01-07,UPI/P2M/410000562249/AIRTEL PREPAID,299.0,0.0,147291.0
2022-01-07,UPI/P2M/410000570168/BLINKIT,449.0,0.0,146842.0
2022-01-07,UPI/P2M/410000625601/SWIGGY,329.0,0.0,146513.0
2022-01-07,UPI/P2M/410000673115/UBER INDIA,640.0,0.0,145873.0
2022-01-07,NACH/BSE STAR MF/NIFTY 50 INDEX FUND SIP,6000.0,0.0,139873.0
2022-01-08,UPI/P2M/410000601844/BLINKIT,2824.0,0.0,137049.0
2022-01-08,UPI/P2M/410000633520/SWIGGY,328.0,0.0,136721.0
2022-01-11,BBPS/TGSPDCL/ELECTRICITY BILL,1427.0,0.0,135294.0
2022-01-11,ATM WDL/410000720629/HITECH CITY,3000.0,0.0,132294.0
2022-01-12,UPI/P2M/410000688953/UBER INDIA,118.0,0.0,132176.0
2022-01-16,UPI/P2M/410000578087/BLINKIT,2766.0,0.0,129410.0
2022-01-19,UPI/P2M/410000712710/APOLLO PHARMACY,708.0,0.0,128702.0
2022-01-24,UPI/P2M/410000704791/UBER INDIA,468.0,0.0,128234.0
2022-01-25,UPI/P2M/410000665196/HYD METRO RAIL,612.0,0.0,127622.0
2022-01-27,UPI/P2M/410000617682/SWIGGY,60.0,0.0,127562.0
2022-01-27,UPI/P2M/410000696872/RAPIDO,673.0,0.0,126889.0
2022-01-28,UPI/P2M/410000593925/ZEPTO,1159.0,0.0,125730.0
2022-01-28,UPI/P2M/410000641439/ZOMATO,230.0,0.0,125500.0
2022-01-30,NEFT/NIMBUS SOFTWARE PVT LTD/SALARY JAN22,0.0,95837.0,221337.0
2022-02-01,UPI/P2P/410000744386/LAKSHMI/maid salary,3100.0,0.0,218237.0
2022-02-02,IMPS/410000736467/TO FATHER/monthly support,6100.0,0.0,212137.0
2022-02-03,UPI/P2P/410000728548/RAMESH K/Rent,15000.0,0.0,197137.0
2022-02-03,CC BILL PAYMENT/HDFC CC XX4321,23482.0,0.0,173655.0
2022-02-04,UPI/P2M/410000807738/ZOMATO,213.0,0.0,173442.0
2022-02-05,NACH/ACT FIBERNET/BROADBAND,1060.0,0.0,172382.0
2022-02-05,NACH/SBI/EDUCATION LOAN EMI/EDU-01,12896.0,0.0,159486.0
2022-02-06,UPI/P2M/410000823576/SWIGGY,489.0,0.0,158997.0
2022-02-06,UPI/P2M/410000839414/HYD METRO RAIL,665.0,0.0,158332.0
2022-02-07,UPI/P2M/410000752305/AIRTEL PREPAID,299.0,0.0,158033.0
2022-02-07,NACH/BSE STAR MF/NIFTY 50 INDEX FUND SIP,6000.0,0.0,152033.0
2022-02-08,UPI/P2M/410000855252/HYD METRO RAIL,502.0,0.0,151531.0
2022-02-09,UPI/P2M/410000831495/UBER INDIA,237.0,0.0,151294.0
2022-02-12,UPI/P2M/410000776062/BIGBASKET,994.0,0.0,150300.0
2022-02-13,UPI/P2M/410000879009/RAPIDO,379.0,0.0,149921.0
2022-02-14,BBPS/TGSPDCL/ELECTRICITY BILL,1352.0,0.0,148569.0
2022-02-14,UPI/P2M/410000863171/UBER INDIA,533.0,0.0,148036.0
2022-02-15,UPI/P2M/410000886928/APOLLO PHARMACY,382.0,0.0,147654.0
2022-02-17,UPI/P2M/410000815657/SWIGGY,700.0,0.0,146954.0
2022-02-20,UPI/P2M/410000768143/BLINKIT,830.0,0.0,146124.0
2022-02-20,UPI/P2M/410000799819/SWIGGY,915.0,0.0,145209.0
2022-02-21,UPI/P2M/410000760224/BLINKIT,423.0,0.0,144786.0
2022-02-21,UPI/P2M/410000791900/SWIGGY,1015.0,0.0,143771.0
2022-02-21,UPI/P2M/410000847333/RAPIDO,235.0,0.0,143536.0
2022-02-24,UPI/P2M/410000783981/BIGBASKET,3145.0,0.0,140391.0
2022-02-24,ATM WDL/410000894847/HITECH CITY,2500.0,0.0,137891.0
2022-02-25,UPI/P2M/410000871090/RAPIDO,216.0,0.0,137675.0
2022-02-27,NEFT/NIMBUS SOFTWARE PVT LTD/SALARY FEB22,0.0,95837.0,233512.0
2022-03-01,UPI/P2P/410000918604/LAKSHMI/maid salary,3100.0,0.0,230412.0
2022-03-02,IMPS/410000910685/TO FATHER/monthly support,6100.0,0.0,224312.0
2022-03-02,UPI/P2M/410000974037/SWIGGY,847.0,0.0,223465.0
2022-03-02,UPI/P2M/410001037389/HYD METRO RAIL,126.0,0.0,223339.0
2022-03-03,UPI/P2P/410000902766/RAMESH K/Rent,15000.0,0.0,208339.0
2022-03-03,CC BILL PAYMENT/HDFC CC XX4321,11609.0,0.0,196730.0
2022-03-04,UPI/P2M/410001053227/OLA CABS,361.0,0.0,196369.0
2022-03-05,NACH/ACT FIBERNET/BROADBAND,1060.0,0.0,195309.0
2022-03-05,NACH/SBI/EDUCATION LOAN EMI/EDU-01,12896.0,0.0,182413.0
2022-03-05,UPI/P2M/410000997794/ZOMATO,729.0,0.0,181684.0
2022-03-06,ATM WDL/410001084903/HITECH CITY,3000.0,0.0,178684.0
2022-03-07,UPI/P2M/410001045308/HYD METRO RAIL,310.0,0.0,178374.0
2022-03-07,NACH/BSE STAR MF/NIFTY 50 INDEX FUND SIP,6000.0,0.0,172374.0
2022-03-08,UPI/P2M/410000926523/AIRTEL PREPAID,299.0,0.0,172075.0
2022-03-08,UPI/P2M/410001029470/HYD METRO RAIL,74.0,0.0,172001.0
2022-03-10,UPI/P2M/410001021551/UBER INDIA,816.0,0.0,171185.0
2022-03-10,UPI/P2M/410001069065/RAPIDO,242.0,0.0,170943.0
2022-03-12,UPI/P2M/410001076984/APOLLO PHARMACY,600.0,0.0,170343.0
2022-03-14,BBPS/TGSPDCL/ELECTRICITY BILL,1337.0,0.0,169006.0
2022-03-14,UPI/P2M/410000981956/SWIGGY,745.0,0.0,168261.0
2022-03-14,UPI/P2M/410001061146/UBER INDIA,352.0,0.0,167909.0
2022-03-15,UPI/P2M/410000934442/BIGBASKET,490.0,0.0,167419.0
2022-03-17,UPI/P2M/410001005713/ZOMATO,1340.0,0.0,166079.0
2022-03-18,UPI/P2M/410000950280/BLINKIT,1399.0,0.0,164680.0
2022-03-20,UPI/P2M/410000958199/BIGBASKET,875.0,0.0,163805.0
2022-03-21,UPI/P2M/410000966118/SWIGGY,432.0,0.0,163373.0
2022-03-21,UPI/P2M/410001013632/ZOMATO,689.0,0.0,162684.0
2022-03-22,UPI/P2M/410000942361/BIGBASKET,1244.0,0.0,161440.0
2022-03-23,UPI/P2M/410000989875/SWIGGY,963.0,0.0,160477.0
2022-03-30,NEFT/NIMBUS SOFTWARE PVT LTD/SALARY MAR22,0.0,95837.0,256314.0
2022-04-01,UPI/P2P/410001108660/LAKSHMI/maid salary,3100.0,0.0,253214.0
2022-04-02,IMPS/410001100741/TO FATHER/monthly support,6200.0,0.0,247014.0
2022-04-02,UPI/P2M/410001251202/HYD METRO RAIL,381.0,0.0,246633.0
2022-04-03,UPI/P2P/410001092822/RAMESH K/Rent,15000.0,0.0,231633.0
2022-04-03,CC BILL PAYMENT/HDFC CC XX4321,15155.0,0.0,216478.0
2022-04-05,NACH/ACT FIBERNET/BROADBAND,1060.0,0.0,215418.0
2022-04-05,NACH/SBI/EDUCATION LOAN EMI/EDU-01,12896.0,0.0,202522.0
2022-04-06,UPI/P2M/410001227445/HYD METRO RAIL,238.0,0.0,202284.0
2022-04-07,NACH/BSE STAR MF/NIFTY 50 INDEX FUND SIP,6600.0,0.0,195684.0
2022-04-07,NACH/BSE STAR MF/SHORT TERM DEBT FUND SIP,3000.0,0.0,192684.0
2022-04-08,UPI/P2M/410001156174/BLINKIT,1053.0,0.0,191631.0
2022-04-09,UPI/P2M/410001116579/AIRTEL PREPAID,299.0,0.0,191332.0
2022-04-09,UPI/P2M/410001187850/SWIGGY,693.0,0.0,190639.0
2022-04-11,UPI/P2M/410001267040/APOLLO PHARMACY,863.0,0.0,189776.0
2022-04-12,UPI/P2M/410001124498/BLINKIT,1951.0,0.0,187825.0
2022-04-13,UPI/P2M/410001243283/OLA CABS,181.0,0.0,187644.0
2022-04-14,BBPS/TGSPDCL/ELECTRICITY BILL,2711.0,0.0,184933.0
2022-04-14,UPI/P2M/410001211607/SWIGGY,945.0,0.0,183988.0
2022-04-14,UPI/P2M/410001259121/HYD METRO RAIL,178.0,0.0,183810.0
2022-04-15,NEFT/NIMBUS SOFTWARE PVT LTD/PERF BONUS FY21,0.0,87000.0,270810.0
2022-04-15,UPI/P2M/410001172012/SWIGGY,959.0,0.0,269851.0
2022-04-17,UPI/P2M/410001235364/RAPIDO,864.0,0.0,268987.0
2022-04-18,UPI/P2M/410001195769/SWIGGY,792.0,0.0,268195.0
2022-04-20,FD BOOKED/FD-01/AUTO RENEW,100000.0,0.0,168195.0
2022-04-22,UPI/P2M/410001132417/BIGBASKET,2827.0,0.0,165368.0
2022-04-22,UPI/P2M/410001179931/ZOMATO,158.0,0.0,165210.0
2022-04-22,UPI/P2M/410001219526/UBER INDIA,336.0,0.0,164874.0
2022-04-25,UPI/P2M/410001140336/BIGBASKET,2044.0,0.0,162830.0
2022-04-27,UPI/P2M/410001164093/SWIGGY,398.0,0.0,162432.0
2022-04-27,ATM WDL/410001274959/HITECH CITY,3000.0,0.0,159432.0
2022-04-28,UPI/P2M/410001148255/ZEPTO,860.0,0.0,158572.0
2022-04-28,UPI/P2M/410001203688/SWIGGY,760.0,0.0,157812.0
2022-04-29,NEFT/NIMBUS SOFTWARE PVT LTD/SALARY APR22,0.0,102983.0,260795.0
2022-05-01,UPI/P2P/410001298716/LAKSHMI/maid salary,3100.0,0.0,257695.0
2022-05-01,ATM WDL/410001441258/HITECH CITY,3000.0,0.0,254695.0
2022-05-02,IMPS/410001290797/TO FATHER/monthly support,6200.0,0.0,248495.0
2022-05-03,UPI/P2P/410001282878/RAMESH K/Rent,15000.0,0.0,233495.0
2022-05-03,CC BILL PAYMENT/HDFC CC XX4321,9072.0,0.0,224423.0
2022-05-05,NACH/ACT FIBERNET/BROADBAND,1060.0,0.0,223363.0
2022-05-05,NACH/SBI/EDUCATION LOAN EMI/EDU-01,12896.0,0.0,210467.0
2022-05-05,UPI/P2M/410001385825/RAPIDO,395.0,0.0,210072.0
2022-05-06,UPI/P2M/410001306635/AIRTEL PREPAID,299.0,0.0,209773.0
2022-05-06,UPI/P2M/410001338311/BIGBASKET,435.0,0.0,209338.0
2022-05-07,UPI/P2M/410001314554/BIGBASKET,1667.0,0.0,207671.0
2022-05-07,NACH/BSE STAR MF/NIFTY 50 INDEX FUND SIP,6600.0,0.0,201071.0
2022-05-07,NACH/BSE STAR MF/SHORT TERM DEBT FUND SIP,3000.0,0.0,198071.0
2022-05-09,UPI/P2M/410001354149/ZOMATO,1629.0,0.0,196442.0
2022-05-09,UPI/P2M/410001377906/OLA CABS,455.0,0.0,195987.0
2022-05-10,BSE STAR MF/NIFTY 50 INDEX FUND LUMPSUM,70000.0,0.0,125987.0
2022-05-12,UPI/P2M/410001393744/OLA CABS,275.0,0.0,125712.0
2022-05-13,UPI/P2M/410001369987/SWIGGY,475.0,0.0,125237.0
2022-05-14,BBPS/TGSPDCL/ELECTRICITY BILL,2842.0,0.0,122395.0
2022-05-17,UPI/P2M/410001330392/BIGBASKET,896.0,0.0,121499.0
2022-05-17,UPI/P2M/410001425420/UBER INDIA,242.0,0.0,121257.0
2022-05-18,UPI/P2M/410001409582/HYD METRO RAIL,422.0,0.0,120835.0
2022-05-21,UPI/P2M/410001322473/BIGBASKET,1294.0,0.0,119541.0
2022-05-21,UPI/P2M/410001362068/SWIGGY,854.0,0.0,118687.0
2022-05-21,UPI/P2M/410001417501/HYD METRO RAIL,687.0,0.0,118000.0
2022-05-21,UPI/P2M/410001433339/APOLLO PHARMACY,646.0,0.0,117354.0
2022-05-24,UPI/P2M/410001401663/HYD METRO RAIL,640.0,0.0,116714.0
2022-05-26,UPI/P2M/410001346230/ZOMATO,448.0,0.0,116266.0
2022-05-30,NEFT/NIMBUS SOFTWARE PVT LTD/SALARY MAY22,0.0,102983.0,219249.0
2022-06-01,UPI/P2P/410001465015/LAKSHMI/maid salary,3100.0,0.0,216149.0
2022-06-02,IMPS/410001457096/TO FATHER/monthly support,6200.0,0.0,209949.0
2022-06-02,UPI/P2M/410001504610/BIGBASKET,2619.0,0.0,207330.0
2022-06-02,UPI/P2M/410001520448/BIGBASKET,1678.0,0.0,205652.0
2022-06-03,UPI/P2P/410001449177/RAMESH K/Rent,15000.0,0.0,190652.0
2022-06-03,CC BILL PAYMENT/HDFC CC XX4321,59783.0,0.0,130869.0
2022-06-04,UPI/P2M/410001623395/OLA CABS,589.0,0.0,130280.0
2022-06-05,NACH/ACT FIBERNET/BROADBAND,1060.0,0.0,129220.0
2022-06-05,NACH/SBI/EDUCATION LOAN EMI/EDU-01,12896.0,0.0,116324.0
2022-06-05,UPI/P2M/410001583800/RAPIDO,255.0,0.0,116069.0
2022-06-07,NACH/BSE STAR MF/NIFTY 50 INDEX FUND SIP,6600.0,0.0,109469.0
2022-06-07,NACH/BSE STAR MF/SHORT TERM DEBT FUND SIP,3000.0,0.0,106469.0
2022-06-08,UPI/P2M/410001631314/APOLLO PHARMACY,509.0,0.0,105960.0
2022-06-09,UPI/P2M/410001472934/AIRTEL PREPAID,299.0,0.0,105661.0
2022-06-09,UPI/P2M/410001560043/ZOMATO,1022.0,0.0,104639.0
2022-06-10,NACH/HDFC LIFE/TERM PREMIUM,11800.0,0.0,92839.0
2022-06-11,UPI/P2M/410001607557/HYD METRO RAIL,348.0,0.0,92491.0
2022-06-12,BBPS/TGSPDCL/ELECTRICITY BILL,2813.0,0.0,89678.0
2022-06-12,UPI/P2M/410001496691/BLINKIT,876.0,0.0,88802.0
2022-06-12,UPI/P2M/410001536286/ZOMATO,395.0,0.0,88407.0
2022-06-12,UPI/P2M/410001591719/HYD METRO RAIL,345.0,0.0,88062.0
2022-06-15,UPI/P2M/410001488772/ZEPTO,616.0,0.0,87446.0
2022-06-15,UPI/P2M/410001615476/OLA CABS,269.0,0.0,87177.0
2022-06-17,UPI/P2M/410001512529/ZEPTO,553.0,0.0,86624.0
2022-06-18,UPI/P2M/410001544205/SWIGGY,671.0,0.0,85953.0
2022-06-20,UPI/P2M/410001575881/SWIGGY,568.0,0.0,85385.0
2022-06-22,UPI/P2M/410001528367/SWIGGY,402.0,0.0,84983.0
2022-06-24,UPI/P2M/410001480853/BLINKIT,1506.0,0.0,83477.0
2022-06-24,UPI/P2M/410001567962/SWIGGY,663.0,0.0,82814.0
2022-06-25,UPI/P2M/410001599638/RAPIDO,373.0,0.0,82441.0
2022-06-26,UPI/P2M/410001552124/ZOMATO,741.0,0.0,81700.0
2022-06-26,ATM WDL/410001639233/HITECH CITY,2500.0,0.0,79200.0
2022-06-29,NEFT/NIMBUS SOFTWARE PVT LTD/SALARY JUN22,0.0,102983.0,182183.0
2022-07-01,UPI/P2P/410001662990/LAKSHMI/maid salary,3100.0,0.0,179083.0
2022-07-01,UPI/P2M/410001750099/SWIGGY,485.0,0.0,178598.0
2022-07-02,IMPS/410001655071/TO FATHER/monthly support,6300.0,0.0,172298.0
2022-07-02,UPI/P2M/410001710504/BLINKIT,2091.0,0.0,170207.0
2022-07-03,UPI/P2P/410001647152/RAMESH K/Rent,15000.0,0.0,155207.0
2022-07-03,UPI/P2M/410001781775/HYD METRO RAIL,999.0,0.0,154208.0
2022-07-03,CC BILL PAYMENT/HDFC CC XX4321,12027.0,0.0,142181.0
2022-07-05,NACH/ACT FIBERNET/BROADBAND,1060.0,0.0,141121.0
2022-07-05,NACH/SBI/EDUCATION LOAN EMI/EDU-01,12896.0,0.0,128225.0
2022-07-06,UPI/P2M/410001670909/AIRTEL PREPAID,299.0,0.0,127926.0
2022-07-06,UPI/P2M/410001726342/SWIGGY,578.0,0.0,127348.0
2022-07-07,NACH/BSE STAR MF/NIFTY 50 INDEX FUND SIP,6600.0,0.0,120748.0
2022-07-07,NACH/BSE STAR MF/SHORT TERM DEBT FUND SIP,3000.0,0.0,117748.0
2022-07-10,BBPS/TGSPDCL/ELECTRICITY BILL,1778.0,0.0,115970.0
2022-07-13,UPI/P2M/410001694666/BIGBASKET,1697.0,0.0,114273.0
2022-07-14,UPI/P2M/410001805532/OLA CABS,301.0,0.0,113972.0
2022-07-14,UPI/P2M/410001821370/UBER INDIA,298.0,0.0,113674.0
2022-07-17,UPI/P2M/410001742180/ZOMATO,335.0,0.0,113339.0
2022-07-19,UPI/P2M/410001734261/SWIGGY,309.0,0.0,113030.0
2022-07-20,UPI/P2M/410001686747/BLINKIT,1964.0,0.0,111066.0
2022-07-20,UPI/P2M/410001797613/HYD METRO RAIL,309.0,0.0,110757.0
2022-07-23,UPI/P2M/410001702585/ZEPTO,2439.0,0.0,108318.0
2022-07-23,UPI/P2M/410001765937/ZOMATO,985.0,0.0,107333.0
2022-07-23,UPI/P2M/410001813451/UBER INDIA,287.0,0.0,107046.0
2022-07-23,ATM WDL/410001837208/HITECH CITY,2500.0,0.0,104546.0
2022-07-25,UPI/P2M/410001718423/SWIGGY,268.0,0.0,104278.0
2022-07-25,UPI/P2M/410001758018/ZOMATO,197.0,0.0,104081.0
2022-07-25,UPI/P2M/410001789694/UBER INDIA,294.0,0.0,103787.0
2022-07-26,UPI/P2M/410001678828/BIGBASKET,807.0,0.0,102980.0
2022-07-26,UPI/P2M/410001773856/ZOMATO,370.0,0.0,102610.0
2022-07-26,UPI/P2M/410001829289/APOLLO PHARMACY,414.0,0.0,102196.0
2022-07-30,NEFT/NIMBUS SOFTWARE PVT LTD/SALARY JUL22,0.0,102983.0,205179.0
2022-08-01,UPI/P2P/410001860965/LAKSHMI/maid salary,3100.0,0.0,202079.0
2022-08-01,UPI/P2M/410001876803/BLINKIT,2098.0,0.0,199981.0
2022-08-02,IMPS/410001853046/TO FATHER/monthly support,6300.0,0.0,193681.0
2022-08-03,UPI/P2P/410001845127/RAMESH K/Rent,15000.0,0.0,178681.0
2022-08-03,UPI/P2M/410001924317/ZOMATO,354.0,0.0,178327.0
2022-08-03,CC BILL PAYMENT/HDFC CC XX4321,11397.0,0.0,166930.0
2022-08-05,NACH/ACT FIBERNET/BROADBAND,1060.0,0.0,165870.0
2022-08-05,NACH/SBI/EDUCATION LOAN EMI/EDU-01,12896.0,0.0,152974.0
2022-08-05,UPI/P2M/410001932236/SWIGGY,619.0,0.0,152355.0
2022-08-07,UPI/P2M/410001971831/APOLLO PHARMACY,592.0,0.0,151763.0
2022-08-07,NACH/BSE STAR MF/NIFTY 50 INDEX FUND SIP,6600.0,0.0,145163.0
2022-08-07,NACH/BSE STAR MF/SHORT TERM DEBT FUND SIP,3000.0,0.0,142163.0
2022-08-08,UPI/P2M/410001868884/AIRTEL PREPAID,299.0,0.0,141864.0
2022-08-08,UPI/P2M/410001900560/SWIGGY,218.0,0.0,141646.0
2022-08-11,UPI/P2M/410001908479/ZOMATO,642.0,0.0,141004.0
2022-08-14,BBPS/TGSPDCL/ELECTRICITY BILL,1379.0,0.0,139625.0
2022-08-16,UPI/P2M/410001955993/OLA CABS,1642.0,0.0,137983.0
2022-08-18,UPI/P2M/410001940155/SWIGGY,266.0,0.0,137717.0
2022-08-21,UPI/P2M/410001963912/UBER INDIA,529.0,0.0,137188.0
2022-08-22,UPI/P2M/410001892641/SWIGGY,387.0,0.0,136801.0
2022-08-22,ATM WDL/410001979750/HITECH CITY,3000.0,0.0,133801.0
2022-08-24,UPI/P2M/410001884722/BLINKIT,1397.0,0.0,132404.0
2022-08-26,UPI/P2M/410001948074/RAPIDO,271.0,0.0,132133.0
2022-08-27,UPI/P2M/410001916398/SWIGGY,725.0,0.0,131408.0
2022-08-30,NEFT/NIMBUS SOFTWARE PVT LTD/SALARY AUG22,0.0,102983.0,234391.0
2022-09-01,UPI/P2P/410002003507/LAKSHMI/maid salary,3200.0,0.0,231191.0
2022-09-02,IMPS/410001995588/TO FATHER/monthly support,6300.0,0.0,224891.0
2022-09-03,UPI/P2P/410001987669/RAMESH K/Rent,15000.0,0.0,209891.0
2022-09-03,CC BILL PAYMENT/HDFC CC XX4321,18289.0,0.0,191602.0
2022-09-04,UPI/P2M/410002098535/RAPIDO,359.0,0.0,191243.0
2022-09-04,UPI/P2M/410002114373/UBER INDIA,735.0,0.0,190508.0
2022-09-05,NACH/ACT FIBERNET/BROADBAND,1060.0,0.0,189448.0
2022-09-05,NACH/SBI/EDUCATION LOAN EMI/EDU-01,12896.0,0.0,176552.0
2022-09-07,UPI/P2M/410002051021/BIGBASKET,1514.0,0.0,175038.0
2022-09-07,NACH/BSE STAR MF/NIFTY 50 INDEX FUND SIP,6600.0,0.0,168438.0
2022-09-07,NACH/BSE STAR MF/SHORT TERM DEBT FUND SIP,3000.0,0.0,165438.0
2022-09-08,UPI/P2M/410002011426/AIRTEL PREPAID,299.0,0.0,165139.0
2022-09-08,UPI/P2M/410002019345/BLINKIT,981.0,0.0,164158.0
2022-09-09,UPI/P2M/410002138130/APOLLO PHARMACY,789.0,0.0,163369.0
2022-09-09,ATM WDL/410002146049/HITECH CITY,2000.0,0.0,161369.0
2022-09-10,UPI/P2M/410002066859/ZOMATO,215.0,0.0,161154.0
2022-09-11,UPI/P2M/410002058940/ZOMATO,542.0,0.0,160612.0
2022-09-11,UPI/P2M/410002122292/RAPIDO,375.0,0.0,160237.0
2022-09-14,BBPS/TGSPDCL/ELECTRICITY BILL,1508.0,0.0,158729.0
2022-09-14,UPI/P2M/410002130211/UBER INDIA,694.0,0.0,158035.0
2022-09-15,UPI/P2M/410002027264/BIGBASKET,1142.0,0.0,156893.0
2022-09-18,UPI/P2M/410002090616/OLA CABS,217.0,0.0,156676.0
2022-09-19,UPI/P2M/410002074778/ZOMATO,1141.0,0.0,155535.0
2022-09-20,UPI/P2M/410002035183/ZEPTO,1741.0,0.0,153794.0
2022-09-20,UPI/P2M/410002082697/ZOMATO,961.0,0.0,152833.0
2022-09-25,UPI/P2M/410002106454/RAPIDO,194.0,0.0,152639.0
2022-09-27,UPI/P2M/410002043102/ZEPTO,1032.0,0.0,151607.0
2022-09-29,NEFT/NIMBUS SOFTWARE PVT LTD/SALARY SEP22,0.0,102983.0,254590.0
2022-10-01,UPI/P2P/410002169806/LAKSHMI/maid salary,3200.0,0.0,251390.0
2022-10-02,IMPS/410002161887/TO FATHER/monthly support,6400.0,0.0,244990.0
2022-10-03,UPI/P2P/410002153968/RAMESH K/Rent,15800.0,0.0,229190.0
2022-10-03,UPI/P2M/410002217320/BIGBASKET,398.0,0.0,228792.0
2022-10-03,UPI/P2M/410002272753/OLA CABS,534.0,0.0,228258.0
2022-10-03,CC BILL PAYMENT/HDFC CC XX4321,19285.0,0.0,208973.0
2022-10-05,NACH/ACT FIBERNET/BROADBAND,1060.0,0.0,207913.0
2022-10-05,NACH/SBI/EDUCATION LOAN EMI/EDU-01,12896.0,0.0,195017.0
2022-10-06,UPI/P2M/410002193563/BLINKIT,2501.0,0.0,192516.0
2022-10-06,UPI/P2M/410002280672/RAPIDO,166.0,0.0,192350.0
2022-10-07,NACH/BSE STAR MF/NIFTY 50 INDEX FUND SIP,6600.0,0.0,185750.0
2022-10-07,NACH/BSE STAR MF/SHORT TERM DEBT FUND SIP,3000.0,0.0,182750.0
2022-10-08,UPI/P2M/410002177725/AIRTEL PREPAID,299.0,0.0,182451.0
2022-10-09,UPI/P2M/410002288591/UBER INDIA,302.0,0.0,182149.0
2022-10-09,UPI/P2M/410002296510/RAPIDO,557.0,0.0,181592.0
2022-10-12,UPI/P2M/410002201482/ZEPTO,570.0,0.0,181022.0
2022-10-12,UPI/P2M/410002241077/SWIGGY,137.0,0.0,180885.0
2022-10-13,UPI/P2M/410002225239/ZEPTO,1089.0,0.0,179796.0
2022-10-13,UPI/P2M/410002256915/ZOMATO,130.0,0.0,179666.0
2022-10-14,BBPS/TGSPDCL/ELECTRICITY BILL,1767.0,0.0,177899.0
2022-10-14,UPI/P2M/410002185644/ZEPTO,996.0,0.0,176903.0
2022-10-14,UPI/P2M/410002248996/ZOMATO,1179.0,0.0,175724.0
2022-10-19,UPI/P2M/410002328186/TANISHQ / DIWALI GIFTS,12362.0,0.0,163362.0
2022-10-21,UPI/P2M/410002209401/BIGBASKET,779.0,0.0,162583.0
2022-10-23,UPI/P2M/410002233158/SWIGGY,980.0,0.0,161603.0
2022-10-26,ATM WDL/410002320267/HITECH CITY,2000.0,0.0,159603.0
2022-10-28,UPI/P2M/410002264834/SWIGGY,841.0,0.0,158762.0
2022-10-28,UPI/P2M/410002304429/RAPIDO,1206.0,0.0,157556.0
2022-10-28,UPI/P2M/410002312348/APOLLO PHARMACY,411.0,0.0,157145.0
2022-10-30,NEFT/NIMBUS SOFTWARE PVT LTD/SALARY OCT22,0.0,102983.0,260128.0
2022-11-01,UPI/P2P/410002351943/LAKSHMI/maid salary,3200.0,0.0,256928.0
2022-11-02,IMPS/410002344024/TO FATHER/monthly support,6400.0,0.0,250528.0
2022-11-03,UPI/P2P/410002336105/RAMESH K/Rent,15800.0,0.0,234728.0
2022-11-03,UPI/P2M/410002407376/SWIGGY,1044.0,0.0,233684.0
2022-11-03,UPI/P2M/410002478647/UBER INDIA,235.0,0.0,233449.0
2022-11-03,CC BILL PAYMENT/HDFC CC XX4321,19354.0,0.0,214095.0
2022-11-05,NACH/ACT FIBERNET/BROADBAND,1060.0,0.0,213035.0
2022-11-05,NACH/SBI/EDUCATION LOAN EMI/EDU-01,12896.0,0.0,200139.0
2022-11-06,UPI/P2M/410002383619/ZEPTO,825.0,0.0,199314.0
2022-11-06,UPI/P2M/410002431133/SWIGGY,587.0,0.0,198727.0
2022-11-06,ATM WDL/410002502404/HITECH CITY,2500.0,0.0,196227.0
2022-11-07,UPI/P2M/410002454890/OLA CABS,768.0,0.0,195459.0
2022-11-07,NACH/BSE STAR MF/NIFTY 50 INDEX FUND SIP,6600.0,0.0,188859.0
2022-11-07,NACH/BSE STAR MF/SHORT TERM DEBT FUND SIP,3000.0,0.0,185859.0
2022-11-08,UPI/P2M/410002359862/AIRTEL PREPAID,299.0,0.0,185560.0
2022-11-09,UPI/P2M/410002462809/OLA CABS,699.0,0.0,184861.0
2022-11-10,BSE STAR MF/NIFTY 50 INDEX FUND LUMPSUM,20000.0,0.0,164861.0
2022-11-12,UPI/P2M/410002375700/BLINKIT,1854.0,0.0,163007.0
2022-11-13,BBPS/TGSPDCL/ELECTRICITY BILL,1407.0,0.0,161600.0
2022-11-13,UPI/P2M/410002367781/ZEPTO,740.0,0.0,160860.0
2022-11-14,UPI/P2M/410002391538/ZEPTO,2176.0,0.0,158684.0
2022-11-14,UPI/P2M/410002510323/TANISHQ / DIWALI GIFTS,8099.0,0.0,150585.0
2022-11-15,UPI/P2M/410002439052/UBER INDIA,298.0,0.0,150287.0
2022-11-15,UPI/P2M/410002470728/RAPIDO,390.0,0.0,149897.0
2022-11-18,UPI/P2M/410002399457/ZEPTO,2300.0,0.0,147597.0
2022-11-18,UPI/P2M/410002494485/APOLLO PHARMACY,333.0,0.0,147264.0
2022-11-20,UPI/P2M/410002423214/SWIGGY,990.0,0.0,146274.0
2022-11-22,UPI/P2M/410002415295/SWIGGY,1004.0,0.0,145270.0
2022-11-25,UPI/P2M/410002446971/RAPIDO,513.0,0.0,144757.0
2022-11-25,UPI/P2M/410002486566/HYD METRO RAIL,337.0,0.0,144420.0
2022-11-29,NEFT/NIMBUS SOFTWARE PVT LTD/SALARY NOV22,0.0,102983.0,247403.0
2022-12-01,UPI/P2P/410002534080/LAKSHMI/maid salary,3200.0,0.0,244203.0
2022-12-02,IMPS/410002526161/TO FATHER/monthly support,6400.0,0.0,237803.0
2022-12-02,UPI/P2M/410002644946/HYD METRO RAIL,403.0,0.0,237400.0
2022-12-02,UPI/P2M/410002684541/APOLLO PHARMACY,542.0,0.0,236858.0
2022-12-03,UPI/P2P/410002518242/RAMESH K/Rent,15800.0,0.0,221058.0
2022-12-03,CC BILL PAYMENT/HDFC CC XX4321,24719.0,0.0,196339.0
2022-12-04,UPI/P2M/410002565756/BLINKIT,1266.0,0.0,195073.0
2022-12-05,NACH/ACT FIBERNET/BROADBAND,1060.0,0.0,194013.0
2022-12-05,NACH/SBI/EDUCATION LOAN EMI/EDU-01,12896.0,0.0,181117.0
2022-12-05,UPI/P2M/410002573675/BIGBASKET,1523.0,0.0,179594.0
2022-12-07,UPI/P2M/410002637027/ZOMATO,2149.0,0.0,177445.0
2022-12-07,NACH/BSE STAR MF/NIFTY 50 INDEX FUND SIP,6600.0,0.0,170845.0
2022-12-07,NACH/BSE STAR MF/SHORT TERM DEBT FUND SIP,3000.0,0.0,167845.0
2022-12-09,UPI/P2M/410002541999/AIRTEL PREPAID,299.0,0.0,167546.0
2022-12-11,UPI/P2M/410002581594/BIGBASKET,228.0,0.0,167318.0
2022-12-11,UPI/P2M/410002605351/ZOMATO,867.0,0.0,166451.0
2022-12-12,BBPS/TGSPDCL/ELECTRICITY BILL,1471.0,0.0,164980.0
2022-12-13,UPI/P2M/410002589513/BIGBASKET,1236.0,0.0,163744.0
2022-12-13,UPI/P2M/410002660784/UBER INDIA,352.0,0.0,163392.0
2022-12-15,UPI/P2M/410002652865/RAPIDO,808.0,0.0,162584.0
2022-12-16,UPI/P2M/410002613270/SWIGGY,923.0,0.0,161661.0
2022-12-16,ATM WDL/410002692460/HITECH CITY,3000.0,0.0,158661.0
2022-12-17,UPI/P2M/410002629108/SWIGGY,2047.0,0.0,156614.0
2022-12-20,UPI/P2M/410002668703/RAPIDO,151.0,0.0,156463.0
2022-12-22,UPI/P2M/410002549918/BIGBASKET,1511.0,0.0,154952.0
2022-12-22,UPI/P2M/410002621189/ZOMATO,416.0,0.0,154536.0
2022-12-22,UPI/P2M/410002676622/RAPIDO,881.0,0.0,153655.0
2022-12-24,UPI/P2M/410002557837/BIGBASKET,934.0,0.0,152721.0
2022-12-27,UPI/P2M/410002597432/BIGBASKET,2109.0,0.0,150612.0
2022-12-30,NEFT/NIMBUS SOFTWARE PVT LTD/SALARY DEC22,0.0,102983.0,253595.0
2023-01-01,UPI/P2P/410002716217/LAKSHMI/maid salary,3200.0,0.0,250395.0
2023-01-01,UPI/P2M/410002763731/SWIGGY,606.0,0.0,249789.0
2023-01-02,IMPS/410002708298/TO FATHER/monthly support,6500.0,0.0,243289.0
2023-01-02,UPI/P2M/410002747893/BIGBASKET,3370.0,0.0,239919.0
2023-01-02,UPI/P2M/410002787488/ZOMATO,263.0,0.0,239656.0
2023-01-03,UPI/P2P/410002700379/RAMESH K/Rent,15800.0,0.0,223856.0
2023-01-03,CC BILL PAYMENT/HDFC CC XX4321,39135.0,0.0,184721.0
2023-01-04,UPI/P2M/410002850840/OLA CABS,196.0,0.0,184525.0
2023-01-05,NACH/ACT FIBERNET/BROADBAND,1060.0,0.0,183465.0
2023-01-05,NACH/SBI/EDUCATION LOAN EMI/EDU-01,12896.0,0.0,170569.0
2023-01-06,UPI/P2M/410002795407/ZOMATO,284.0,0.0,170285.0
2023-01-06,UPI/P2M/410002858759/OLA CABS,399.0,0.0,169886.0
2023-01-07,UPI/P2M/410002724136/AIRTEL PREPAID,299.0,0.0,169587.0
2023-01-07,UPI/P2M/410002835002/UBER INDIA,367.0,0.0,169220.0
2023-01-07,NACH/BSE STAR MF/NIFTY 50 INDEX FUND SIP,6600.0,0.0,162620.0
2023-01-07,NACH/BSE STAR MF/SHORT TERM DEBT FUND SIP,3000.0,0.0,159620.0
2023-01-08,UPI/P2M/410002819164/HYD METRO RAIL,938.0,0.0,158682.0
2023-01-08,UPI/P2M/410002827083/HYD METRO RAIL,1106.0,0.0,157576.0
2023-01-13,BBPS/TGSPDCL/ELECTRICITY BILL,1721.0,0.0,155855.0
2023-01-13,UPI/P2M/410002739974/BIGBASKET,1426.0,0.0,154429.0
2023-01-13,UPI/P2M/410002755812/BLINKIT,2869.0,0.0,151560.0
2023-01-15,UPI/P2M/410002779569/SWIGGY,179.0,0.0,151381.0
2023-01-20,UPI/P2M/410002811245/SWIGGY,1056.0,0.0,150325.0
2023-01-22,UPI/P2M/410002732055/BLINKIT,1481.0,0.0,148844.0
2023-01-22,UPI/P2M/410002803326/SWIGGY,537.0,0.0,148307.0
2023-01-22,UPI/P2M/410002842921/UBER INDIA,169.0,0.0,148138.0
2023-01-24,UPI/P2M/410002771650/SWIGGY,322.0,0.0,147816.0
2023-01-25,ATM WDL/410002874597/HITECH CITY,2500.0,0.0,145316.0
2023-01-27,UPI/P2M/410002866678/APOLLO PHARMACY,707.0,0.0,144609.0
2023-01-30,NEFT/NIMBUS SOFTWARE PVT LTD/SALARY JAN23,0.0,102983.0,247592.0
2023-02-01,UPI/P2P/410002898354/LAKSHMI/maid salary,3200.0,0.0,244392.0
2023-02-02,IMPS/410002890435/TO FATHER/monthly support,6500.0,0.0,237892.0
2023-02-02,UPI/P2M/410002993382/ZOMATO,908.0,0.0,236984.0
2023-02-03,UPI/P2P/410002882516/RAMESH K/Rent,15800.0,0.0,221184.0
2023-02-03,CC BILL PAYMENT/HDFC CC XX4321,26110.0,0.0,195074.0
2023-02-05,NACH/ACT FIBERNET/BROADBAND,1060.0,0.0,194014.0
2023-02-05,NACH/SBI/EDUCATION LOAN EMI/EDU-01,12896.0,0.0,181118.0
2023-02-06,UPI/P2M/410002906273/AIRTEL PREPAID,299.0,0.0,180819.0
2023-02-06,ATM WDL/410003040896/HITECH CITY,2500.0,0.0,178319.0
2023-02-07,NACH/BSE STAR MF/NIFTY 50 INDEX FUND SIP,6600.0,0.0,171719.0
2023-02-07,NACH/BSE STAR MF/SHORT TERM DEBT FUND SIP,3000.0,0.0,168719.0
2023-02-08,UPI/P2M/410003001301/SWIGGY,767.0,0.0,167952.0
2023-02-10,UPI/P2M/410002945868/ZEPTO,1966.0,0.0,165986.0
2023-02-10,UPI/P2M/410003009220/HYD METRO RAIL,911.0,0.0,165075.0
2023-02-11,BBPS/TGSPDCL/ELECTRICITY BILL,1838.0,0.0,163237.0
2023-02-11,UPI/P2M/410002977544/SWIGGY,1091.0,0.0,162146.0
2023-02-12,UPI/P2M/410002985463/SWIGGY,520.0,0.0,161626.0
2023-02-13,UPI/P2M/410002961706/ZOMATO,1427.0,0.0,160199.0
2023-02-16,UPI/P2M/410002969625/SWIGGY,1065.0,0.0,159134.0
2023-02-18,UPI/P2M/410002937949/ZEPTO,1769.0,0.0,157365.0
2023-02-23,UPI/P2M/410002922111/BLINKIT,1479.0,0.0,155886.0
2023-02-23,UPI/P2M/410003017139/RAPIDO,2194.0,0.0,153692.0
2023-02-24,UPI/P2M/410002914192/BLINKIT,472.0,0.0,153220.0
2023-02-24,UPI/P2M/410002930030/ZEPTO,1747.0,0.0,151473.0
2023-02-24,UPI/P2M/410003025058/UBER INDIA,228.0,0.0,151245.0
2023-02-24,UPI/P2M/410003032977/APOLLO PHARMACY,846.0,0.0,150399.0
2023-02-27,NEFT/NIMBUS SOFTWARE PVT LTD/SALARY FEB23,0.0,102983.0,253382.0
2023-02-27,UPI/P2M/410002953787/SWIGGY,286.0,0.0,253096.0
2023-03-01,UPI/P2P/410003064653/LAKSHMI/maid salary,3300.0,0.0,249796.0
2023-03-01,UPI/P2M/410003096329/BIGBASKET,1861.0,0.0,247935.0
2023-03-01,UPI/P2M/410003175519/OLA CABS,208.0,0.0,247727.0
2023-03-02,IMPS/410003056734/TO FATHER/monthly support,6500.0,0.0,241227.0
2023-03-03,UPI/P2P/410003048815/RAMESH K/Rent,15800.0,0.0,225427.0
2023-03-03,CC BILL PAYMENT/HDFC CC XX4321,9658.0,0.0,215769.0
2023-03-04,ATM WDL/410003199276/HITECH CITY,3000.0,0.0,212769.0
2023-03-05,NACH/ACT FIBERNET/BROADBAND,1060.0,0.0,211709.0
2023-03-05,NACH/SBI/EDUCATION LOAN EMI/EDU-01,12896.0,0.0,198813.0
2023-03-07,NACH/BSE STAR MF/NIFTY 50 INDEX FUND SIP,6600.0,0.0,192213.0
2023-03-07,NACH/BSE STAR MF/SHORT TERM DEBT FUND SIP,3000.0,0.0,189213.0
2023-03-08,UPI/P2M/410003072572/AIRTEL PREPAID,299.0,0.0,188914.0
2023-03-08,UPI/P2M/410003120086/ZOMATO,212.0,0.0,188702.0
2023-03-09,UPI/P2M/410003151762/HYD METRO RAIL,247.0,0.0,188455.0
2023-03-09,UPI/P2M/410003183438/RAPIDO,73.0,0.0,188382.0
2023-03-11,BBPS/TGSPDCL/ELECTRICITY BILL,1573.0,0.0,186809.0
2023-03-11,UPI/P2M/410003104248/BIGBASKET,843.0,0.0,185966.0
2023-03-14,UPI/P2M/410003159681/OLA CABS,180.0,0.0,185786.0
2023-03-15,FD CLOSURE/FD-01/PREMATURE,0.0,105342.0,291128.0
2023-03-16,UPI/P2M/410003088410/BLINKIT,1515.0,0.0,289613.0
2023-03-18,UPI/P2M/410003143843/OLA CABS,437.0,0.0,289176.0
2023-03-20,RTGS/410003080491/VARUN MOTORS/CAR DOWN PAYMENT,150000.0,0.0,139176.0
2023-03-20,UPI/P2M/410003128005/ZOMATO,1004.0,0.0,138172.0
2023-03-21,NEFT/ICICI LOMBARD/MOTOR INSURANCE,21500.0,0.0,116672.0
2023-03-22,UPI/P2M/410003191357/APOLLO PHARMACY,420.0,0.0,116252.0
2023-03-24,UPI/P2M/410003135924/SWIGGY,1089.0,0.0,115163.0
2023-03-24,UPI/P2M/410003167600/RAPIDO,375.0,0.0,114788.0
2023-03-27,UPI/P2M/410003112167/ZEPTO,1361.0,0.0,113427.0
2023-03-30,NEFT/NIMBUS SOFTWARE PVT LTD/SALARY MAR23,0.0,102983.0,216410.0
2023-04-01,UPI/P2P/410003223033/LAKSHMI/maid salary,3300.0,0.0,213110.0
2023-04-02,IMPS/410003215114/TO FATHER/monthly support,6500.0,0.0,206610.0
2023-04-02,UPI/P2M/410003341818/HYD METRO RAIL,134.0,0.0,206476.0
2023-04-03,UPI/P2P/410003207195/RAMESH K/Rent,15800.0,0.0,190676.0
2023-04-03,UPI/P2M/410003294304/SWIGGY,696.0,0.0,189980.0
2023-04-03,CC BILL PAYMENT/HDFC CC XX4321,20633.0,0.0,169347.0
2023-04-04,UPI/P2M/410003254709/BLINKIT,709.0,0.0,168638.0
2023-04-04,TRF TO PPF A/C 3021XXXX88,40000.0,0.0,128638.0
2023-04-05,NACH/ACT FIBERNET/BROADBAND,1060.0,0.0,127578.0
2023-04-05,NACH/SBI/EDUCATION LOAN EMI/EDU-01,12896.0,0.0,114682.0
2023-04-05,NACH/HDFC BANK/CAR LOAN EMI/CAR-01,13493.0,0.0,101189.0
2023-04-05,UPI/P2M/410003286385/SWIGGY,426.0,0.0,100763.0
2023-04-06,UPI/P2M/410003238871/BLINKIT,1314.0,0.0,99449.0
2023-04-07,NACH/BSE STAR MF/NIFTY 50 INDEX FUND SIP,7300.0,0.0,92149.0
2023-04-07,NACH/BSE STAR MF/SHORT TERM DEBT FUND SIP,3000.0,0.0,89149.0
2023-04-08,UPI/P2M/410003230952/AIRTEL PREPAID,299.0,0.0,88850.0
2023-04-08,ATM WDL/410003389332/HITECH CITY,3000.0,0.0,85850.0
2023-04-11,UPI/P2M/410003262628/BIGBASKET,959.0,0.0,84891.0
2023-04-11,UPI/P2M/410003373494/RAPIDO,65.0,0.0,84826.0
2023-04-12,UPI/P2M/410003246790/BLINKIT,852.0,0.0,83974.0
2023-04-13,BBPS/TGSPDCL/ELECTRICITY BILL,3638.0,0.0,80336.0
2023-04-13,UPI/P2M/410003270547/ZOMATO,435.0,0.0,79901.0
2023-04-14,UPI/P2M/410003302223/SWIGGY,659.0,0.0,79242.0
2023-04-15,NEFT/NIMBUS SOFTWARE PVT LTD/PERF BONUS FY22,0.0,94830.0,174072.0
2023-04-16,UPI/P2M/410003365575/RAPIDO,124.0,0.0,173948.0
2023-04-17,UPI/P2M/410003318061/ZOMATO,277.0,0.0,173671.0
2023-04-17,UPI/P2M/410003325980/OLA CABS,243.0,0.0,173428.0
2023-04-17,UPI/P2M/410003381413/APOLLO PHARMACY,785.0,0.0,172643.0
2023-04-20,UPI/P2M/410003278466/ZOMATO,623.0,0.0,172020.0
2023-04-23,UPI/P2M/410003333899/OLA CABS,110.0,0.0,171910.0
2023-04-24,UPI/P2M/410003349737/RAPIDO,433.0,0.0,171477.0
2023-04-26,UPI/P2M/410003310142/ZOMATO,424.0,0.0,171053.0
2023-04-28,UPI/P2M/410003357656/HYD METRO RAIL,60.0,0.0,170993.0
2023-04-29,NEFT/NIMBUS SOFTWARE PVT LTD/SALARY APR23,0.0,113967.0,284960.0
2023-05-01,UPI/P2P/410003413089/LAKSHMI/maid salary,3300.0,0.0,281660.0
2023-05-01,UPI/P2M/410003476441/ZOMATO,666.0,0.0,280994.0
2023-05-01,UPI/P2M/410003492279/SWIGGY,710.0,0.0,280284.0
2023-05-02,IMPS/410003405170/TO FATHER/monthly support,6600.0,0.0,273684.0
2023-05-03,UPI/P2P/410003397251/RAMESH K/Rent,15800.0,0.0,257884.0
2023-05-03,CC BILL PAYMENT/HDFC CC XX4321,21324.0,0.0,236560.0
2023-05-05,NACH/ACT FIBERNET/BROADBAND,1060.0,0.0,235500.0
2023-05-05,NACH/SBI/EDUCATION LOAN EMI/EDU-01,12896.0,0.0,222604.0
2023-05-05,NACH/HDFC BANK/CAR LOAN EMI/CAR-01,13493.0,0.0,209111.0
2023-05-05,UPI/P2M/410003500198/SWIGGY,431.0,0.0,208680.0
2023-05-05,UPI/P2M/410003555631/APOLLO PHARMACY,557.0,0.0,208123.0
2023-05-07,UPI/P2M/410003421008/AIRTEL PREPAID,299.0,0.0,207824.0
2023-05-07,NACH/BSE STAR MF/NIFTY 50 INDEX FUND SIP,7300.0,0.0,200524.0
2023-05-07,NACH/BSE STAR MF/SHORT TERM DEBT FUND SIP,3000.0,0.0,197524.0
2023-05-08,UPI/P2M/410003460603/ZOMATO,534.0,0.0,196990.0
2023-05-08,UPI/P2M/410003531874/UBER INDIA,163.0,0.0,196827.0
2023-05-09,UPI/P2M/410003516036/RAPIDO,60.0,0.0,196767.0
2023-05-10,BSE STAR MF/NIFTY 50 INDEX FUND LUMPSUM,20000.0,0.0,176767.0
2023-05-11,UPI/P2M/410003547712/OLA CABS,194.0,0.0,176573.0
2023-05-13,BBPS/TGSPDCL/ELECTRICITY BILL,3529.0,0.0,173044.0
2023-05-13,UPI/P2M/410003436846/BIGBASKET,1162.0,0.0,171882.0
2023-05-13,UPI/P2M/410003508117/UBER INDIA,588.0,0.0,171294.0
2023-05-17,UPI/P2M/410003452684/ZOMATO,566.0,0.0,170728.0
2023-05-17,UPI/P2M/410003523955/HYD METRO RAIL,185.0,0.0,170543.0
2023-05-21,UPI/P2M/410003468522/SWIGGY,1446.0,0.0,169097.0
2023-05-22,UPI/P2M/410003444765/BLINKIT,4015.0,0.0,165082.0
2023-05-22,UPI/P2M/410003539793/OLA CABS,284.0,0.0,164798.0
2023-05-25,UPI/P2M/410003428927/ZEPTO,1772.0,0.0,163026.0
2023-05-25,UPI/P2M/410003484360/SWIGGY,689.0,0.0,162337.0
2023-05-26,ATM WDL/410003563550/HITECH CITY,3000.0,0.0,159337.0
2023-05-30,NEFT/NIMBUS SOFTWARE PVT LTD/SALARY MAY23,0.0,113967.0,273304.0
2023-06-01,UPI/P2P/410003587307/LAKSHMI/maid salary,3300.0,0.0,270004.0
2023-06-01,UPI/P2M/410003611064/BIGBASKET,1103.0,0.0,268901.0
2023-06-02,IMPS/410003579388/TO FATHER/monthly support,6600.0,0.0,262301.0
2023-06-02,UPI/P2M/410003674416/UBER INDIA,78.0,0.0,262223.0
2023-06-03,UPI/P2P/410003571469/RAMESH K/Rent,15800.0,0.0,246423.0
2023-06-03,CC BILL PAYMENT/HDFC CC XX4321,18658.0,0.0,227765.0
2023-06-04,UPI/P2M/410003698173/OLA CABS,591.0,0.0,227174.0
2023-06-05,NACH/ACT FIBERNET/BROADBAND,1060.0,0.0,226114.0
2023-06-05,NACH/SBI/EDUCATION LOAN EMI/EDU-01,12896.0,0.0,213218.0
2023-06-05,NACH/HDFC BANK/CAR LOAN EMI/CAR-01,13493.0,0.0,199725.0
2023-06-05,UPI/P2M/410003634821/ZOMATO,790.0,0.0,198935.0
2023-06-05,UPI/P2M/410003682335/OLA CABS,167.0,0.0,198768.0
2023-06-06,UPI/P2M/410003595226/AIRTEL PREPAID,299.0,0.0,198469.0
2023-06-07,UPI/P2M/410003666497/ZOMATO,472.0,0.0,197997.0
2023-06-07,NACH/BSE STAR MF/NIFTY 50 INDEX FUND SIP,7300.0,0.0,190697.0
2023-06-07,NACH/BSE STAR MF/SHORT TERM DEBT FUND SIP,3000.0,0.0,187697.0
2023-06-09,UPI/P2M/410003626902/ZOMATO,855.0,0.0,186842.0
2023-06-10,NACH/HDFC LIFE/TERM PREMIUM,11800.0,0.0,175042.0
2023-06-10,UPI/P2M/410003714011/APOLLO PHARMACY,785.0,0.0,174257.0
2023-06-12,UPI/P2M/410003650659/SWIGGY,138.0,0.0,174119.0
2023-06-12,UPI/P2M/410003690254/OLA CABS,185.0,0.0,173934.0
2023-06-14,BBPS/TGSPDCL/ELECTRICITY BILL,3170.0,0.0,170764.0
2023-06-17,UPI/P2M/410003603145/BIGBASKET,1850.0,0.0,168914.0
2023-06-17,UPI/P2M/410003706092/RAPIDO,224.0,0.0,168690.0
2023-06-23,UPI/P2M/410003658578/ZOMATO,310.0,0.0,168380.0
2023-06-25,UPI/P2M/410003618983/BIGBASKET,1151.0,0.0,167229.0
2023-06-25,UPI/P2M/410003642740/ZOMATO,834.0,0.0,166395.0
2023-06-27,ATM WDL/410003721930/HITECH CITY,3000.0,0.0,163395.0
2023-06-29,NEFT/NIMBUS SOFTWARE PVT LTD/SALARY JUN23,0.0,113967.0,277362.0
2023-07-01,UPI/P2P/410003745687/LAKSHMI/maid salary,3300.0,0.0,274062.0
2023-07-02,IMPS/410003737768/TO FATHER/monthly support,6600.0,0.0,267462.0
2023-07-03,UPI/P2P/410003729849/RAMESH K/Rent,15800.0,0.0,251662.0
2023-07-03,UPI/P2M/410003761525/ZEPTO,1209.0,0.0,250453.0
2023-07-03,CC BILL PAYMENT/HDFC CC XX4321,28608.0,0.0,221845.0
2023-07-05,NACH/ACT FIBERNET/BROADBAND,1060.0,0.0,220785.0
2023-07-05,NACH/SBI/EDUCATION LOAN EMI/EDU-01,12896.0,0.0,207889.0
2023-07-05,NACH/HDFC BANK/CAR LOAN EMI/CAR-01,13493.0,0.0,194396.0
2023-07-05,UPI/P2M/410003840715/RAPIDO,156.0,0.0,194240.0
2023-07-05,UPI/P2M/410003872391/OLA CABS,283.0,0.0,193957.0
2023-07-06,UPI/P2M/410003888229/APOLLO PHARMACY,481.0,0.0,193476.0
2023-07-07,UPI/P2M/410003753606/AIRTEL PREPAID,299.0,0.0,193177.0
2023-07-07,UPI/P2M/410003785282/BIGBASKET,1285.0,0.0,191892.0
2023-07-07,NACH/BSE STAR MF/NIFTY 50 INDEX FUND SIP,15000.0,0.0,176892.0
2023-07-07,NACH/BSE STAR MF/SHORT TERM DEBT FUND SIP,3000.0,0.0,173892.0
2023-07-08,UPI/P2M/410003832796/SWIGGY,504.0,0.0,173388.0
2023-07-09,UPI/P2M/410003856553/OLA CABS,199.0,0.0,173189.0
2023-07-13,BBPS/TGSPDCL/ELECTRICITY BILL,1785.0,0.0,171404.0
2023-07-15,UPI/P2M/410003848634/RAPIDO,184.0,0.0,171220.0
2023-07-16,UPI/P2M/410003777363/BIGBASKET,2186.0,0.0,169034.0
2023-07-16,UPI/P2M/410003824877/ZOMATO,754.0,0.0,168280.0
2023-07-18,UPI/P2M/410003880310/OLA CABS,371.0,0.0,167909.0
2023-07-18,ATM WDL/410003896148/HITECH CITY,3000.0,0.0,164909.0
2023-07-19,UPI/P2M/410003864472/HYD METRO RAIL,119.0,0.0,164790.0
2023-07-20,UPI/P2M/410003801120/ZEPTO,1204.0,0.0,163586.0
2023-07-22,UPI/P2M/410003769444/BLINKIT,471.0,0.0,163115.0
2023-07-22,UPI/P2M/410003816958/SWIGGY,1468.0,0.0,161647.0
2023-07-24,UPI/P2M/410003809039/ZOMATO,999.0,0.0,160648.0
2023-07-27,UPI/P2M/410003793201/BIGBASKET,884.0,0.0,159764.0
2023-07-30,NEFT/VERTEXA TECHNOLOGIES PVT LTD/SALARY JUL23,0.0,144371.0,304135.0
2023-08-01,UPI/P2P/410003919905/LAKSHMI/maid salary,3300.0,0.0,300835.0
2023-08-02,IMPS/410003911986/TO FATHER/monthly support,6700.0,0.0,294135.0
2023-08-02,UPI/P2M/410004014933/SWIGGY,426.0,0.0,293709.0
2023-08-03,UPI/P2P/410003904067/RAMESH K/Rent,15800.0,0.0,277909.0
2023-08-03,UPI/P2M/410003951581/ZOMATO,653.0,0.0,277256.0
2023-08-03,CC BILL PAYMENT/HDFC CC XX4321,15484.0,0.0,261772.0
2023-08-04,UPI/P2M/410004038690/HYD METRO RAIL,558.0,0.0,261214.0
2023-08-05,NACH/ACT FIBERNET/BROADBAND,1060.0,0.0,260154.0
2023-08-05,NACH/SBI/EDUCATION LOAN EMI/EDU-01,12896.0,0.0,247258.0
2023-08-05,NACH/HDFC BANK/CAR LOAN EMI/CAR-01,13493.0,0.0,233765.0
2023-08-06,UPI/P2M/410003927824/AIRTEL PREPAID,299.0,0.0,233466.0
2023-08-06,UPI/P2M/410003943662/BLINKIT,1210.0,0.0,232256.0
2023-08-07,UPI/P2M/410003991176/SWIGGY,780.0,0.0,231476.0
2023-08-07,NACH/BSE STAR MF/NIFTY 50 INDEX FUND SIP,15000.0,0.0,216476.0
2023-08-07,NACH/BSE STAR MF/SHORT TERM DEBT FUND SIP,3000.0,0.0,213476.0
2023-08-08,UPI/P2M/410004007014/ZOMATO,373.0,0.0,213103.0
2023-08-09,UPI/P2M/410003959500/SWIGGY,171.0,0.0,212932.0
2023-08-11,UPI/P2M/410003975338/ZOMATO,165.0,0.0,212767.0
2023-08-12,BBPS/TGSPDCL/ELECTRICITY BILL,1643.0,0.0,211124.0
2023-08-15,UPI/P2M/410004054528/APOLLO PHARMACY,841.0,0.0,210283.0
2023-08-18,UPI/P2M/410003983257/ZOMATO,896.0,0.0,209387.0
2023-08-18,UPI/P2M/410004030771/OLA CABS,328.0,0.0,209059.0
2023-08-20,UPI/P2M/410003999095/SWIGGY,264.0,0.0,208795.0
2023-08-22,UPI/P2M/410004022852/SWIGGY,677.0,0.0,208118.0
2023-08-22,ATM WDL/410004062447/HITECH CITY,2000.0,0.0,206118.0
2023-08-24,UPI/P2M/410004046609/OLA CABS,419.0,0.0,205699.0
2023-08-26,UPI/P2M/410003967419/ZOMATO,409.0,0.0,205290.0
2023-08-28,UPI/P2M/410003935743/BLINKIT,1771.0,0.0,203519.0
2023-08-30,NEFT/VERTEXA TECHNOLOGIES PVT LTD/SALARY AUG23,0.0,144371.0,347890.0
2023-09-01,UPI/P2P/410004086204/LAKSHMI/maid salary,3400.0,0.0,344490.0
2023-09-01,UPI/P2M/410004102042/BLINKIT,982.0,0.0,343508.0
2023-09-01,UPI/P2M/410004197070/OLA CABS,62.0,0.0,343446.0
2023-09-02,IMPS/410004078285/TO FATHER/monthly support,6700.0,0.0,336746.0
2023-09-02,UPI/P2M/410004109961/BIGBASKET,1486.0,0.0,335260.0
2023-09-03,UPI/P2P/410004070366/RAMESH K/Rent,15800.0,0.0,319460.0
2023-09-03,CC BILL PAYMENT/HDFC CC XX4321,17505.0,0.0,301955.0
2023-09-05,NACH/ACT FIBERNET/BROADBAND,1060.0,0.0,300895.0
2023-09-05,NACH/SBI/EDUCATION LOAN EMI/EDU-01,12896.0,0.0,287999.0
2023-09-05,NACH/HDFC BANK/CAR LOAN EMI/CAR-01,13493.0,0.0,274506.0
2023-09-05,UPI/P2M/410004228746/UBER INDIA,270.0,0.0,274236.0
2023-09-06,UPI/P2M/410004094123/AIRTEL PREPAID,299.0,0.0,273937.0
2023-09-06,UPI/P2M/410004212908/RAPIDO,183.0,0.0,273754.0
2023-09-07,UPI/P2M/410004117880/BIGBASKET,2510.0,0.0,271244.0
2023-09-07,UPI/P2M/410004141637/BLINKIT,1151.0,0.0,270093.0
2023-09-07,UPI/P2M/410004165394/ZOMATO,295.0,0.0,269798.0
2023-09-07,UPI/P2M/410004236665/HYD METRO RAIL,197.0,0.0,269601.0
2023-09-07,NACH/BSE STAR MF/NIFTY 50 INDEX FUND SIP,15000.0,0.0,254601.0
2023-09-07,NACH/BSE STAR MF/SHORT TERM DEBT FUND SIP,3000.0,0.0,251601.0
2023-09-10,UPI/P2M/410004181232/ZOMATO,1198.0,0.0,250403.0
2023-09-10,ATM WDL/410004252503/HITECH CITY,2500.0,0.0,247903.0
2023-09-13,BBPS/TGSPDCL/ELECTRICITY BILL,1775.0,0.0,246128.0
2023-09-20,UPI/P2M/410004189151/OLA CABS,256.0,0.0,245872.0
2023-09-21,UPI/P2M/410004173313/SWIGGY,142.0,0.0,245730.0
2023-09-21,UPI/P2M/410004244584/APOLLO PHARMACY,711.0,0.0,245019.0
2023-09-22,UPI/P2M/410004220827/UBER INDIA,258.0,0.0,244761.0
2023-09-23,UPI/P2M/410004133718/BLINKIT,1315.0,0.0,243446.0
2023-09-23,UPI/P2M/410004157475/ZOMATO,580.0,0.0,242866.0
2023-09-24,UPI/P2M/410004125799/BIGBASKET,708.0,0.0,242158.0
2023-09-25,UPI/P2M/410004149556/ZOMATO,905.0,0.0,241253.0
2023-09-27,UPI/P2M/410004204989/OLA CABS,186.0,0.0,241067.0
2023-09-29,NEFT/VERTEXA TECHNOLOGIES PVT LTD/SALARY SEP23,0.0,144371.0,385438.0
2023-10-01,UPI/P2P/410004276260/LAKSHMI/maid salary,3400.0,0.0,382038.0
2023-10-02,IMPS/410004268341/TO FATHER/monthly support,6700.0,0.0,375338.0
2023-10-02,UPI/P2M/410004300017/BIGBASKET,3702.0,0.0,371636.0
2023-10-02,UPI/P2M/410004434640/RAPIDO,131.0,0.0,371505.0
2023-10-03,UPI/P2P/410004260422/RAMESH K/Rent,16600.0,0.0,354905.0
2023-10-03,UPI/P2M/410004292098/ZEPTO,940.0,0.0,353965.0
2023-10-03,UPI/P2M/410004426721/HYD METRO RAIL,219.0,0.0,353746.0
2023-10-03,CC BILL PAYMENT/HDFC CC XX4321,16903.0,0.0,336843.0
2023-10-04,ATM WDL/410004458397/HITECH CITY,3000.0,0.0,333843.0
2023-10-05,NACH/ACT FIBERNET/BROADBAND,1060.0,0.0,332783.0
2023-10-05,NACH/SBI/EDUCATION LOAN EMI/EDU-01,12896.0,0.0,319887.0
2023-10-05,NACH/HDFC BANK/CAR LOAN EMI/CAR-01,13493.0,0.0,306394.0
2023-10-07,UPI/P2M/410004395045/SWIGGY,700.0,0.0,305694.0
2023-10-07,NACH/BSE STAR MF/NIFTY 50 INDEX FUND SIP,15000.0,0.0,290694.0
2023-10-07,NACH/BSE STAR MF/SHORT TERM DEBT FUND SIP,3000.0,0.0,287694.0
2023-10-08,UPI/P2M/410004284179/AIRTEL PREPAID,299.0,0.0,287395.0
2023-10-10,UPI/P2M/410004418802/RAPIDO,164.0,0.0,287231.0
2023-10-10,UPI/P2M/410004466316/TANISHQ / DIWALI GIFTS,7254.0,0.0,279977.0
2023-10-11,UPI/P2M/410004363369/SWIGGY,602.0,0.0,279375.0
2023-10-12,BBPS/TGSPDCL/ELECTRICITY BILL,1718.0,0.0,277657.0
2023-10-12,UPI/P2M/410004347531/ZOMATO,379.0,0.0,277278.0
2023-10-13,UPI/P2M/410004315855/BLINKIT,947.0,0.0,276331.0
2023-10-13,UPI/P2M/410004402964/OLA CABS,357.0,0.0,275974.0
2023-10-14,UPI/P2M/410004379207/SWIGGY,1245.0,0.0,274729.0
2023-10-17,UPI/P2M/410004450478/APOLLO PHARMACY,687.0,0.0,274042.0
2023-10-18,UPI/P2M/410004355450/SWIGGY,463.0,0.0,273579.0
2023-10-19,UPI/P2M/410004307936/ZEPTO,878.0,0.0,272701.0
2023-10-19,UPI/P2M/410004331693/ZOMATO,519.0,0.0,272182.0
2023-10-21,UPI/P2M/410004387126/SWIGGY,1311.0,0.0,270871.0
2023-10-22,UPI/P2M/410004323774/SWIGGY,335.0,0.0,270536.0
2023-10-22,UPI/P2M/410004339612/ZOMATO,939.0,0.0,269597.0
2023-10-25,UPI/P2M/410004442559/HYD METRO RAIL,93.0,0.0,269504.0
2023-10-26,UPI/P2M/410004410883/HYD METRO RAIL,351.0,0.0,269153.0
2023-10-28,UPI/P2M/410004371288/SWIGGY,421.0,0.0,268732.0
2023-10-30,NEFT/VERTEXA TECHNOLOGIES PVT LTD/SALARY OCT23,0.0,144371.0,413103.0
2023-11-01,UPI/P2P/410004490073/LAKSHMI/maid salary,3400.0,0.0,409703.0
2023-11-02,IMPS/410004482154/TO FATHER/monthly support,6800.0,0.0,402903.0
2023-11-02,UPI/P2M/410004537587/ZOMATO,227.0,0.0,402676.0
2023-11-03,UPI/P2P/410004474235/RAMESH K/Rent,16600.0,0.0,386076.0
2023-11-03,UPI/P2M/410004529668/BLINKIT,1642.0,0.0,384434.0
2023-11-03,CC BILL PAYMENT/HDFC CC XX4321,87648.0,0.0,296786.0
2023-11-05,NACH/ACT FIBERNET/BROADBAND,1060.0,0.0,295726.0
2023-11-05,NACH/SBI/EDUCATION LOAN EMI/EDU-01,12896.0,0.0,282830.0
2023-11-05,NACH/HDFC BANK/CAR LOAN EMI/CAR-01,13493.0,0.0,269337.0
2023-11-05,UPI/P2M/410004553425/SWIGGY,476.0,0.0,268861.0
2023-11-06,UPI/P2M/410004577182/SWIGGY,708.0,0.0,268153.0
2023-11-07,UPI/P2M/410004600939/RAPIDO,471.0,0.0,267682.0
2023-11-07,NACH/BSE STAR MF/NIFTY 50 INDEX FUND SIP,15000.0,0.0,252682.0
2023-11-07,NACH/BSE STAR MF/SHORT TERM DEBT FUND SIP,3000.0,0.0,249682.0
2023-11-08,UPI/P2M/410004497992/AIRTEL PREPAID,299.0,0.0,249383.0
2023-11-08,UPI/P2M/410004513830/BIGBASKET,526.0,0.0,248857.0
2023-11-09,UPI/P2M/410004585101/SWIGGY,338.0,0.0,248519.0
2023-11-10,UPI/P2M/410004505911/BIGBASKET,2791.0,0.0,245728.0
2023-11-10,UPI/P2M/410004545506/SWIGGY,1559.0,0.0,244169.0
2023-11-13,BBPS/TGSPDCL/ELECTRICITY BILL,1781.0,0.0,242388.0
2023-11-13,UPI/P2M/410004561344/SWIGGY,880.0,0.0,241508.0
2023-11-13,UPI/P2M/410004608858/HYD METRO RAIL,109.0,0.0,241399.0
2023-11-13,UPI/P2M/410004656372/TANISHQ / DIWALI GIFTS,12334.0,0.0,229065.0
2023-11-16,UPI/P2M/410004624696/UBER INDIA,375.0,0.0,228690.0
2023-11-18,UPI/P2M/410004640534/APOLLO PHARMACY,406.0,0.0,228284.0
2023-11-18,ATM WDL/410004648453/HITECH CITY,2000.0,0.0,226284.0
2023-11-19,UPI/P2M/410004521749/BLINKIT,3158.0,0.0,223126.0
2023-11-20,UPI/P2M/410004593020/SWIGGY,778.0,0.0,222348.0
2023-11-24,UPI/P2M/410004632615/RAPIDO,178.0,0.0,222170.0
2023-11-26,UPI/P2M/410004616777/UBER INDIA,60.0,0.0,222110.0
2023-11-28,UPI/P2M/410004569263/SWIGGY,225.0,0.0,221885.0
2023-11-29,NEFT/VERTEXA TECHNOLOGIES PVT LTD/SALARY NOV23,0.0,144371.0,366256.0
2023-12-01,UPI/P2P/410004680129/LAKSHMI/maid salary,3400.0,0.0,362856.0
2023-12-01,UPI/P2M/410004790995/OLA CABS,122.0,0.0,362734.0
2023-12-02,IMPS/410004672210/TO FATHER/monthly support,6800.0,0.0,355934.0
2023-12-03,UPI/P2P/410004664291/RAMESH K/Rent,16600.0,0.0,339334.0
2023-12-03,UPI/P2M/410004719724/BIGBASKET,2413.0,0.0,336921.0
2023-12-03,ATM WDL/410004830590/HITECH CITY,2000.0,0.0,334921.0
2023-12-03,CC BILL PAYMENT/HDFC CC XX4321,21162.0,0.0,313759.0
2023-12-04,UPI/P2M/410004703886/ZEPTO,1549.0,0.0,312210.0
2023-12-04,UPI/P2M/410004743481/ZOMATO,554.0,0.0,311656.0
2023-12-04,UPI/P2M/410004822671/APOLLO PHARMACY,651.0,0.0,311005.0
2023-12-05,NACH/ACT FIBERNET/BROADBAND,1060.0,0.0,309945.0
2023-12-05,NACH/SBI/EDUCATION LOAN EMI/EDU-01,12896.0,0.0,297049.0
2023-12-05,NACH/HDFC BANK/CAR LOAN EMI/CAR-01,13493.0,0.0,283556.0
2023-12-06,UPI/P2M/410004695967/ZEPTO,673.0,0.0,282883.0
2023-12-06,UPI/P2M/410004783076/UBER INDIA,103.0,0.0,282780.0
2023-12-07,NACH/BSE STAR MF/NIFTY 50 INDEX FUND SIP,15000.0,0.0,267780.0
2023-12-07,NACH/BSE STAR MF/SHORT TERM DEBT FUND SIP,3000.0,0.0,264780.0
2023-12-09,UPI/P2M/410004688048/AIRTEL PREPAID,299.0,0.0,264481.0
2023-12-09,UPI/P2M/410004711805/ZEPTO,2606.0,0.0,261875.0
2023-12-11,BBPS/TGSPDCL/ELECTRICITY BILL,1940.0,0.0,259935.0
2023-12-12,UPI/P2M/410004751400/ZOMATO,256.0,0.0,259679.0
2023-12-12,UPI/P2M/410004767238/OLA CABS,68.0,0.0,259611.0
2023-12-15,UPI/P2M/410004735562/ZOMATO,239.0,0.0,259372.0
2023-12-18,UPI/P2M/410004727643/SWIGGY,434.0,0.0,258938.0
2023-12-18,UPI/P2M/410004759319/ZOMATO,1370.0,0.0,257568.0
2023-12-20,UPI/P2M/410004798914/UBER INDIA,269.0,0.0,257299.0
2023-12-21,UPI/P2M/410004806833/UBER INDIA,286.0,0.0,257013.0
2023-12-25,UPI/P2M/410004814752/OLA CABS,159.0,0.0,256854.0
2023-12-26,UPI/P2M/410004775157/UBER INDIA,139.0,0.0,256715.0
2023-12-30,NEFT/VERTEXA TECHNOLOGIES PVT LTD/SALARY DEC23,0.0,144371.0,401086.0
2024-01-01,UPI/P2P/410004854347/LAKSHMI/maid salary,3400.0,0.0,397686.0
2024-01-01,UPI/P2M/410004917699/SWIGGY,95.0,0.0,397591.0
2024-01-01,UPI/P2M/410004949375/HYD METRO RAIL,486.0,0.0,397105.0
2024-01-02,IMPS/410004846428/TO FATHER/monthly support,6800.0,0.0,390305.0
2024-01-03,UPI/P2P/410004838509/RAMESH K/Rent,16600.0,0.0,373705.0
2024-01-03,CC BILL PAYMENT/HDFC CC XX4321,21602.0,0.0,352103.0
2024-01-04,UPI/P2M/410004965213/HYD METRO RAIL,1081.0,0.0,351022.0
2024-01-05,NACH/ACT FIBERNET/BROADBAND,1060.0,0.0,349962.0
2024-01-05,NACH/SBI/EDUCATION LOAN EMI/EDU-01,12896.0,0.0,337066.0
2024-01-05,NACH/HDFC BANK/CAR LOAN EMI/CAR-01,13493.0,0.0,323573.0
2024-01-06,UPI/P2M/410004973132/APOLLO PHARMACY,566.0,0.0,323007.0
2024-01-07,UPI/P2M/410004862266/AIRTEL PREPAID,299.0,0.0,322708.0
2024-01-07,NACH/BSE STAR MF/NIFTY 50 INDEX FUND SIP,15000.0,0.0,307708.0
2024-01-07,NACH/BSE STAR MF/SHORT TERM DEBT FUND SIP,3000.0,0.0,304708.0
2024-01-08,UPI/P2M/410004957294/UBER INDIA,65.0,0.0,304643.0
2024-01-08,ATM WDL/410004981051/HITECH CITY,2500.0,0.0,302143.0
2024-01-09,UPI/P2M/410004933537/ZOMATO,346.0,0.0,301797.0
2024-01-12,UPI/P2M/410004893942/BIGBASKET,2551.0,0.0,299246.0
2024-01-12,UPI/P2M/410004901861/SWIGGY,835.0,0.0,298411.0
2024-01-13,UPI/P2M/410004878104/ZEPTO,661.0,0.0,297750.0
2024-01-13,UPI/P2M/410004941456/ZOMATO,535.0,0.0,297215.0
2024-01-14,BBPS/TGSPDCL/ELECTRICITY BILL,1734.0,0.0,295481.0
2024-01-16,UPI/P2M/410004909780/ZOMATO,573.0,0.0,294908.0
2024-01-18,UPI/P2M/410004925618/ZOMATO,139.0,0.0,294769.0
2024-01-19,UPI/P2M/410004870185/ZEPTO,1648.0,0.0,293121.0
2024-01-20,UPI/P2M/410004886023/ZEPTO,3510.0,0.0,289611.0
2024-01-20,FD BOOKED/FD-02/AUTO RENEW,100000.0,0.0,189611.0
2024-01-30,NEFT/VERTEXA TECHNOLOGIES PVT LTD/SALARY JAN24,0.0,144371.0,333982.0
2024-02-01,UPI/P2P/410005004808/LAKSHMI/maid salary,3400.0,0.0,330582.0
2024-02-02,IMPS/410004996889/TO FATHER/monthly support,6900.0,0.0,323682.0
2024-02-03,UPI/P2P/410004988970/RAMESH K/Rent,16600.0,0.0,307082.0
2024-02-03,CC BILL PAYMENT/HDFC CC XX4321,32252.0,0.0,274830.0
2024-02-05,NACH/ACT FIBERNET/BROADBAND,1060.0,0.0,273770.0
2024-02-05,NACH/SBI/EDUCATION LOAN EMI/EDU-01,12896.0,0.0,260874.0
2024-02-05,NACH/HDFC BANK/CAR LOAN EMI/CAR-01,13493.0,0.0,247381.0
2024-02-05,UPI/P2M/410005091917/ZOMATO,1315.0,0.0,246066.0
2024-02-07,NACH/BSE STAR MF/NIFTY 50 INDEX FUND SIP,15000.0,0.0,231066.0
2024-02-07,NACH/BSE STAR MF/SHORT TERM DEBT FUND SIP,3000.0,0.0,228066.0
2024-02-08,UPI/P2M/410005012727/AIRTEL PREPAID,299.0,0.0,227767.0
2024-02-10,UPI/P2M/410005060241/ZOMATO,1466.0,0.0,226301.0
2024-02-11,BBPS/TGSPDCL/ELECTRICITY BILL,1834.0,0.0,224467.0
2024-02-11,UPI/P2M/410005044403/BIGBASKET,1407.0,0.0,223060.0
2024-02-13,UPI/P2M/410005099836/UBER INDIA,501.0,0.0,222559.0
2024-02-14,UPI/P2M/410005083998/SWIGGY,957.0,0.0,221602.0
2024-02-14,UPI/P2M/410005147350/APOLLO PHARMACY,560.0,0.0,221042.0
2024-02-15,UPI/P2M/410005068160/ZOMATO,977.0,0.0,220065.0
2024-02-16,UPI/P2M/410005131512/HYD METRO RAIL,228.0,0.0,219837.0
2024-02-17,UPI/P2M/410005076079/ZOMATO,917.0,0.0,218920.0
2024-02-19,UPI/P2M/410005107755/RAPIDO,70.0,0.0,218850.0
2024-02-19,UPI/P2M/410005123593/OLA CABS,60.0,0.0,218790.0
2024-02-24,UPI/P2M/410005028565/BLINKIT,1152.0,0.0,217638.0
2024-02-24,UPI/P2M/410005052322/BIGBASKET,2246.0,0.0,215392.0
2024-02-24,UPI/P2M/410005139431/RAPIDO,166.0,0.0,215226.0
2024-02-24,ATM WDL/410005155269/HITECH CITY,3000.0,0.0,212226.0
2024-02-25,UPI/P2M/410005020646/BLINKIT,1027.0,0.0,211199.0
2024-02-28,NEFT/VERTEXA TECHNOLOGIES PVT LTD/SALARY FEB24,0.0,144371.0,355570.0
2024-02-28,UPI/P2M/410005036484/BIGBASKET,1988.0,0.0,353582.0
2024-02-28,UPI/P2M/410005115674/UBER INDIA,154.0,0.0,353428.0
2024-03-01,UPI/P2P/410005179026/LAKSHMI/maid salary,3500.0,0.0,349928.0
2024-03-01,UPI/P2M/410005218621/ZOMATO,628.0,0.0,349300.0
2024-03-02,IMPS/410005171107/TO FATHER/monthly support,6900.0,0.0,342400.0
2024-03-02,UPI/P2M/410005194864/BIGBASKET,3896.0,0.0,338504.0
2024-03-02,UPI/P2M/410005250297/OLA CABS,91.0,0.0,338413.0
2024-03-03,UPI/P2P/410005163188/SUNITA REDDY/Rent,24000.0,0.0,314413.0
2024-03-03,UPI/P2M/410005242378/ZOMATO,1795.0,0.0,312618.0
2024-03-03,CC BILL PAYMENT/HDFC CC XX4321,29211.0,0.0,283407.0
2024-03-05,NACH/ACT FIBERNET/BROADBAND,1060.0,0.0,282347.0
2024-03-05,NACH/SBI/EDUCATION LOAN EMI/EDU-01,12896.0,0.0,269451.0
2024-03-05,NACH/HDFC BANK/CAR LOAN EMI/CAR-01,13493.0,0.0,255958.0
2024-03-05,UPI/P2M/410005266135/OLA CABS,333.0,0.0,255625.0
2024-03-07,NACH/BSE STAR MF/NIFTY 50 INDEX FUND SIP,15000.0,0.0,240625.0
2024-03-07,NACH/BSE STAR MF/SHORT TERM DEBT FUND SIP,3000.0,0.0,237625.0
2024-03-08,UPI/P2M/410005186945/AIRTEL PREPAID,299.0,0.0,237326.0
2024-03-08,UPI/P2M/410005202783/BLINKIT,3187.0,0.0,234139.0
2024-03-08,UPI/P2M/410005226540/SWIGGY,895.0,0.0,233244.0
2024-03-08,UPI/P2M/410005289892/APOLLO PHARMACY,486.0,0.0,232758.0
2024-03-09,UPI/P2M/410005210702/SWIGGY,746.0,0.0,232012.0
2024-03-11,BBPS/TGSPDCL/ELECTRICITY BILL,1936.0,0.0,230076.0
2024-03-14,UPI/P2M/410005234459/ZOMATO,898.0,0.0,229178.0
2024-03-14,ATM WDL/410005297811/HITECH CITY,3000.0,0.0,226178.0
2024-03-15,UPI/P2M/410005258216/RAPIDO,192.0,0.0,225986.0
2024-03-16,UPI/P2M/410005274054/RAPIDO,322.0,0.0,225664.0
2024-03-21,NEFT/ICICI LOMBARD/MOTOR INSURANCE,19350.0,0.0,206314.0
2024-03-21,UPI/P2M/410005281973/RAPIDO,465.0,0.0,205849.0
2024-03-30,NEFT/VERTEXA TECHNOLOGIES PVT LTD/SALARY MAR24,0.0,144371.0,350220.0
2024-04-01,UPI/P2P/410005321568/LAKSHMI/maid salary,3500.0,0.0,346720.0
2024-04-01,UPI/P2M/410005384920/OLA CABS,422.0,0.0,346298.0
2024-04-02,IMPS/410005313649/TO FATHER/monthly support,6900.0,0.0,339398.0
2024-04-03,UPI/P2P/410005305730/SUNITA REDDY/Rent,24000.0,0.0,315398.0
2024-04-03,CC BILL PAYMENT/HDFC CC XX4321,13120.0,0.0,302278.0
2024-04-04,TRF TO PPF A/C 3021XXXX88,90000.0,0.0,212278.0
2024-04-05,NACH/ACT FIBERNET/BROADBAND,1060.0,0.0,211218.0
2024-04-05,NACH/SBI/EDUCATION LOAN EMI/EDU-01,12896.0,0.0,198322.0
2024-04-05,NACH/HDFC BANK/CAR LOAN EMI/CAR-01,13493.0,0.0,184829.0
2024-04-07,UPI/P2M/410005337406/ZEPTO,1566.0,0.0,183263.0
2024-04-07,UPI/P2M/410005345325/BIGBASKET,2749.0,0.0,180514.0
2024-04-07,UPI/P2M/410005353244/SWIGGY,426.0,0.0,180088.0
2024-04-07,NACH/BSE STAR MF/NIFTY 50 INDEX FUND SIP,16500.0,0.0,163588.0
2024-04-07,NACH/BSE STAR MF/SHORT TERM DEBT FUND SIP,3000.0,0.0,160588.0
2024-04-08,UPI/P2M/410005329487/AIRTEL PREPAID,299.0,0.0,160289.0
2024-04-09,UPI/P2M/410005369082/ZOMATO,248.0,0.0,160041.0
2024-04-11,BBPS/TGSPDCL/ELECTRICITY BILL,3165.0,0.0,156876.0
2024-04-15,NEFT/VERTEXA TECHNOLOGIES PVT LTD/PERF BONUS FY23,0.0,138262.0,295138.0
2024-04-16,ATM WDL/410005416596/HITECH CITY,2500.0,0.0,292638.0
2024-04-19,UPI/P2M/410005408677/APOLLO PHARMACY,396.0,0.0,292242.0
2024-04-22,UPI/P2M/410005377001/SWIGGY,617.0,0.0,291625.0
2024-04-23,UPI/P2M/410005392839/UBER INDIA,336.0,0.0,291289.0
2024-04-25,UPI/P2M/410005361163/SWIGGY,408.0,0.0,290881.0
2024-04-25,UPI/P2M/410005400758/UBER INDIA,666.0,0.0,290215.0
2024-04-29,NEFT/VERTEXA TECHNOLOGIES PVT LTD/SALARY APR24,0.0,156442.0,446657.0
2024-05-01,UPI/P2P/410005440353/LAKSHMI/maid salary,3500.0,0.0,443157.0
2024-05-02,IMPS/410005432434/TO FATHER/monthly support,7000.0,0.0,436157.0
2024-05-02,UPI/P2M/410005511624/SWIGGY,509.0,0.0,435648.0
2024-05-03,UPI/P2P/410005424515/SUNITA REDDY/Rent,24000.0,0.0,411648.0
2024-05-03,UPI/P2M/410005464110/BLINKIT,2565.0,0.0,409083.0
2024-05-03,CC BILL PAYMENT/HDFC CC XX4321,77220.0,0.0,331863.0
2024-05-05,NACH/ACT FIBERNET/BROADBAND,1060.0,0.0,330803.0
2024-05-05,NACH/SBI/EDUCATION LOAN EMI/EDU-01,12896.0,0.0,317907.0
2024-05-05,NACH/HDFC BANK/CAR LOAN EMI/CAR-01,13493.0,0.0,304414.0
2024-05-06,UPI/P2M/410005614571/APOLLO PHARMACY,847.0,0.0,303567.0
2024-05-07,NACH/BSE STAR MF/NIFTY 50 INDEX FUND SIP,16500.0,0.0,287067.0
2024-05-07,NACH/BSE STAR MF/SHORT TERM DEBT FUND SIP,3000.0,0.0,284067.0
2024-05-08,UPI/P2M/410005472029/BLINKIT,1332.0,0.0,282735.0
2024-05-09,UPI/P2M/410005448272/AIRTEL PREPAID,299.0,0.0,282436.0
2024-05-11,UPI/P2M/410005487867/SWIGGY,677.0,0.0,281759.0
2024-05-11,UPI/P2M/410005551219/SWIGGY,954.0,0.0,280805.0
2024-05-11,UPI/P2M/410005567057/UBER INDIA,142.0,0.0,280663.0
2024-05-12,UPI/P2M/410005495786/SWIGGY,283.0,0.0,280380.0
2024-05-12,UPI/P2M/410005519543/SWIGGY,556.0,0.0,279824.0
2024-05-14,BBPS/TGSPDCL/ELECTRICITY BILL,3231.0,0.0,276593.0
2024-05-15,UPI/P2M/410005543300/SWIGGY,498.0,0.0,276095.0
2024-05-16,UPI/P2M/410005503705/SWIGGY,586.0,0.0,275509.0
2024-05-17,UPI/P2M/410005598733/HYD METRO RAIL,60.0,0.0,275449.0
2024-05-21,UPI/P2M/410005535381/SWIGGY,212.0,0.0,275237.0
2024-05-21,UPI/P2M/410005559138/OLA CABS,174.0,0.0,275063.0
2024-05-22,UPI/P2M/410005606652/OLA CABS,212.0,0.0,274851.0
2024-05-23,UPI/P2M/410005582895/HYD METRO RAIL,92.0,0.0,274759.0
2024-05-24,UPI/P2M/410005479948/BLINKIT,939.0,0.0,273820.0
2024-05-25,UPI/P2M/410005527462/ZOMATO,1003.0,0.0,272817.0
2024-05-25,ATM WDL/410005622490/HITECH CITY,3000.0,0.0,269817.0
2024-05-26,UPI/P2M/410005590814/OLA CABS,320.0,0.0,269497.0
2024-05-27,UPI/P2M/410005456191/BLINKIT,887.0,0.0,268610.0
2024-05-27,UPI/P2M/410005574976/UBER INDIA,322.0,0.0,268288.0
2024-05-30,NEFT/VERTEXA TECHNOLOGIES PVT LTD/SALARY MAY24,0.0,156442.0,424730.0
2024-06-01,UPI/P2P/410005646247/LAKSHMI/maid salary,3500.0,0.0,421230.0
2024-06-02,IMPS/410005638328/TO FATHER/monthly support,7000.0,0.0,414230.0
2024-06-02,UPI/P2M/410005749194/OLA CABS,469.0,0.0,413761.0
2024-06-03,UPI/P2P/410005630409/SUNITA REDDY/Rent,24000.0,0.0,389761.0
2024-06-03,CC BILL PAYMENT/HDFC CC XX4321,15149.0,0.0,374612.0
2024-06-04,UPI/P2M/410005670004/BLINKIT,1376.0,0.0,373236.0
2024-06-04,UPI/P2M/410005717518/SWIGGY,378.0,0.0,372858.0
2024-06-05,NACH/ACT FIBERNET/BROADBAND,1060.0,0.0,371798.0
2024-06-05,NACH/SBI/EDUCATION LOAN EMI/EDU-01,12896.0,0.0,358902.0
2024-06-05,NACH/HDFC BANK/CAR LOAN EMI/CAR-01,13493.0,0.0,345409.0
2024-06-05,ATM WDL/410005796708/HITECH CITY,2000.0,0.0,343409.0
2024-06-07,NACH/BSE STAR MF/NIFTY 50 INDEX FUND SIP,16500.0,0.0,326909.0
2024-06-07,NACH/BSE STAR MF/SHORT TERM DEBT FUND SIP,3000.0,0.0,323909.0
2024-06-08,UPI/P2M/410005654166/AIRTEL PREPAID,299.0,0.0,323610.0
2024-06-08,UPI/P2M/410005709599/BIGBASKET,1177.0,0.0,322433.0
2024-06-10,NACH/HDFC LIFE/TERM PREMIUM,11800.0,0.0,310633.0
2024-06-10,UPI/P2M/410005788789/APOLLO PHARMACY,741.0,0.0,309892.0
2024-06-11,UPI/P2M/410005741275/SWIGGY,2004.0,0.0,307888.0
2024-06-13,BBPS/TGSPDCL/ELECTRICITY BILL,3641.0,0.0,304247.0
2024-06-13,UPI/P2M/410005757113/UBER INDIA,321.0,0.0,303926.0
2024-06-14,UPI/P2M/410005693761/ZEPTO,1508.0,0.0,302418.0
2024-06-19,UPI/P2M/410005725437/ZOMATO,741.0,0.0,301677.0
2024-06-20,UPI/P2M/410005701680/ZEPTO,1279.0,0.0,300398.0
2024-06-22,UPI/P2M/410005780870/HYD METRO RAIL,153.0,0.0,300245.0
2024-06-23,UPI/P2M/410005733356/SWIGGY,896.0,0.0,299349.0
2024-06-25,UPI/P2M/410005765032/UBER INDIA,245.0,0.0,299104.0
2024-06-27,UPI/P2M/410005677923/BIGBASKET,1206.0,0.0,297898.0
2024-06-28,UPI/P2M/410005662085/BLINKIT,826.0,0.0,297072.0
2024-06-28,UPI/P2M/410005685842/BIGBASKET,1570.0,0.0,295502.0
2024-06-28,UPI/P2M/410005772951/HYD METRO RAIL,206.0,0.0,295296.0
2024-06-29,NEFT/VERTEXA TECHNOLOGIES PVT LTD/SALARY JUN24,0.0,156442.0,451738.0
2024-07-01,UPI/P2P/410005820465/LAKSHMI/maid salary,3500.0,0.0,448238.0
2024-07-02,IMPS/410005812546/TO FATHER/monthly support,7000.0,0.0,441238.0
2024-07-03,UPI/P2P/410005804627/SUNITA REDDY/Rent,24000.0,0.0,417238.0
2024-07-03,CC BILL PAYMENT/HDFC CC XX4321,22790.0,0.0,394448.0
2024-07-05,NACH/ACT FIBERNET/BROADBAND,1060.0,0.0,393388.0
2024-07-05,NACH/SBI/EDUCATION LOAN EMI/EDU-01,12896.0,0.0,380492.0
2024-07-05,NACH/HDFC BANK/CAR LOAN EMI/CAR-01,13493.0,0.0,366999.0
2024-07-06,UPI/P2M/410005828384/AIRTEL PREPAID,349.0,0.0,366650.0
2024-07-07,UPI/P2M/410005875898/SWIGGY,141.0,0.0,366509.0
2024-07-07,NACH/BSE STAR MF/NIFTY 50 INDEX FUND SIP,16500.0,0.0,350009.0
2024-07-07,NACH/BSE STAR MF/SHORT TERM DEBT FUND SIP,3000.0,0.0,347009.0
2024-07-09,UPI/P2M/410005883817/SWIGGY,1538.0,0.0,345471.0
2024-07-10,UPI/P2M/410005836303/ZEPTO,2466.0,0.0,343005.0
2024-07-10,UPI/P2M/410005907574/RAPIDO,200.0,0.0,342805.0
2024-07-11,UPI/P2M/410005899655/HYD METRO RAIL,814.0,0.0,341991.0
2024-07-13,UPI/P2M/410005852141/BLINKIT,2164.0,0.0,339827.0
2024-07-14,BBPS/TGSPDCL/ELECTRICITY BILL,1610.0,0.0,338217.0
2024-07-17,UPI/P2M/410005923412/APOLLO PHARMACY,602.0,0.0,337615.0
2024-07-18,UPI/P2M/410005860060/SWIGGY,2242.0,0.0,335373.0
2024-07-24,UPI/P2M/410005844222/BIGBASKET,2197.0,0.0,333176.0
2024-07-24,ATM WDL/410005931331/HITECH CITY,2500.0,0.0,330676.0
2024-07-25,UPI/P2M/410005915493/OLA CABS,298.0,0.0,330378.0
2024-07-27,UPI/P2M/410005891736/SWIGGY,670.0,0.0,329708.0
2024-07-28,UPI/P2M/410005867979/SWIGGY,551.0,0.0,329157.0
2024-07-30,NEFT/VERTEXA TECHNOLOGIES PVT LTD/SALARY JUL24,0.0,156442.0,485599.0
2024-08-01,UPI/P2P/410005955088/LAKSHMI/maid salary,3500.0,0.0,482099.0
2024-08-02,IMPS/410005947169/TO FATHER/monthly support,7100.0,0.0,474999.0
2024-08-02,UPI/P2M/410005994683/ZEPTO,2141.0,0.0,472858.0
2024-08-02,UPI/P2M/410006050116/OLA CABS,634.0,0.0,472224.0
2024-08-03,UPI/P2P/410005939250/SUNITA REDDY/Rent,24000.0,0.0,448224.0
2024-08-03,CC BILL PAYMENT/HDFC CC XX4321,17931.0,0.0,430293.0
2024-08-04,UPI/P2M/410006018440/ZOMATO,1032.0,0.0,429261.0
2024-08-05,NACH/ACT FIBERNET/BROADBAND,1060.0,0.0,428201.0
2024-08-05,NACH/SBI/EDUCATION LOAN EMI/EDU-01,12896.0,0.0,415305.0
2024-08-05,NACH/HDFC BANK/CAR LOAN EMI/CAR-01,13493.0,0.0,401812.0
2024-08-05,UPI/P2M/410006058035/OLA CABS,180.0,0.0,401632.0
2024-08-07,UPI/P2M/410005963007/AIRTEL PREPAID,349.0,0.0,401283.0
2024-08-07,NACH/BSE STAR MF/NIFTY 50 INDEX FUND SIP,16500.0,0.0,384783.0
2024-08-07,NACH/BSE STAR MF/SHORT TERM DEBT FUND SIP,3000.0,0.0,381783.0
2024-08-12,BBPS/TGSPDCL/ELECTRICITY BILL,1620.0,0.0,380163.0
2024-08-14,UPI/P2M/410006034278/SWIGGY,2262.0,0.0,377901.0
2024-08-15,UPI/P2M/410006042197/UBER INDIA,429.0,0.0,377472.0
2024-08-16,UPI/P2M/410006065954/APOLLO PHARMACY,978.0,0.0,376494.0
2024-08-16,NEFT/ZERODHA BROKING/FUNDS ADDED,39107.0,0.0,337387.0
2024-08-17,UPI/P2M/410006010521/ZOMATO,1524.0,0.0,335863.0
2024-08-20,UPI/P2M/410005970926/BLINKIT,2181.0,0.0,333682.0
2024-08-20,UPI/P2M/410005978845/BIGBASKET,1014.0,0.0,332668.0
2024-08-20,UPI/P2M/410005986764/BLINKIT,333.0,0.0,332335.0
2024-08-23,ATM WDL/410006073873/HITECH CITY,2000.0,0.0,330335.0
2024-08-25,UPI/P2M/410006026359/ZOMATO,1440.0,0.0,328895.0
2024-08-27,UPI/P2M/410006002602/BIGBASKET,2129.0,0.0,326766.0
2024-08-30,NEFT/VERTEXA TECHNOLOGIES PVT LTD/SALARY AUG24,0.0,156442.0,483208.0
2024-09-01,UPI/P2P/410006097630/LAKSHMI/maid salary,3600.0,0.0,479608.0
2024-09-01,UPI/P2M/410006121387/BLINKIT,899.0,0.0,478709.0
2024-09-01,UPI/P2M/410006168901/OLA CABS,95.0,0.0,478614.0
2024-09-02,IMPS/410006089711/TO FATHER/monthly support,7100.0,0.0,471514.0
2024-09-02,UPI/P2M/410006137225/BIGBASKET,1483.0,0.0,470031.0
2024-09-03,UPI/P2P/410006081792/SUNITA REDDY/Rent,24000.0,0.0,446031.0
2024-09-03,CC BILL PAYMENT/HDFC CC XX4321,16946.0,0.0,429085.0
2024-09-05,NACH/ACT FIBERNET/BROADBAND,1060.0,0.0,428025.0
2024-09-05,NACH/SBI/EDUCATION LOAN EMI/EDU-01,12896.0,0.0,415129.0
2024-09-05,NACH/HDFC BANK/CAR LOAN EMI/CAR-01,13493.0,0.0,401636.0
2024-09-07,NACH/BSE STAR MF/NIFTY 50 INDEX FUND SIP,16500.0,0.0,385136.0
2024-09-07,NACH/BSE STAR MF/SHORT TERM DEBT FUND SIP,3000.0,0.0,382136.0
2024-09-09,UPI/P2M/410006105549/AIRTEL PREPAID,349.0,0.0,381787.0
2024-09-11,UPI/P2M/410006113468/ZEPTO,1094.0,0.0,380693.0
2024-09-13,BBPS/TGSPDCL/ELECTRICITY BILL,1955.0,0.0,378738.0
2024-09-13,UPI/P2M/410006145144/ZEPTO,970.0,0.0,377768.0
2024-09-13,UPI/P2M/410006184739/UBER INDIA,182.0,0.0,377586.0
2024-09-14,UPI/P2M/410006129306/BIGBASKET,358.0,0.0,377228.0
2024-09-16,UPI/P2M/410006216415/RAPIDO,181.0,0.0,377047.0
2024-09-19,UPI/P2M/410006153063/SWIGGY,505.0,0.0,376542.0
2024-09-19,UPI/P2M/410006192658/HYD METRO RAIL,456.0,0.0,376086.0
2024-09-20,UPI/P2M/410006160982/ZOMATO,666.0,0.0,375420.0
2024-09-20,UPI/P2M/410006200577/RAPIDO,220.0,0.0,375200.0
2024-09-20,UPI/P2M/410006208496/HYD METRO RAIL,208.0,0.0,374992.0
2024-09-21,UPI/P2M/410006176820/UBER INDIA,295.0,0.0,374697.0
2024-09-22,ATM WDL/410006232253/HITECH CITY,2000.0,0.0,372697.0
2024-09-24,UPI/P2M/410006224334/APOLLO PHARMACY,418.0,0.0,372279.0
2024-09-29,NEFT/VERTEXA TECHNOLOGIES PVT LTD/SALARY SEP24,0.0,156442.0,528721.0
2024-10-01,UPI/P2P/410006256010/LAKSHMI/maid salary,3600.0,0.0,525121.0
2024-10-02,IMPS/410006248091/TO FATHER/monthly support,7100.0,0.0,518021.0
2024-10-03,UPI/P2P/410006240172/SUNITA REDDY/Rent,24000.0,0.0,494021.0
2024-10-03,CC BILL PAYMENT/HDFC CC XX4321,23968.0,0.0,470053.0
2024-10-05,NACH/ACT FIBERNET/BROADBAND,1060.0,0.0,468993.0
2024-10-05,NACH/HDFC BANK/CAR LOAN EMI/CAR-01,13493.0,0.0,455500.0
2024-10-06,UPI/P2M/410006263929/AIRTEL PREPAID,349.0,0.0,455151.0
2024-10-06,UPI/P2M/410006351038/RAPIDO,350.0,0.0,454801.0
2024-10-07,UPI/P2M/410006271848/BLINKIT,462.0,0.0,454339.0
2024-10-07,UPI/P2M/410006358957/APOLLO PHARMACY,533.0,0.0,453806.0
2024-10-07,NACH/BSE STAR MF/NIFTY 50 INDEX FUND SIP,16500.0,0.0,437306.0
2024-10-07,NACH/BSE STAR MF/SHORT TERM DEBT FUND SIP,3000.0,0.0,434306.0
2024-10-09,UPI/P2M/410006343119/RAPIDO,240.0,0.0,434066.0
2024-10-10,UPI/P2M/410006374795/TANISHQ / DIWALI GIFTS,12757.0,0.0,421309.0
2024-10-11,UPI/P2M/410006295605/BIGBASKET,1944.0,0.0,419365.0
2024-10-13,BBPS/TGSPDCL/ELECTRICITY BILL,1923.0,0.0,417442.0
2024-10-13,UPI/P2M/410006311443/HYD METRO RAIL,296.0,0.0,417146.0
2024-10-14,UPI/P2M/410006327281/RAPIDO,289.0,0.0,416857.0
2024-10-16,UPI/P2M/410006279767/ZEPTO,1025.0,0.0,415832.0
2024-10-20,UPI/P2M/410006319362/RAPIDO,107.0,0.0,415725.0
2024-10-24,UPI/P2M/410006303524/SWIGGY,950.0,0.0,414775.0
2024-10-24,ATM WDL/410006366876/HITECH CITY,2000.0,0.0,412775.0
2024-10-25,UPI/P2M/410006287686/ZEPTO,3801.0,0.0,408974.0
2024-10-25,UPI/P2M/410006335200/UBER INDIA,423.0,0.0,408551.0
2024-10-30,NEFT/VERTEXA TECHNOLOGIES PVT LTD/SALARY OCT24,0.0,156442.0,564993.0
2024-11-01,UPI/P2P/410006398552/LAKSHMI/maid salary,3600.0,0.0,561393.0
2024-11-01,UPI/P2M/410006549013/TANISHQ / DIWALI GIFTS,10260.0,0.0,551133.0
2024-11-02,IMPS/410006390633/TO FATHER/monthly support,7200.0,0.0,543933.0
2024-11-02,UPI/P2M/410006414390/ZEPTO,675.0,0.0,543258.0
2024-11-03,UPI/P2P/410006382714/SUNITA REDDY/Rent,24000.0,0.0,519258.0
2024-11-03,CC BILL PAYMENT/HDFC CC XX4321,26659.0,0.0,492599.0
2024-11-05,NACH/ACT FIBERNET/BROADBAND,1060.0,0.0,491539.0
2024-11-05,NACH/HDFC BANK/CAR LOAN EMI/CAR-01,13493.0,0.0,478046.0
2024-11-07,UPI/P2M/410006406471/AIRTEL PREPAID,349.0,0.0,477697.0
2024-11-07,UPI/P2M/410006477742/ZOMATO,895.0,0.0,476802.0
2024-11-07,NACH/BSE STAR MF/NIFTY 50 INDEX FUND SIP,16500.0,0.0,460302.0
2024-11-07,NACH/BSE STAR MF/SHORT TERM DEBT FUND SIP,3000.0,0.0,457302.0
2024-11-08,UPI/P2M/410006485661/SWIGGY,845.0,0.0,456457.0
2024-11-08,UPI/P2M/410006509418/OLA CABS,318.0,0.0,456139.0
2024-11-10,ATM WDL/410006541094/HITECH CITY,2500.0,0.0,453639.0
2024-11-10,BSE STAR MF/NIFTY 50 INDEX FUND LUMPSUM,240000.0,0.0,213639.0
2024-11-14,BBPS/TGSPDCL/ELECTRICITY BILL,1830.0,0.0,211809.0
2024-11-14,UPI/P2M/410006446066/ZEPTO,978.0,0.0,210831.0
2024-11-14,UPI/P2M/410006525256/OLA CABS,561.0,0.0,210270.0
2024-11-15,UPI/P2M/410006517337/OLA CABS,419.0,0.0,209851.0
2024-11-16,UPI/P2M/410006438147/BIGBASKET,2048.0,0.0,207803.0
2024-11-17,UPI/P2M/410006469823/SWIGGY,1144.0,0.0,206659.0
2024-11-17,UPI/P2M/410006501499/SWIGGY,871.0,0.0,205788.0
2024-11-18,UPI/P2M/410006533175/APOLLO PHARMACY,606.0,0.0,205182.0
2024-11-19,UPI/P2M/410006493580/SWIGGY,394.0,0.0,204788.0
2024-11-20,UPI/P2M/410006453985/BIGBASKET,973.0,0.0,203815.0
2024-11-23,UPI/P2M/410006430228/ZEPTO,3135.0,0.0,200680.0
2024-11-25,ACH/OFFICE REIT/DISTRIBUTION,0.0,638.0,201318.0
2024-11-25,UPI/P2M/410006461904/SWIGGY,1336.0,0.0,199982.0
2024-11-27,UPI/P2M/410006422309/BIGBASKET,1457.0,0.0,198525.0
2024-11-29,NEFT/VERTEXA TECHNOLOGIES PVT LTD/SALARY NOV24,0.0,156442.0,354967.0
2024-12-01,UPI/P2P/410006572770/LAKSHMI/maid salary,3600.0,0.0,351367.0
2024-12-02,IMPS/410006564851/TO FATHER/monthly support,7200.0,0.0,344167.0
2024-12-02,UPI/P2M/410006659879/UBER INDIA,73.0,0.0,344094.0
2024-12-03,UPI/P2P/410006556932/SUNITA REDDY/Rent,24000.0,0.0,320094.0
2024-12-03,UPI/P2M/410006620284/ZEPTO,2305.0,0.0,317789.0
2024-12-03,UPI/P2M/410006691555/OLA CABS,202.0,0.0,317587.0
2024-12-03,CC BILL PAYMENT/HDFC CC XX4321,22929.0,0.0,294658.0
2024-12-05,NACH/ACT FIBERNET/BROADBAND,1060.0,0.0,293598.0
2024-12-05,NACH/HDFC BANK/CAR LOAN EMI/CAR-01,13493.0,0.0,280105.0
2024-12-06,UPI/P2M/410006580689/AIRTEL PREPAID,349.0,0.0,279756.0
2024-12-06,UPI/P2M/410006604446/BIGBASKET,1621.0,0.0,278135.0
2024-12-07,NACH/BSE STAR MF/NIFTY 50 INDEX FUND SIP,16500.0,0.0,261635.0
2024-12-07,NACH/BSE STAR MF/SHORT TERM DEBT FUND SIP,3000.0,0.0,258635.0
2024-12-09,UPI/P2M/410006588608/BIGBASKET,918.0,0.0,257717.0
2024-12-09,UPI/P2M/410006596527/ZEPTO,685.0,0.0,257032.0
2024-12-10,UPI/P2M/410006628203/SWIGGY,1566.0,0.0,255466.0
2024-12-11,BBPS/TGSPDCL/ELECTRICITY BILL,1715.0,0.0,253751.0
2024-12-16,UPI/P2M/410006699474/UBER INDIA,579.0,0.0,253172.0
2024-12-22,UPI/P2M/410006715312/APOLLO PHARMACY,762.0,0.0,252410.0
2024-12-23,UPI/P2M/410006636122/SWIGGY,604.0,0.0,251806.0
2024-12-23,UPI/P2M/410006667798/OLA CABS,82.0,0.0,251724.0
2024-12-23,ATM WDL/410006723231/HITECH CITY,2500.0,0.0,249224.0
2024-12-24,UPI/P2M/410006644041/ZOMATO,606.0,0.0,248618.0
2024-12-24,UPI/P2M/410006683636/UBER INDIA,193.0,0.0,248425.0
2024-12-25,UPI/P2M/410006707393/RAPIDO,183.0,0.0,248242.0
2024-12-27,UPI/P2M/410006612365/BIGBASKET,1326.0,0.0,246916.0
2024-12-27,UPI/P2M/410006651960/ZOMATO,379.0,0.0,246537.0
2024-12-28,UPI/P2M/410006675717/OLA CABS,262.0,0.0,246275.0
2024-12-30,NEFT/VERTEXA TECHNOLOGIES PVT LTD/SALARY DEC24,0.0,156442.0,402717.0
2025-01-01,UPI/P2P/410006746988/LAKSHMI/maid salary,3600.0,0.0,399117.0
2025-01-01,UPI/P2M/410006762826/BLINKIT,1458.0,0.0,397659.0
2025-01-02,IMPS/410006739069/TO FATHER/monthly support,7300.0,0.0,390359.0
2025-01-03,UPI/P2P/410006731150/SUNITA REDDY/Rent,24000.0,0.0,366359.0
2025-01-03,CC BILL PAYMENT/HDFC CC XX4321,98853.0,0.0,267506.0
2025-01-04,UPI/P2M/410006842016/OLA CABS,472.0,0.0,267034.0
2025-01-05,NACH/ACT FIBERNET/BROADBAND,1178.0,0.0,265856.0
2025-01-05,NACH/HDFC BANK/CAR LOAN EMI/CAR-01,13493.0,0.0,252363.0
2025-01-06,UPI/P2M/410006754907/AIRTEL PREPAID,349.0,0.0,252014.0
2025-01-06,UPI/P2M/410006786583/ZEPTO,1962.0,0.0,250052.0
2025-01-07,NACH/BSE STAR MF/NIFTY 50 INDEX FUND SIP,16500.0,0.0,233552.0
2025-01-07,NACH/BSE STAR MF/SHORT TERM DEBT FUND SIP,3000.0,0.0,230552.0
2025-01-09,UPI/P2M/410006818259/ZOMATO,1366.0,0.0,229186.0
2025-01-09,UPI/P2M/410006834097/RAPIDO,806.0,0.0,228380.0
2025-01-11,UPI/P2M/410006770745/BIGBASKET,1039.0,0.0,227341.0
2025-01-12,UPI/P2M/410006849935/APOLLO PHARMACY,542.0,0.0,226799.0
2025-01-13,BBPS/TGSPDCL/ELECTRICITY BILL,1841.0,0.0,224958.0
2025-01-15,UPI/P2M/410006802421/SWIGGY,579.0,0.0,224379.0
2025-01-20,ATM WDL/410006857854/HITECH CITY,2000.0,0.0,222379.0
2025-01-21,UPI/P2M/410006794502/ZEPTO,1994.0,0.0,220385.0
2025-01-21,UPI/P2M/410006810340/SWIGGY,1156.0,0.0,219229.0
2025-01-22,UPI/P2M/410006778664/ZEPTO,1342.0,0.0,217887.0
2025-01-23,UPI/P2M/410006826178/HYD METRO RAIL,178.0,0.0,217709.0
2025-01-30,NEFT/VERTEXA TECHNOLOGIES PVT LTD/SALARY JAN25,0.0,156442.0,374151.0
2025-02-01,UPI/P2P/410006881611/LAKSHMI/maid salary,3600.0,0.0,370551.0
2025-02-02,IMPS/410006873692/TO FATHER/monthly support,7300.0,0.0,363251.0
2025-02-02,UPI/P2M/410006984558/SWIGGY,889.0,0.0,362362.0
2025-02-03,UPI/P2P/410006865773/SUNITA REDDY/Rent,24000.0,0.0,338362.0
2025-02-03,CC BILL PAYMENT/HDFC CC XX4321,35409.0,0.0,302953.0
2025-02-05,NACH/ACT FIBERNET/BROADBAND,1178.0,0.0,301775.0
2025-02-05,NACH/HDFC BANK/CAR LOAN EMI/CAR-01,13493.0,0.0,288282.0
2025-02-06,UPI/P2M/410006889530/AIRTEL PREPAID,349.0,0.0,287933.0
2025-02-06,ATM WDL/410007039991/HITECH CITY,2500.0,0.0,285433.0
2025-02-07,UPI/P2M/410006992477/ZOMATO,661.0,0.0,284772.0
2025-02-07,NACH/BSE STAR MF/NIFTY 50 INDEX FUND SIP,16500.0,0.0,268272.0
2025-02-07,NACH/BSE STAR MF/SHORT TERM DEBT FUND SIP,3000.0,0.0,265272.0
2025-02-08,UPI/P2M/410007000396/SWIGGY,561.0,0.0,264711.0
2025-02-08,UPI/P2M/410007024153/UBER INDIA,373.0,0.0,264338.0
2025-02-09,UPI/P2M/410006905368/ZEPTO,1546.0,0.0,262792.0
2025-02-09,UPI/P2M/410006952882/ZOMATO,1943.0,0.0,260849.0
2025-02-09,UPI/P2M/410007008315/UBER INDIA,1012.0,0.0,259837.0
2025-02-11,UPI/P2M/410006937044/BLINKIT,1253.0,0.0,258584.0
2025-02-12,BBPS/TGSPDCL/ELECTRICITY BILL,1564.0,0.0,257020.0
2025-02-12,UPI/P2M/410006913287/BIGBASKET,2533.0,0.0,254487.0
2025-02-14,UPI/P2M/410006897449/BLINKIT,1032.0,0.0,253455.0
2025-02-14,UPI/P2M/410007032072/APOLLO PHARMACY,585.0,0.0,252870.0
2025-02-16,UPI/P2M/410007016234/RAPIDO,119.0,0.0,252751.0
2025-02-16,NEFT/ZERODHA BROKING/FUNDS ADDED,32541.0,0.0,220210.0
2025-02-17,UPI/P2M/410006929125/BIGBASKET,1466.0,0.0,218744.0
2025-02-17,UPI/P2M/410006976639/ZOMATO,1578.0,0.0,217166.0
2025-02-21,UPI/P2M/410006944963/SWIGGY,538.0,0.0,216628.0
2025-02-22,UPI/P2M/410006921206/ZEPTO,656.0,0.0,215972.0
2025-02-24,UPI/P2M/410006968720/ZOMATO,276.0,0.0,215696.0
2025-02-25,ACH/OFFICE REIT/DISTRIBUTION,0.0,651.0,216347.0
2025-02-26,UPI/P2M/410006960801/SWIGGY,539.0,0.0,215808.0
2025-02-27,NEFT/VERTEXA TECHNOLOGIES PVT LTD/SALARY FEB25,0.0,156442.0,372250.0
2025-03-01,UPI/P2P/410007063748/LAKSHMI/maid salary,3700.0,0.0,368550.0
2025-03-01,UPI/P2M/410007127100/SWIGGY,1315.0,0.0,367235.0
2025-03-02,IMPS/410007055829/TO FATHER/monthly support,7300.0,0.0,359935.0
2025-03-03,UPI/P2P/410007047910/SUNITA REDDY/Rent,25200.0,0.0,334735.0
2025-03-03,CC BILL PAYMENT/HDFC CC XX4321,15908.0,0.0,318827.0
2025-03-04,UPI/P2M/410007230047/UBER INDIA,125.0,0.0,318702.0
2025-03-05,NACH/ACT FIBERNET/BROADBAND,1178.0,0.0,317524.0
2025-03-05,NACH/HDFC BANK/CAR LOAN EMI/CAR-01,13493.0,0.0,304031.0
2025-03-07,UPI/P2M/410007087505/BIGBASKET,623.0,0.0,303408.0
2025-03-07,NACH/BSE STAR MF/NIFTY 50 INDEX FUND SIP,16500.0,0.0,286908.0
2025-03-07,NACH/BSE STAR MF/SHORT TERM DEBT FUND SIP,3000.0,0.0,283908.0
2025-03-08,UPI/P2M/410007071667/AIRTEL PREPAID,349.0,0.0,283559.0
2025-03-09,UPI/P2M/410007103343/ZEPTO,2996.0,0.0,280563.0
2025-03-10,BBPS/TGSPDCL/ELECTRICITY BILL,1743.0,0.0,278820.0
2025-03-11,UPI/P2M/410007111262/BIGBASKET,748.0,0.0,278072.0
2025-03-11,UPI/P2M/410007119181/BLINKIT,742.0,0.0,277330.0
2025-03-11,UPI/P2M/410007245885/APOLLO PHARMACY,486.0,0.0,276844.0
2025-03-12,UPI/P2M/410007142938/SWIGGY,765.0,0.0,276079.0
2025-03-13,UPI/P2M/410007095424/BLINKIT,1948.0,0.0,274131.0
2025-03-13,UPI/P2M/410007198371/UBER INDIA,60.0,0.0,274071.0
2025-03-14,UPI/P2M/410007166695/SWIGGY,1499.0,0.0,272572.0
2025-03-14,UPI/P2M/410007174614/ZOMATO,1186.0,0.0,271386.0
2025-03-16,UPI/P2M/410007190452/OLA CABS,188.0,0.0,271198.0
2025-03-19,UPI/P2M/410007206290/HYD METRO RAIL,365.0,0.0,270833.0
2025-03-21,NEFT/ICICI LOMBARD/MOTOR INSURANCE,17415.0,0.0,253418.0
2025-03-21,UPI/P2M/410007079586/BIGBASKET,1856.0,0.0,251562.0
2025-03-22,UPI/P2M/410007150857/ZOMATO,212.0,0.0,251350.0
2025-03-22,UPI/P2M/410007182533/ZOMATO,817.0,0.0,250533.0
2025-03-22,UPI/P2M/410007237966/RAPIDO,241.0,0.0,250292.0
2025-03-23,UPI/P2M/410007135019/ZOMATO,921.0,0.0,249371.0
2025-03-24,UPI/P2M/410007214209/UBER INDIA,112.0,0.0,249259.0
2025-03-24,UPI/P2M/410007222128/RAPIDO,165.0,0.0,249094.0
2025-03-24,ATM WDL/410007253804/HITECH CITY,2000.0,0.0,247094.0
2025-03-26,UPI/P2M/410007158776/SWIGGY,537.0,0.0,246557.0
2025-03-30,NEFT/VERTEXA TECHNOLOGIES PVT LTD/SALARY MAR25,0.0,156442.0,402999.0
2025-04-01,UPI/P2P/410007277561/LAKSHMI/maid salary,3700.0,0.0,399299.0
2025-04-02,IMPS/410007269642/TO FATHER/monthly support,7400.0,0.0,391899.0
2025-04-02,UPI/P2M/410007396346/UBER INDIA,424.0,0.0,391475.0
2025-04-03,UPI/P2P/410007261723/SUNITA REDDY/Rent,25200.0,0.0,366275.0
2025-04-03,UPI/P2M/410007372589/SWIGGY,2020.0,0.0,364255.0
2025-04-03,CC BILL PAYMENT/HDFC CC XX4321,13864.0,0.0,350391.0
2025-04-04,UPI/P2M/410007412184/APOLLO PHARMACY,403.0,0.0,349988.0
2025-04-04,TRF TO PPF A/C 3021XXXX88,90000.0,0.0,259988.0
2025-04-05,NACH/ACT FIBERNET/BROADBAND,1178.0,0.0,258810.0
2025-04-05,NACH/HDFC BANK/CAR LOAN EMI/CAR-01,13493.0,0.0,245317.0
2025-04-07,NACH/BSE STAR MF/NIFTY 50 INDEX FUND SIP,18200.0,0.0,227117.0
2025-04-07,NACH/BSE STAR MF/SHORT TERM DEBT FUND SIP,3000.0,0.0,224117.0
2025-04-08,UPI/P2M/410007285480/AIRTEL PREPAID,349.0,0.0,223768.0
2025-04-08,UPI/P2M/410007340913/ZOMATO,285.0,0.0,223483.0
2025-04-11,UPI/P2M/410007364670/SWIGGY,1738.0,0.0,221745.0
2025-04-12,BBPS/TGSPDCL/ELECTRICITY BILL,3631.0,0.0,218114.0
2025-04-15,NEFT/VERTEXA TECHNOLOGIES PVT LTD/PERF BONUS FY24,0.0,150706.0,368820.0
2025-04-16,UPI/P2M/410007325075/SWIGGY,1122.0,0.0,367698.0
2025-04-16,UPI/P2M/410007332994/SWIGGY,65.0,0.0,367633.0
2025-04-17,UPI/P2M/410007309237/ZEPTO,2108.0,0.0,365525.0
2025-04-17,UPI/P2M/410007348832/SWIGGY,2086.0,0.0,363439.0
2025-04-21,UPI/P2M/410007293399/BIGBASKET,566.0,0.0,362873.0
2025-04-22,UPI/P2M/410007380508/SWIGGY,570.0,0.0,362303.0
2025-04-23,UPI/P2M/410007301318/ZEPTO,2704.0,0.0,359599.0
2025-04-25,UPI/P2M/410007317156/BIGBASKET,1609.0,0.0,357990.0
2025-04-26,UPI/P2M/410007388427/OLA CABS,1065.0,0.0,356925.0
2025-04-26,UPI/P2M/410007404265/HYD METRO RAIL,269.0,0.0,356656.0
2025-04-27,ATM WDL/410007420103/HITECH CITY,3000.0,0.0,353656.0
2025-04-28,UPI/P2M/410007356751/ZOMATO,300.0,0.0,353356.0
2025-04-29,NEFT/VERTEXA TECHNOLOGIES PVT LTD/SALARY APR25,0.0,177479.0,530835.0
2025-05-01,UPI/P2P/410007443860/LAKSHMI/maid salary,3700.0,0.0,527135.0
2025-05-02,IMPS/410007435941/TO FATHER/monthly support,7400.0,0.0,519735.0
2025-05-03,UPI/P2P/410007428022/SUNITA REDDY/Rent,25200.0,0.0,494535.0
2025-05-03,CC BILL PAYMENT/HDFC CC XX4321,16974.0,0.0,477561.0
2025-05-05,NACH/ACT FIBERNET/BROADBAND,1178.0,0.0,476383.0
2025-05-05,NACH/HDFC BANK/CAR LOAN EMI/CAR-01,13493.0,0.0,462890.0
2025-05-05,UPI/P2M/410007467617/BLINKIT,1841.0,0.0,461049.0
2025-05-06,UPI/P2M/410007459698/ZEPTO,1778.0,0.0,459271.0
2025-05-07,UPI/P2M/410007451779/AIRTEL PREPAID,349.0,0.0,458922.0
2025-05-07,UPI/P2M/410007538888/OLA CABS,266.0,0.0,458656.0
2025-05-07,UPI/P2M/410007546807/UBER INDIA,419.0,0.0,458237.0
2025-05-07,NACH/BSE STAR MF/NIFTY 50 INDEX FUND SIP,18200.0,0.0,440037.0
2025-05-07,NACH/BSE STAR MF/SHORT TERM DEBT FUND SIP,3000.0,0.0,437037.0
2025-05-10,UPI/P2M/410007554726/APOLLO PHARMACY,407.0,0.0,436630.0
2025-05-10,BSE STAR MF/NIFTY 50 INDEX FUND LUMPSUM,250000.0,0.0,186630.0
2025-05-13,UPI/P2M/410007507212/ZOMATO,867.0,0.0,185763.0
2025-05-14,BBPS/TGSPDCL/ELECTRICITY BILL,4222.0,0.0,181541.0
2025-05-14,UPI/P2M/410007515131/SWIGGY,1022.0,0.0,180519.0
2025-05-14,UPI/P2M/410007523050/SWIGGY,843.0,0.0,179676.0
2025-05-19,ATM WDL/410007562645/HITECH CITY,2000.0,0.0,177676.0
2025-05-21,UPI/P2M/410007475536/BIGBASKET,2376.0,0.0,175300.0
2025-05-23,UPI/P2M/410007491374/SWIGGY,1126.0,0.0,174174.0
2025-05-25,ACH/OFFICE REIT/DISTRIBUTION,0.0,1128.0,175302.0
2025-05-27,UPI/P2M/410007483455/ZEPTO,582.0,0.0,174720.0
2025-05-27,UPI/P2M/410007499293/SWIGGY,1645.0,0.0,173075.0
2025-05-28,UPI/P2M/410007530969/OLA CABS,881.0,0.0,172194.0
2025-05-30,NEFT/VERTEXA TECHNOLOGIES PVT LTD/SALARY MAY25,0.0,177479.0,349673.0
2025-06-01,UPI/P2P/410007586402/LAKSHMI/maid salary,3700.0,0.0,345973.0
2025-06-01,UPI/P2M/410007602240/BLINKIT,805.0,0.0,345168.0
2025-06-01,UPI/P2M/410007657673/SWIGGY,577.0,0.0,344591.0
2025-06-02,IMPS/410007578483/TO FATHER/monthly support,7400.0,0.0,337191.0
2025-06-02,UPI/P2M/410007618078/ZEPTO,1822.0,0.0,335369.0
2025-06-02,UPI/P2M/410007713106/RAPIDO,248.0,0.0,335121.0
2025-06-03,UPI/P2P/410007570564/SUNITA REDDY/Rent,25200.0,0.0,309921.0
2025-06-03,CC BILL PAYMENT/HDFC CC XX4321,19014.0,0.0,290907.0
2025-06-04,UPI/P2M/410007705187/OLA CABS,293.0,0.0,290614.0
2025-06-05,NACH/ACT FIBERNET/BROADBAND,1178.0,0.0,289436.0
2025-06-05,NACH/HDFC BANK/CAR LOAN EMI/CAR-01,13493.0,0.0,275943.0
2025-06-06,UPI/P2M/410007594321/AIRTEL PREPAID,349.0,0.0,275594.0
2025-06-07,NACH/BSE STAR MF/NIFTY 50 INDEX FUND SIP,18200.0,0.0,257394.0
2025-06-07,NACH/BSE STAR MF/SHORT TERM DEBT FUND SIP,3000.0,0.0,254394.0
2025-06-09,UPI/P2M/410007673511/SWIGGY,182.0,0.0,254212.0
2025-06-10,NACH/HDFC LIFE/TERM PREMIUM,11800.0,0.0,242412.0
2025-06-10,UPI/P2M/410007649754/ZOMATO,975.0,0.0,241437.0
2025-06-11,UPI/P2M/410007665592/SWIGGY,573.0,0.0,240864.0
2025-06-13,BBPS/TGSPDCL/ELECTRICITY BILL,3367.0,0.0,237497.0
2025-06-13,UPI/P2M/410007610159/ZEPTO,1263.0,0.0,236234.0
2025-06-13,UPI/P2M/410007681430/ZOMATO,287.0,0.0,235947.0
2025-06-15,UPI/P2M/410007697268/OLA CABS,811.0,0.0,235136.0
2025-06-18,UPI/P2M/410007633916/ZEPTO,1711.0,0.0,233425.0
2025-06-21,ATM WDL/410007728944/HITECH CITY,2500.0,0.0,230925.0
2025-06-25,UPI/P2M/410007641835/SWIGGY,691.0,0.0,230234.0
2025-06-26,UPI/P2M/410007689349/RAPIDO,399.0,0.0,229835.0
2025-06-27,UPI/P2M/410007721025/APOLLO PHARMACY,653.0,0.0,229182.0
2025-06-28,UPI/P2M/410007625997/ZEPTO,1043.0,0.0,228139.0
2025-06-29,NEFT/VERTEXA TECHNOLOGIES PVT LTD/SALARY JUN25,0.0,177479.0,405618.0
2025-07-01,UPI/P2P/410007752701/LAKSHMI/maid salary,3700.0,0.0,401918.0
2025-07-02,IMPS/410007744782/TO FATHER/monthly support,7500.0,0.0,394418.0
2025-07-03,UPI/P2P/410007736863/SUNITA REDDY/Rent,25200.0,0.0,369218.0
2025-07-03,UPI/P2M/410007871486/APOLLO PHARMACY,1006.0,0.0,368212.0
2025-07-03,CC BILL PAYMENT/HDFC CC XX4321,82828.0,0.0,285384.0
2025-07-05,NACH/ACT FIBERNET/BROADBAND,1178.0,0.0,284206.0
2025-07-05,NACH/HDFC BANK/CAR LOAN EMI/CAR-01,13493.0,0.0,270713.0
2025-07-07,NACH/BSE STAR MF/NIFTY 50 INDEX FUND SIP,18200.0,0.0,252513.0
2025-07-07,NACH/BSE STAR MF/SHORT TERM DEBT FUND SIP,3000.0,0.0,249513.0
2025-07-09,UPI/P2M/410007760620/AIRTEL PREPAID,349.0,0.0,249164.0
2025-07-10,UPI/P2M/410007800215/BLINKIT,1079.0,0.0,248085.0
2025-07-11,UPI/P2M/410007776458/BIGBASKET,2385.0,0.0,245700.0
2025-07-12,BBPS/TGSPDCL/ELECTRICITY BILL,2049.0,0.0,243651.0
2025-07-13,ATM WDL/410007879405/HITECH CITY,2500.0,0.0,241151.0
2025-07-14,UPI/P2M/410007784377/BLINKIT,2081.0,0.0,239070.0
2025-07-14,UPI/P2M/410007808134/BIGBASKET,2058.0,0.0,237012.0
2025-07-15,UPI/P2M/410007792296/BLINKIT,486.0,0.0,236526.0
2025-07-17,UPI/P2M/410007863567/OLA CABS,509.0,0.0,236017.0
2025-07-18,UPI/P2M/410007855648/RAPIDO,269.0,0.0,235748.0
2025-07-22,UPI/P2M/410007839810/SWIGGY,2649.0,0.0,233099.0
2025-07-23,UPI/P2M/410007823972/SWIGGY,1014.0,0.0,232085.0
2025-07-23,UPI/P2M/410007831891/SWIGGY,692.0,0.0,231393.0
2025-07-24,UPI/P2M/410007816053/SWIGGY,530.0,0.0,230863.0
2025-07-24,UPI/P2M/410007847729/RAPIDO,680.0,0.0,230183.0
2025-07-25,UPI/P2M/410007768539/ZEPTO,2403.0,0.0,227780.0
2025-07-30,NEFT/VERTEXA TECHNOLOGIES PVT LTD/SALARY JUL25,0.0,177479.0,405259.0
2025-08-01,UPI/P2P/410007903162/LAKSHMI/maid salary,3800.0,0.0,401459.0
2025-08-01,ATM WDL/410008077380/HITECH CITY,3000.0,0.0,398459.0
2025-08-02,IMPS/410007895243/TO FATHER/monthly support,7500.0,0.0,390959.0
2025-08-02,UPI/P2M/410008006109/SWIGGY,221.0,0.0,390738.0
2025-08-03,UPI/P2P/410007887324/SUNITA REDDY/Rent,25200.0,0.0,365538.0
2025-08-03,UPI/P2M/410007982352/ZOMATO,471.0,0.0,365067.0
2025-08-03,CC BILL PAYMENT/HDFC CC XX4321,18884.0,0.0,346183.0
2025-08-05,NACH/ACT FIBERNET/BROADBAND,1178.0,0.0,345005.0
2025-08-05,NACH/HDFC BANK/CAR LOAN EMI/CAR-01,13493.0,0.0,331512.0
2025-08-05,UPI/P2M/410007919000/BIGBASKET,785.0,0.0,330727.0
2025-08-07,UPI/P2M/410007911081/AIRTEL PREPAID,349.0,0.0,330378.0
2025-08-07,UPI/P2M/410007926919/BLINKIT,1815.0,0.0,328563.0
2025-08-07,UPI/P2M/410007942757/BLINKIT,2918.0,0.0,325645.0
2025-08-07,NACH/BSE STAR MF/NIFTY 50 INDEX FUND SIP,18200.0,0.0,307445.0
2025-08-07,NACH/BSE STAR MF/SHORT TERM DEBT FUND SIP,3000.0,0.0,304445.0
2025-08-08,UPI/P2M/410007974433/ZOMATO,961.0,0.0,303484.0
2025-08-08,UPI/P2M/410008014028/ZOMATO,422.0,0.0,303062.0
2025-08-09,UPI/P2M/410007958595/ZEPTO,615.0,0.0,302447.0
2025-08-10,UPI/P2M/410008021947/SWIGGY,700.0,0.0,301747.0
2025-08-12,UPI/P2M/410008053623/UBER INDIA,132.0,0.0,301615.0
2025-08-13,BBPS/TGSPDCL/ELECTRICITY BILL,1974.0,0.0,299641.0
2025-08-14,UPI/P2M/410008061542/UBER INDIA,255.0,0.0,299386.0
2025-08-15,UPI/P2M/410007950676/BLINKIT,1220.0,0.0,298166.0
2025-08-15,UPI/P2M/410007990271/ZOMATO,601.0,0.0,297565.0
2025-08-19,UPI/P2M/410008037785/UBER INDIA,480.0,0.0,297085.0
2025-08-20,UPI/P2M/410007966514/ZEPTO,885.0,0.0,296200.0
2025-08-22,UPI/P2M/410007998190/ZOMATO,680.0,0.0,295520.0
2025-08-22,UPI/P2M/410008045704/HYD METRO RAIL,544.0,0.0,294976.0
2025-08-23,UPI/P2M/410008069461/APOLLO PHARMACY,705.0,0.0,294271.0
2025-08-25,ACH/OFFICE REIT/DISTRIBUTION,0.0,1199.0,295470.0
2025-08-27,UPI/P2M/410007934838/BIGBASKET,1337.0,0.0,294133.0
2025-08-28,UPI/P2M/410008029866/ZOMATO,1157.0,0.0,292976.0
2025-08-30,NEFT/VERTEXA TECHNOLOGIES PVT LTD/SALARY AUG25,0.0,177479.0,470455.0
2025-09-01,UPI/P2P/410008101137/LAKSHMI/maid salary,3800.0,0.0,466655.0
2025-09-02,IMPS/410008093218/TO FATHER/monthly support,7500.0,0.0,459155.0
2025-09-03,UPI/P2P/410008085299/SUNITA REDDY/Rent,25200.0,0.0,433955.0
2025-09-03,CC BILL PAYMENT/HDFC CC XX4321,17087.0,0.0,416868.0
2025-09-05,NACH/ACT FIBERNET/BROADBAND,1178.0,0.0,415690.0
2025-09-05,NACH/HDFC BANK/CAR LOAN EMI/CAR-01,13493.0,0.0,402197.0
2025-09-07,UPI/P2M/410008109056/AIRTEL PREPAID,349.0,0.0,401848.0
2025-09-07,UPI/P2M/410008132813/BIGBASKET,818.0,0.0,401030.0
2025-09-07,NACH/BSE STAR MF/NIFTY 50 INDEX FUND SIP,18200.0,0.0,382830.0
2025-09-07,NACH/BSE STAR MF/SHORT TERM DEBT FUND SIP,3000.0,0.0,379830.0
2025-09-08,UPI/P2M/410008116975/BIGBASKET,2172.0,0.0,377658.0
2025-09-08,UPI/P2M/410008219922/HYD METRO RAIL,1229.0,0.0,376429.0
2025-09-10,UPI/P2M/410008124894/BIGBASKET,2144.0,0.0,374285.0
2025-09-10,UPI/P2M/410008172408/ZOMATO,1223.0,0.0,373062.0
2025-09-12,BBPS/TGSPDCL/ELECTRICITY BILL,2120.0,0.0,370942.0
2025-09-12,UPI/P2M/410008180327/ZOMATO,600.0,0.0,370342.0
2025-09-12,UPI/P2M/410008212003/HYD METRO RAIL,159.0,0.0,370183.0
2025-09-13,UPI/P2M/410008140732/ZEPTO,423.0,0.0,369760.0
2025-09-17,UPI/P2M/410008196165/ZOMATO,856.0,0.0,368904.0
2025-09-19,UPI/P2M/410008148651/BIGBASKET,1696.0,0.0,367208.0
2025-09-20,UPI/P2M/410008164489/ZEPTO,1463.0,0.0,365745.0
2025-09-21,UPI/P2M/410008156570/BIGBASKET,1384.0,0.0,364361.0
2025-09-21,UPI/P2M/410008227841/APOLLO PHARMACY,584.0,0.0,363777.0
2025-09-25,UPI/P2M/410008204084/HYD METRO RAIL,366.0,0.0,363411.0
2025-09-26,UPI/P2M/410008188246/ZOMATO,876.0,0.0,362535.0
2025-09-28,ATM WDL/410008235760/HITECH CITY,3000.0,0.0,359535.0
2025-09-29,NEFT/VERTEXA TECHNOLOGIES PVT LTD/SALARY SEP25,0.0,177479.0,537014.0
2025-10-01,UPI/P2P/410008259517/LAKSHMI/maid salary,3800.0,0.0,533214.0
2025-10-02,IMPS/410008251598/TO FATHER/monthly support,7600.0,0.0,525614.0
2025-10-03,UPI/P2P/410008243679/SUNITA REDDY/Rent,25200.0,0.0,500414.0
2025-10-03,CC BILL PAYMENT/HDFC CC XX4321,29287.0,0.0,471127.0
2025-10-05,NACH/ACT FIBERNET/BROADBAND,1178.0,0.0,469949.0
2025-10-05,NACH/HDFC BANK/CAR LOAN EMI/CAR-01,13493.0,0.0,456456.0
2025-10-07,UPI/P2M/410008346626/HYD METRO RAIL,183.0,0.0,456273.0
2025-10-07,NACH/BSE STAR MF/NIFTY 50 INDEX FUND SIP,18200.0,0.0,438073.0
2025-10-07,NACH/BSE STAR MF/SHORT TERM DEBT FUND SIP,3000.0,0.0,435073.0
2025-10-08,UPI/P2M/410008354545/UBER INDIA,641.0,0.0,434432.0
2025-10-09,UPI/P2M/410008267436/AIRTEL PREPAID,349.0,0.0,434083.0
2025-10-09,UPI/P2M/410008283274/BIGBASKET,1672.0,0.0,432411.0
2025-10-09,UPI/P2M/410008322869/SWIGGY,558.0,0.0,431853.0
2025-10-11,UPI/P2M/410008291193/ZEPTO,395.0,0.0,431458.0
2025-10-13,BBPS/TGSPDCL/ELECTRICITY BILL,1778.0,0.0,429680.0
2025-10-13,UPI/P2M/410008307031/ZEPTO,971.0,0.0,428709.0
2025-10-15,UPI/P2M/410008299112/BLINKIT,1858.0,0.0,426851.0
2025-10-19,UPI/P2M/410008314950/ZOMATO,447.0,0.0,426404.0
2025-10-19,UPI/P2M/410008338707/SWIGGY,1139.0,0.0,425265.0
2025-10-23,UPI/P2M/410008362464/UBER INDIA,418.0,0.0,424847.0
2025-10-24,UPI/P2M/410008330788/SWIGGY,977.0,0.0,423870.0
2025-10-25,UPI/P2M/410008378302/APOLLO PHARMACY,597.0,0.0,423273.0
2025-10-25,ATM WDL/410008386221/HITECH CITY,2000.0,0.0,421273.0
2025-10-25,UPI/P2M/410008394140/TANISHQ / DIWALI GIFTS,14745.0,0.0,406528.0
2025-10-28,UPI/P2M/410008275355/BLINKIT,1193.0,0.0,405335.0
2025-10-28,UPI/P2M/410008370383/HYD METRO RAIL,184.0,0.0,405151.0
2025-10-30,NEFT/VERTEXA TECHNOLOGIES PVT LTD/SALARY OCT25,0.0,177479.0,582630.0
2025-11-01,UPI/P2P/410008417897/LAKSHMI/maid salary,3800.0,0.0,578830.0
2025-11-01,UPI/P2M/410008433735/ZEPTO,1293.0,0.0,577537.0
2025-11-01,UPI/P2M/410008552520/APOLLO PHARMACY,477.0,0.0,577060.0
2025-11-02,IMPS/410008409978/TO FATHER/monthly support,7600.0,0.0,569460.0
2025-11-02,UPI/P2M/410008481249/SWIGGY,1924.0,0.0,567536.0
2025-11-03,UPI/P2P/410008402059/SUNITA REDDY/Rent,25200.0,0.0,542336.0
2025-11-03,CC BILL PAYMENT/HDFC CC XX4321,30641.0,0.0,511695.0
2025-11-04,UPI/P2M/410008497087/RAPIDO,221.0,0.0,511474.0
2025-11-04,UPI/P2M/410008520844/RAPIDO,289.0,0.0,511185.0
2025-11-05,NACH/ACT FIBERNET/BROADBAND,1178.0,0.0,510007.0
2025-11-05,NACH/HDFC BANK/CAR LOAN EMI/CAR-01,13493.0,0.0,496514.0
2025-11-05,UPI/P2M/410008465411/ZOMATO,1105.0,0.0,495409.0
2025-11-06,UPI/P2M/410008425816/AIRTEL PREPAID,349.0,0.0,495060.0
2025-11-07,NACH/BSE STAR MF/NIFTY 50 INDEX FUND SIP,18200.0,0.0,476860.0
2025-11-07,NACH/BSE STAR MF/SHORT TERM DEBT FUND SIP,3000.0,0.0,473860.0
2025-11-08,UPI/P2M/410008489168/ZOMATO,393.0,0.0,473467.0
2025-11-10,BSE STAR MF/NIFTY 50 INDEX FUND LUMPSUM,230000.0,0.0,243467.0
2025-11-12,BBPS/TGSPDCL/ELECTRICITY BILL,1867.0,0.0,241600.0
2025-11-12,UPI/P2M/410008473330/SWIGGY,589.0,0.0,241011.0
2025-11-14,UPI/P2M/410008449573/ZOMATO,663.0,0.0,240348.0
2025-11-16,NEFT/ZERODHA BROKING/FUNDS ADDED,35155.0,0.0,205193.0
2025-11-17,UPI/P2M/410008505006/HYD METRO RAIL,288.0,0.0,204905.0
2025-11-18,UPI/P2M/410008536682/UBER INDIA,123.0,0.0,204782.0
2025-11-20,UPI/P2M/410008544601/OLA CABS,194.0,0.0,204588.0
2025-11-21,UPI/P2M/410008512925/RAPIDO,347.0,0.0,204241.0
2025-11-22,UPI/P2M/410008528763/OLA CABS,347.0,0.0,203894.0
2025-11-23,UPI/P2M/410008441654/BIGBASKET,5887.0,0.0,198007.0
2025-11-24,UPI/P2M/410008568358/TANISHQ / DIWALI GIFTS,13880.0,0.0,184127.0
2025-11-25,ACH/OFFICE REIT/DISTRIBUTION,0.0,1266.0,185393.0
2025-11-26,UPI/P2M/410008457492/SWIGGY,742.0,0.0,184651.0
2025-11-26,ATM WDL/410008560439/HITECH CITY,3000.0,0.0,181651.0
2025-11-29,NEFT/VERTEXA TECHNOLOGIES PVT LTD/SALARY NOV25,0.0,177479.0,359130.0
2025-12-01,UPI/P2P/410008592115/LAKSHMI/maid salary,3800.0,0.0,355330.0
2025-12-01,UPI/P2M/410008671305/HYD METRO RAIL,449.0,0.0,354881.0
2025-12-02,IMPS/410008584196/TO FATHER/monthly support,7600.0,0.0,347281.0
2025-12-03,UPI/P2P/410008576277/SUNITA REDDY/Rent,25200.0,0.0,322081.0
2025-12-03,UPI/P2M/410008647548/ZOMATO,576.0,0.0,321505.0
2025-12-03,UPI/P2M/410008695062/HYD METRO RAIL,368.0,0.0,321137.0
2025-12-03,CC BILL PAYMENT/HDFC CC XX4321,28248.0,0.0,292889.0
2025-12-05,NACH/ACT FIBERNET/BROADBAND,1178.0,0.0,291711.0
2025-12-05,NACH/HDFC BANK/CAR LOAN EMI/CAR-01,13493.0,0.0,278218.0
2025-12-07,UPI/P2M/410008600034/AIRTEL PREPAID,349.0,0.0,277869.0
2025-12-07,NACH/BSE STAR MF/NIFTY 50 INDEX FUND SIP,18200.0,0.0,259669.0
2025-12-07,NACH/BSE STAR MF/SHORT TERM DEBT FUND SIP,3000.0,0.0,256669.0
2025-12-09,UPI/P2M/410008655467/HYD METRO RAIL,141.0,0.0,256528.0
2025-12-09,UPI/P2M/410008702981/HYD METRO RAIL,255.0,0.0,256273.0
2025-12-10,BBPS/TGSPDCL/ELECTRICITY BILL,2187.0,0.0,254086.0
2025-12-10,UPI/P2M/410008710900/APOLLO PHARMACY,433.0,0.0,253653.0
2025-12-12,UPI/P2M/410008663386/RAPIDO,124.0,0.0,253529.0
2025-12-12,UPI/P2M/410008687143/UBER INDIA,355.0,0.0,253174.0
2025-12-16,UPI/P2M/410008639629/SWIGGY,1096.0,0.0,252078.0
2025-12-17,UPI/P2M/410008623791/BIGBASKET,860.0,0.0,251218.0
2025-12-19,UPI/P2M/410008615872/ZEPTO,947.0,0.0,250271.0
2025-12-21,ATM WDL/410008718819/HITECH CITY,2500.0,0.0,247771.0
2025-12-24,UPI/P2M/410008631710/SWIGGY,601.0,0.0,247170.0
2025-12-25,UPI/P2M/410008607953/BIGBASKET,1580.0,0.0,245590.0
2025-12-25,UPI/P2M/410008679224/UBER INDIA,60.0,0.0,245530.0
2025-12-30,NEFT/VERTEXA TECHNOLOGIES PVT LTD/SALARY DEC25,0.0,177479.0,423009.0
2026-01-01,UPI/P2P/410008742576/LAKSHMI/maid salary,3800.0,0.0,419209.0
2026-01-01,UPI/P2M/410008790090/ZEPTO,554.0,0.0,418655.0
2026-01-02,IMPS/410008734657/TO FATHER/monthly support,7700.0,0.0,410955.0
2026-01-02,UPI/P2M/410008861361/OLA CABS,338.0,0.0,410617.0
2026-01-02,UPI/P2M/410008869280/APOLLO PHARMACY,1143.0,0.0,409474.0
2026-01-02,ATM WDL/410008877199/HITECH CITY,2500.0,0.0,406974.0
2026-01-03,UPI/P2P/410008726738/SUNITA REDDY/Rent,25200.0,0.0,381774.0
2026-01-03,UPI/P2M/410008782171/ZEPTO,439.0,0.0,381335.0
2026-01-03,CC BILL PAYMENT/HDFC CC XX4321,30090.0,0.0,351245.0
2026-01-05,NACH/ACT FIBERNET/BROADBAND,1178.0,0.0,350067.0
2026-01-05,NACH/HDFC BANK/CAR LOAN EMI/CAR-01,13493.0,0.0,336574.0
2026-01-06,UPI/P2M/410008758414/BIGBASKET,739.0,0.0,335835.0
2026-01-07,UPI/P2M/410008750495/AIRTEL PREPAID,349.0,0.0,335486.0
2026-01-07,UPI/P2M/410008829685/ZOMATO,466.0,0.0,335020.0
2026-01-07,NACH/BSE STAR MF/NIFTY 50 INDEX FUND SIP,18200.0,0.0,316820.0
2026-01-07,NACH/BSE STAR MF/SHORT TERM DEBT FUND SIP,3000.0,0.0,313820.0
2026-01-08,UPI/P2M/410008821766/SWIGGY,1447.0,0.0,312373.0
2026-01-10,BBPS/TGSPDCL/ELECTRICITY BILL,1974.0,0.0,310399.0
2026-01-10,UPI/P2M/410008774252/BLINKIT,1174.0,0.0,309225.0
2026-01-10,UPI/P2M/410008798009/ZOMATO,1110.0,0.0,308115.0
2026-01-12,UPI/P2M/410008813847/SWIGGY,829.0,0.0,307286.0
2026-01-16,UPI/P2M/410008837604/UBER INDIA,291.0,0.0,306995.0
2026-01-17,UPI/P2M/410008845523/HYD METRO RAIL,345.0,0.0,306650.0
2026-01-22,UPI/P2M/410008853442/UBER INDIA,293.0,0.0,306357.0
2026-01-24,UPI/P2M/410008766333/BIGBASKET,1450.0,0.0,304907.0
2026-01-26,UPI/P2M/410008805928/ZOMATO,429.0,0.0,304478.0
2026-01-30,NEFT/VERTEXA TECHNOLOGIES PVT LTD/SALARY JAN26,0.0,177479.0,481957.0
2026-02-01,UPI/P2P/410008900956/LAKSHMI/maid salary,3900.0,0.0,478057.0
2026-02-02,IMPS/410008893037/TO FATHER/monthly support,7700.0,0.0,470357.0
2026-02-02,UPI/P2M/410008948470/ZOMATO,821.0,0.0,469536.0
2026-02-02,UPI/P2M/410008988065/ZOMATO,1085.0,0.0,468451.0
2026-02-03,UPI/P2P/410008885118/SUNITA REDDY/Rent,25200.0,0.0,443251.0
2026-02-03,UPI/P2M/410008932632/BIGBASKET,2447.0,0.0,440804.0
2026-02-03,CC BILL PAYMENT/HDFC CC XX4321,41636.0,0.0,399168.0
2026-02-04,UPI/P2M/410009035579/UBER INDIA,281.0,0.0,398887.0
2026-02-05,NACH/ACT FIBERNET/BROADBAND,1178.0,0.0,397709.0
2026-02-05,NACH/HDFC BANK/CAR LOAN EMI/CAR-01,13493.0,0.0,384216.0
2026-02-05,UPI/P2M/410008980146/ZOMATO,1296.0,0.0,382920.0
2026-02-07,NACH/BSE STAR MF/NIFTY 50 INDEX FUND SIP,18200.0,0.0,364720.0
2026-02-07,NACH/BSE STAR MF/SHORT TERM DEBT FUND SIP,3000.0,0.0,361720.0
2026-02-09,UPI/P2M/410008908875/AIRTEL PREPAID,349.0,0.0,361371.0
2026-02-11,UPI/P2M/410008916794/BIGBASKET,1157.0,0.0,360214.0
2026-02-12,UPI/P2M/410009027660/OLA CABS,436.0,0.0,359778.0
2026-02-13,UPI/P2M/410009019741/RAPIDO,191.0,0.0,359587.0
2026-02-14,BBPS/TGSPDCL/ELECTRICITY BILL,1925.0,0.0,357662.0
2026-02-14,UPI/P2M/410008972227/SWIGGY,776.0,0.0,356886.0
2026-02-14,UPI/P2M/410008995984/UBER INDIA,264.0,0.0,356622.0
2026-02-16,UPI/P2M/410008940551/SWIGGY,1245.0,0.0,355377.0
2026-02-16,ATM WDL/410009051417/HITECH CITY,2500.0,0.0,352877.0
2026-02-19,UPI/P2M/410008964308/SWIGGY,1449.0,0.0,351428.0
2026-02-21,UPI/P2M/410008956389/SWIGGY,204.0,0.0,351224.0
2026-02-25,ACH/OFFICE REIT/DISTRIBUTION,0.0,1798.0,353022.0
2026-02-26,UPI/P2M/410008924713/ZEPTO,2623.0,0.0,350399.0
2026-02-26,UPI/P2M/410009003903/OLA CABS,293.0,0.0,350106.0
2026-02-26,UPI/P2M/410009011822/HYD METRO RAIL,240.0,0.0,349866.0
2026-02-27,NEFT/VERTEXA TECHNOLOGIES PVT LTD/SALARY FEB26,0.0,177479.0,527345.0
2026-02-27,UPI/P2M/410009043498/APOLLO PHARMACY,490.0,0.0,526855.0
2026-03-01,UPI/P2P/410009075174/LAKSHMI/maid salary,3900.0,0.0,522955.0
2026-03-02,IMPS/410009067255/TO FATHER/monthly support,7800.0,0.0,515155.0
2026-03-02,UPI/P2M/410009162283/SWIGGY,571.0,0.0,514584.0
2026-03-03,UPI/P2P/410009059336/SUNITA REDDY/Rent,26500.0,0.0,488084.0
2026-03-03,CC BILL PAYMENT/HDFC CC XX4321,110502.0,0.0,377582.0
2026-03-05,NACH/ACT FIBERNET/BROADBAND,1178.0,0.0,376404.0
2026-03-05,NACH/HDFC BANK/CAR LOAN EMI/CAR-01,13493.0,0.0,362911.0
2026-03-05,UPI/P2M/410009146445/SWIGGY,266.0,0.0,362645.0
2026-03-06,UPI/P2M/410009138526/ZOMATO,670.0,0.0,361975.0
2026-03-07,UPI/P2M/410009083093/AIRTEL PREPAID,349.0,0.0,361626.0
2026-03-07,UPI/P2M/410009106850/ZEPTO,1920.0,0.0,359706.0
2026-03-07,NACH/BSE STAR MF/NIFTY 50 INDEX FUND SIP,18200.0,0.0,341506.0
2026-03-07,NACH/BSE STAR MF/SHORT TERM DEBT FUND SIP,3000.0,0.0,338506.0
2026-03-08,UPI/P2M/410009209797/APOLLO PHARMACY,998.0,0.0,337508.0
2026-03-10,UPI/P2M/410009114769/BIGBASKET,1312.0,0.0,336196.0
2026-03-11,BBPS/TGSPDCL/ELECTRICITY BILL,1652.0,0.0,334544.0
2026-03-11,UPI/P2M/410009178121/OLA CABS,683.0,0.0,333861.0
2026-03-13,UPI/P2M/410009098931/BIGBASKET,1530.0,0.0,332331.0
2026-03-13,UPI/P2M/410009130607/SWIGGY,1447.0,0.0,330884.0
2026-03-13,ATM WDL/410009217716/HITECH CITY,3000.0,0.0,327884.0
2026-03-16,UPI/P2M/410009122688/SWIGGY,516.0,0.0,327368.0
2026-03-17,UPI/P2M/410009091012/BIGBASKET,2521.0,0.0,324847.0
2026-03-21,NEFT/ICICI LOMBARD/MOTOR INSURANCE,15674.0,0.0,309173.0
2026-03-21,UPI/P2M/410009201878/HYD METRO RAIL,335.0,0.0,308838.0
2026-03-23,UPI/P2M/410009186040/OLA CABS,421.0,0.0,308417.0
2026-03-25,UPI/P2M/410009154364/SWIGGY,708.0,0.0,307709.0
2026-03-27,UPI/P2M/410009170202/ZOMATO,841.0,0.0,306868.0
2026-03-27,UPI/P2M/410009193959/HYD METRO RAIL,238.0,0.0,306630.0
2026-03-30,NEFT/VERTEXA TECHNOLOGIES PVT LTD/SALARY MAR26,0.0,177479.0,484109.0
2026-04-01,UPI/P2P/410009241473/LAKSHMI/maid salary,3900.0,0.0,480209.0
2026-04-01,UPI/P2M/410009304825/ZOMATO,2780.0,0.0,477429.0
2026-04-02,IMPS/410009233554/TO FATHER/monthly support,7800.0,0.0,469629.0
2026-04-03,UPI/P2P/410009225635/SUNITA REDDY/Rent,26500.0,0.0,443129.0
2026-04-03,CC BILL PAYMENT/HDFC CC XX4321,18896.0,0.0,424233.0
2026-04-04,UPI/P2M/410009273149/BLINKIT,2013.0,0.0,422220.0
2026-04-04,TRF TO PPF A/C 3021XXXX88,90000.0,0.0,332220.0
2026-04-05,NACH/ACT FIBERNET/BROADBAND,1178.0,0.0,331042.0
2026-04-05,NACH/HDFC BANK/CAR LOAN EMI/CAR-01,13493.0,0.0,317549.0
2026-04-06,UPI/P2M/410009249392/AIRTEL PREPAID,349.0,0.0,317200.0
2026-04-07,NACH/BSE STAR MF/NIFTY 50 INDEX FUND SIP,20000.0,0.0,297200.0
2026-04-07,NACH/BSE STAR MF/SHORT TERM DEBT FUND SIP,3000.0,0.0,294200.0
2026-04-09,UPI/P2M/410009281068/BLINKIT,1720.0,0.0,292480.0
2026-04-11,UPI/P2M/410009320663/UBER INDIA,102.0,0.0,292378.0
2026-04-12,BBPS/TGSPDCL/ELECTRICITY BILL,4335.0,0.0,288043.0
2026-04-13,UPI/P2M/410009296906/ZOMATO,721.0,0.0,287322.0
2026-04-15,NEFT/VERTEXA TECHNOLOGIES PVT LTD/PERF BONUS FY25,0.0,164269.0,451591.0
2026-04-15,UPI/P2M/410009344420/UBER INDIA,579.0,0.0,451012.0
2026-04-16,UPI/P2M/410009336501/UBER INDIA,248.0,0.0,450764.0
2026-04-19,UPI/P2M/410009352339/UBER INDIA,182.0,0.0,450582.0
2026-04-20,UPI/P2M/410009257311/ZEPTO,2213.0,0.0,448369.0
2026-04-22,UPI/P2M/410009368177/RAPIDO,143.0,0.0,448226.0
2026-04-23,UPI/P2M/410009265230/BLINKIT,1197.0,0.0,447029.0
2026-04-23,UPI/P2M/410009288987/ZOMATO,675.0,0.0,446354.0
2026-04-23,UPI/P2M/410009376096/APOLLO PHARMACY,483.0,0.0,445871.0
2026-04-24,UPI/P2M/410009328582/UBER INDIA,68.0,0.0,445803.0
2026-04-24,ATM WDL/410009384015/HITECH CITY,2000.0,0.0,443803.0
2026-04-26,UPI/P2M/410009312744/ZOMATO,285.0,0.0,443518.0
2026-04-26,UPI/P2M/410009360258/UBER INDIA,367.0,0.0,443151.0
2026-04-29,NEFT/VERTEXA TECHNOLOGIES PVT LTD/SALARY APR26,0.0,190019.0,633170.0
2026-05-01,UPI/P2P/410009407772/LAKSHMI/maid salary,3900.0,0.0,629270.0
2026-05-01,UPI/P2M/410009471124/ZOMATO,443.0,0.0,628827.0
2026-05-01,UPI/P2M/410009542395/RAPIDO,156.0,0.0,628671.0
2026-05-02,IMPS/410009399853/TO FATHER/monthly support,7800.0,0.0,620871.0
2026-05-03,UPI/P2P/410009391934/SUNITA REDDY/Rent,26500.0,0.0,594371.0
2026-05-03,CC BILL PAYMENT/HDFC CC XX4321,20138.0,0.0,574233.0
2026-05-05,NACH/ACT FIBERNET/BROADBAND,1178.0,0.0,573055.0
2026-05-05,NACH/HDFC BANK/CAR LOAN EMI/CAR-01,13493.0,0.0,559562.0
2026-05-06,UPI/P2M/410009415691/AIRTEL PREPAID,349.0,0.0,559213.0
2026-05-06,UPI/P2M/410009431529/ZEPTO,4997.0,0.0,554216.0
2026-05-06,ATM WDL/410009581990/HITECH CITY,2000.0,0.0,552216.0
2026-05-07,UPI/P2M/410009526557/OLA CABS,181.0,0.0,552035.0
2026-05-07,UPI/P2M/410009558233/RAPIDO,404.0,0.0,551631.0
2026-05-07,NACH/BSE STAR MF/NIFTY 50 INDEX FUND SIP,20000.0,0.0,531631.0
2026-05-07,NACH/BSE STAR MF/SHORT TERM DEBT FUND SIP,3000.0,0.0,528631.0
2026-05-08,UPI/P2M/410009439448/BLINKIT,1657.0,0.0,526974.0
2026-05-08,UPI/P2M/410009502800/SWIGGY,955.0,0.0,526019.0
2026-05-09,UPI/P2M/410009486962/SWIGGY,475.0,0.0,525544.0
2026-05-10,UPI/P2M/410009566152/UBER INDIA,208.0,0.0,525336.0
2026-05-10,BSE STAR MF/NIFTY 50 INDEX FUND LUMPSUM,330000.0,0.0,195336.0
2026-05-11,UPI/P2M/410009510719/ZOMATO,664.0,0.0,194672.0
2026-05-12,UPI/P2M/410009447367/ZOMATO,426.0,0.0,194246.0
2026-05-13,BBPS/TGSPDCL/ELECTRICITY BILL,3995.0,0.0,190251.0
2026-05-13,UPI/P2M/410009494881/ZOMATO,836.0,0.0,189415.0
2026-05-16,UPI/P2M/410009518638/RAPIDO,60.0,0.0,189355.0
2026-05-19,UPI/P2M/410009479043/SWIGGY,595.0,0.0,188760.0
2026-05-22,UPI/P2M/410009463205/ZOMATO,232.0,0.0,188528.0
2026-05-22,UPI/P2M/410009550314/RAPIDO,60.0,0.0,188468.0
2026-05-23,UPI/P2M/410009574071/APOLLO PHARMACY,1158.0,0.0,187310.0
2026-05-24,UPI/P2M/410009534476/HYD METRO RAIL,361.0,0.0,186949.0
2026-05-25,ACH/OFFICE REIT/DISTRIBUTION,0.0,1911.0,188860.0
2026-05-27,UPI/P2M/410009423610/BLINKIT,925.0,0.0,187935.0
2026-05-28,UPI/P2M/410009455286/SWIGGY,139.0,0.0,187796.0
2026-05-30,NEFT/VERTEXA TECHNOLOGIES PVT LTD/SALARY MAY26,0.0,190019.0,377815.0
2026-06-01,UPI/P2P/410009605747/LAKSHMI/maid salary,3900.0,0.0,373915.0
2026-06-01,UPI/P2M/410009692856/HYD METRO RAIL,225.0,0.0,373690.0
2026-06-02,IMPS/410009597828/TO FATHER/monthly support,7900.0,0.0,365790.0
2026-06-02,UPI/P2M/410009716613/OLA CABS,60.0,0.0,365730.0
2026-06-03,UPI/P2P/410009589909/SUNITA REDDY/Rent,26500.0,0.0,339230.0
2026-06-03,CC BILL PAYMENT/HDFC CC XX4321,21761.0,0.0,317469.0
2026-06-05,NACH/ACT FIBERNET/BROADBAND,1178.0,0.0,316291.0
2026-06-05,NACH/HDFC BANK/CAR LOAN EMI/CAR-01,13493.0,0.0,302798.0
2026-06-05,ATM WDL/410009732451/HITECH CITY,2500.0,0.0,300298.0
2026-06-06,UPI/P2M/410009613666/AIRTEL PREPAID,349.0,0.0,299949.0
2026-06-06,UPI/P2M/410009669099/HYD METRO RAIL,105.0,0.0,299844.0
2026-06-07,NACH/BSE STAR MF/NIFTY 50 INDEX FUND SIP,20000.0,0.0,279844.0
2026-06-07,NACH/BSE STAR MF/SHORT TERM DEBT FUND SIP,3000.0,0.0,276844.0
2026-06-09,UPI/P2M/410009661180/SWIGGY,735.0,0.0,276109.0
2026-06-10,BBPS/TGSPDCL/ELECTRICITY BILL,3793.0,0.0,272316.0
2026-06-10,NACH/HDFC LIFE/TERM PREMIUM,11800.0,0.0,260516.0
2026-06-10,UPI/P2M/410009708694/HYD METRO RAIL,406.0,0.0,260110.0
2026-06-12,UPI/P2M/410009684937/RAPIDO,427.0,0.0,259683.0
2026-06-14,UPI/P2M/410009629504/BLINKIT,2410.0,0.0,257273.0
2026-06-16,UPI/P2M/410009645342/ZEPTO,3781.0,0.0,253492.0
2026-06-21,UPI/P2M/410009700775/HYD METRO RAIL,278.0,0.0,253214.0
2026-06-22,UPI/P2M/410009621585/BIGBASKET,429.0,0.0,252785.0
2026-06-23,UPI/P2M/410009653261/ZEPTO,1411.0,0.0,251374.0
2026-06-24,UPI/P2M/410009637423/BIGBASKET,2386.0,0.0,248988.0
2026-06-24,UPI/P2M/410009677018/UBER INDIA,223.0,0.0,248765.0
2026-06-28,UPI/P2M/410009724532/APOLLO PHARMACY,859.0,0.0,247906.0
2026-06-29,NEFT/VERTEXA TECHNOLOGIES PVT LTD/SALARY JUN26,0.0,190019.0,437925.0
2026-07-01,UPI/P2P/410009756208/LAKSHMI/maid salary,4000.0,0.0,433925.0
2026-07-01,UPI/P2M/410009772046/BIGBASKET,2446.0,0.0,431479.0
2026-07-02,IMPS/410009748289/TO FATHER/monthly support,7900.0,0.0,423579.0
2026-07-03,UPI/P2P/410009740370/SUNITA REDDY/Rent,26500.0,0.0,397079.0
2026-07-03,CC BILL PAYMENT/HDFC CC XX4321,23421.0,0.0,373658.0
2026-07-04,UPI/P2M/410009906669/APOLLO PHARMACY,769.0,0.0,372889.0
2026-07-04,ATM WDL/410009914588/HITECH CITY,3000.0,0.0,369889.0
2026-07-05,NACH/ACT FIBERNET/BROADBAND,1178.0,0.0,368711.0
2026-07-05,NACH/HDFC BANK/CAR LOAN EMI/CAR-01,13493.0,0.0,355218.0
2026-07-06,UPI/P2M/410009764127/AIRTEL PREPAID,349.0,0.0,354869.0
2026-07-06,UPI/P2M/410009874993/RAPIDO,221.0,0.0,354648.0
2026-07-07,NACH/BSE STAR MF/NIFTY 50 INDEX FUND SIP,20000.0,0.0,334648.0
2026-07-07,NACH/BSE STAR MF/SHORT TERM DEBT FUND SIP,3000.0,0.0,331648.0
2026-07-10,UPI/P2M/410009819560/SWIGGY,241.0,0.0,331407.0
2026-07-10,UPI/P2M/410009827479/SWIGGY,561.0,0.0,330846.0
2026-07-11,UPI/P2M/410009843317/ZOMATO,793.0,0.0,330053.0
2026-07-12,UPI/P2M/410009803722/ZOMATO,1032.0,0.0,329021.0
2026-07-14,BBPS/TGSPDCL/ELECTRICITY BILL,1704.0,0.0,327317.0
2026-07-14,UPI/P2M/410009811641/SWIGGY,680.0,0.0,326637.0
2026-07-15,UPI/P2M/410009779965/BLINKIT,2001.0,0.0,324636.0
2026-07-15,UPI/P2M/410009882912/OLA CABS,583.0,0.0,324053.0
2026-07-15,UPI/P2M/410009898750/OLA CABS,148.0,0.0,323905.0
2026-07-16,UPI/P2M/410009859155/UBER INDIA,317.0,0.0,323588.0
2026-07-21,UPI/P2M/410009795803/ZOMATO,639.0,0.0,322949.0
2026-07-22,UPI/P2M/410009890831/UBER INDIA,329.0,0.0,322620.0
2026-07-23,UPI/P2M/410009851236/ZOMATO,582.0,0.0,322038.0
2026-07-25,UPI/P2M/410009787884/BIGBASKET,1591.0,0.0,320447.0
2026-07-25,UPI/P2M/410009835398/SWIGGY,573.0,0.0,319874.0
2026-07-27,UPI/P2M/410009867074/HYD METRO RAIL,103.0,0.0,319771.0
2026-07-30,NEFT/VERTEXA TECHNOLOGIES PVT LTD/SALARY JUL26,0.0,190019.0,509790.0
2026-08-01,UPI/P2P/410009938345/LAKSHMI/maid salary,4000.0,0.0,505790.0
2026-08-02,IMPS/410009930426/TO FATHER/monthly support,8000.0,0.0,497790.0
2026-08-03,UPI/P2P/410009922507/SUNITA REDDY/Rent,26500.0,0.0,471290.0
2026-08-03,UPI/P2M/410009970021/BIGBASKET,379.0,0.0,470911.0
2026-08-03,CC BILL PAYMENT/HDFC CC XX4321,22985.0,0.0,447926.0
2026-08-04,UPI/P2M/410010088806/UBER INDIA,558.0,0.0,447368.0
2026-08-05,NACH/ACT FIBERNET/BROADBAND,1178.0,0.0,446190.0
2026-08-05,NACH/HDFC BANK/CAR LOAN EMI/CAR-01,13493.0,0.0,432697.0
2026-08-05,UPI/P2M/410009954183/BLINKIT,3224.0,0.0,429473.0
2026-08-06,UPI/P2M/410009946264/AIRTEL PREPAID,349.0,0.0,429124.0
2026-08-07,NACH/BSE STAR MF/NIFTY 50 INDEX FUND SIP,20000.0,0.0,409124.0
2026-08-07,NACH/BSE STAR MF/SHORT TERM DEBT FUND SIP,3000.0,0.0,406124.0
2026-08-08,UPI/P2M/410010017535/ZOMATO,460.0,0.0,405664.0
2026-08-09,UPI/P2M/410010057130/SWIGGY,151.0,0.0,405513.0
2026-08-10,UPI/P2M/410010096725/APOLLO PHARMACY,706.0,0.0,404807.0
2026-08-11,UPI/P2M/410010065049/RAPIDO,239.0,0.0,404568.0
2026-08-11,UPI/P2M/410010080887/RAPIDO,370.0,0.0,404198.0
2026-08-12,BBPS/TGSPDCL/ELECTRICITY BILL,2283.0,0.0,401915.0
2026-08-12,UPI/P2M/410010009616/SWIGGY,881.0,0.0,401034.0
2026-08-17,UPI/P2M/410010001697/SWIGGY,1329.0,0.0,399705.0
2026-08-17,UPI/P2M/410010025454/SWIGGY,360.0,0.0,399345.0
2026-08-18,UPI/P2M/410009985859/BLINKIT,1576.0,0.0,397769.0
2026-08-19,UPI/P2M/410010072968/RAPIDO,112.0,0.0,397657.0
2026-08-20,UPI/P2M/410009962102/BIGBASKET,1630.0,0.0,396027.0
2026-08-21,UPI/P2M/410010049211/SWIGGY,339.0,0.0,395688.0
2026-08-25,ACH/OFFICE REIT/DISTRIBUTION,0.0,1918.0,397606.0
2026-08-25,UPI/P2M/410009977940/ZEPTO,717.0,0.0,396889.0
2026-08-25,UPI/P2M/410009993778/BIGBASKET,1789.0,0.0,395100.0
2026-08-27,UPI/P2M/410010033373/SWIGGY,492.0,0.0,394608.0
2026-08-27,UPI/P2M/410010041292/ZOMATO,610.0,0.0,393998.0
2026-08-28,ATM WDL/410010104644/HITECH CITY,2500.0,0.0,391498.0
2026-08-30,NEFT/VERTEXA TECHNOLOGIES PVT LTD/SALARY AUG26,0.0,190019.0,581517.0
2026-09-01,UPI/P2P/410010128401/LAKSHMI/maid salary,4000.0,0.0,577517.0
2026-09-01,UPI/P2M/410010183834/SWIGGY,583.0,0.0,576934.0
2026-09-02,IMPS/410010120482/TO FATHER/monthly support,8000.0,0.0,568934.0
2026-09-02,UPI/P2M/410010144239/BLINKIT,1054.0,0.0,567880.0
2026-09-02,UPI/P2M/410010152158/BLINKIT,406.0,0.0,567474.0
2026-09-02,UPI/P2M/410010231348/SWIGGY,300.0,0.0,567174.0
2026-09-03,UPI/P2P/410010112563/SUNITA REDDY/Rent,26500.0,0.0,540674.0
2026-09-03,UPI/P2M/410010263024/HYD METRO RAIL,433.0,0.0,540241.0
2026-09-03,CC BILL PAYMENT/HDFC CC XX4321,22140.0,0.0,518101.0
2026-09-05,NACH/ACT FIBERNET/BROADBAND,1178.0,0.0,516923.0
2026-09-05,NACH/HDFC BANK/CAR LOAN EMI/CAR-01,13493.0,0.0,503430.0
2026-09-05,UPI/P2M/410010160077/ZEPTO,4467.0,0.0,498963.0
2026-09-05,UPI/P2M/410010278862/OLA CABS,256.0,0.0,498707.0
2026-09-06,UPI/P2M/410010207591/ZOMATO,173.0,0.0,498534.0
2026-09-06,UPI/P2M/410010302619/APOLLO PHARMACY,414.0,0.0,498120.0
2026-09-07,ATM WDL/410010310538/HITECH CITY,2500.0,0.0,495620.0
2026-09-07,NACH/BSE STAR MF/NIFTY 50 INDEX FUND SIP,20000.0,0.0,475620.0
2026-09-07,NACH/BSE STAR MF/SHORT TERM DEBT FUND SIP,3000.0,0.0,472620.0
2026-09-08,UPI/P2M/410010199672/SWIGGY,612.0,0.0,472008.0
2026-09-09,UPI/P2M/410010136320/AIRTEL PREPAID,349.0,0.0,471659.0
2026-09-14,BBPS/TGSPDCL/ELECTRICITY BILL,2067.0,0.0,469592.0
2026-09-14,UPI/P2M/410010255105/OLA CABS,189.0,0.0,469403.0
2026-09-15,UPI/P2M/410010286781/RAPIDO,207.0,0.0,469196.0
2026-09-17,UPI/P2M/410010223429/SWIGGY,729.0,0.0,468467.0
2026-09-19,UPI/P2M/410010191753/ZOMATO,1067.0,0.0,467400.0
2026-09-19,UPI/P2M/410010294700/UBER INDIA,121.0,0.0,467279.0
2026-09-20,UPI/P2M/410010247186/OLA CABS,225.0,0.0,467054.0
2026-09-21,UPI/P2M/410010175915/SWIGGY,650.0,0.0,466404.0
2026-09-21,UPI/P2M/410010270943/HYD METRO RAIL,120.0,0.0,466284.0
2026-09-22,UPI/P2M/410010167996/ZEPTO,2120.0,0.0,464164.0
2026-09-25,UPI/P2M/410010239267/ZOMATO,459.0,0.0,463705.0
2026-09-28,UPI/P2M/410010215510/SWIGGY,578.0,0.0,463127.0
2026-09-29,NEFT/VERTEXA TECHNOLOGIES PVT LTD/SALARY SEP26,0.0,190019.0,653146.0
